id,-64,-63,-62,-61,-60,-59,-58,-57,-56,-55,-54,-53,-52,-51,-50,-49,-48,-47,-46,-45,-44,-43,-42,-41,-40,-39,-38,-37,-36,-35,-34,-33,-32,-31,-30,-29,-28,-27,-26,-25,-24,-23,-22,-21,-20,-19,-18,-17,-16,-15,-14,-13,-12,-11,-10,-9,-8,-7,-6,-5,-4,-3,-2,-1,0,1,2,3,4,5,6,7,8,9,10,11,12,13,14,15,16,17,18,19,20,21,22,23,24,25,26,27,28,29,30,31,32,33,34,35,36,37,38,39,40,41,42,43,44,45,46,47,48,49,50,51,52,53,54,55,56,57,58,59,60,61,62,63,64,65,66,67,68,69,70,71,72,73,74,75,76,77,78,79,80,81,82,83,84,85,86,87,88,89,90,91,92,93,94,95,96,97,98,99,100,101,102,103,104,105,106,107,108,109,110,111,112,113,114,115,116,117,118,119,120,121,122,123,124,125,126,127,128,129,130,131,132,133,134,135,136,137,138,139,140,141,142,143,144,145,146,147,148,149,150,151,152,153,154,155,156,157,158,159,160,161,162,163,164,165,166,167,168,169,170,171,172,173,174,175,176,177,178,179,180,181,182,183,184,185,186,187,188,189,190,191,192,193,194,195,196,197,198,199,200,201,202,203,204,205,206,207,208,209,210,211,212,213,214,215,216,217,218,219,220,221,222,223,224,225,226,227,228,229,230,231,232,233,234,235,236,237,238,239,240,241,242,243,244,245,246,247,248,249,250,251,252,253,254,255,256,257,258,259,260,261,262,263,264,265,266,267,268,269,270,271,total,percent_of_total,percent_excluding_air
minecraft:air,0,0,2,3,429,5814,24443,65837,132599,219980,24340079,27269468,30388402,35501732,39654588,43632681,46213317,46084069,46944846,49425367,53014670,57402886,62139908,66879831,71947307,68097762,65290688,63524504,62848446,63232056,64590429,66756441,70268265,66727452,64520651,63311729,62773074,62975539,65360039,67578912,71749088,72119108,70142376,69046343,72470076,73137037,74653703,78854004,84638603,80182859,77924246,76439745,75869247,76218113,77373576,79506173,84158140,78257890,74106861,70200274,66567278,63177293,60510462,59086032,164262932,158655624,155732934,154047463,153149413,152797877,152880768,153391110,155243177,150681684,147849788,146329925,145319903,145040679,148390223,149540787,261811527,266298671,263996609,262137295,267348750,265792769,264478509,266149535,266875448,262303380,259843262,258072487,256930074,256200053,255657934,255120883,363916990,359090138,355617437,353044316,351368998,350495676,350225475,350357494,350824885,348701029,346977879,345384074,343973896,342804658,341926870,341444168,449144918,446324879,444980745,444224369,443761756,443555360,443707011,443861086,444736276,443699982,443127395,442896517,443087429,443353942,444223681,799575744,664780275,685757809,701033448,717779154,735932393,754768900,773748324,792778053,810400744,821135731,828895445,836699275,844251304,851976798,859411808,867177993,734700198,739248867,742662200,746299463,749684817,753382620,757024496,761198123,765406442,767960142,770060660,772514691,775047811,777908529,780963132,784379719,783325412,785332709,786934098,788716352,790602597,792660726,794875503,797380931,799915277,801511760,802789647,804227259,805773419,807539605,809501462,811722759,870734450,872149832,873213100,874361269,875541558,876857913,878269189,879812127,881323441,882347655,883095862,883869437,884621169,885395005,886157430,886985978,1235681641,1236221517,1236617012,1237033036,1237425480,1237829705,1238238380,1238672575,1239070380,1239366402,1239585396,1239812063,1240028956,1240260885,1240492166,1240745184,1851047432,1851219692,1851343646,1851475870,1851603907,1851745937,1851888670,1852046965,1852202720,1852318022,1852400308,1852484952,1852569263,1852658969,1852753851,1852857832,2580430053,2580505039,2580562521,2580618425,2580674835,2580735727,2580800119,2580869326,2580938489,2580986341,2581024812,2581062573,2581099667,2581139104,2581181249,2581222598,3358627705,3358662343,3358691188,3358717490,3358742322,3358767664,3358793995,3358821424,3358848457,3358866861,3358880975,3358895705,3358910456,3358925567,3358941184,3358957261,4166398409,4166409272,4166416789,4166424467,4166432914,4166442045,4166451525,4166461789,4166472469,4166480590,4166486856,4166493383,4166499795,4166506525,4166513098,4166519892,4986216666,4986222101,4986226515,4986230631,4986234529,4986238954,4986243767,4986249145,4986255227,4986259006,4986261830,4986264453,4986267439,4986270829,4986274680,4986278578,5809832568,5809836315,5809838834,5809841277,5809844231,5809847087,5809850146,5809853278,5809856769,5809860151,5809862746,5809865477,5809867807,5809869968,5809872290,5809875270,6634940666,6634942269,6634943205,6634944254,6634945489,6634946984,6634948743,6634950959,6634953624,6634955321,6634955819,6634956493,6634957861,6634959866,6634962216,6634964601,3035,3072,3072,3072,3072,3072,3072,3072,3072,3072,3072,3072,3072,3072,3072,3072,564735749769,86.0210972105,N/A
minecraft:deepslate,0,130818142,259101830,388075687,516932905,644964020,641990190,637533553,632492767,629913801,627035860,624035366,619897186,614373966,610679832,607246622,598624769,598192549,596733059,594275302,590784582,586461678,581744524,576769830,571319092,573817037,575268570,575744862,575241570,573904974,571759798,568768905,565355672,568326388,570195378,571178647,571256634,570573956,568880122,566079178,561187672,563284226,564338666,564768673,564433341,563660180,562132506,559464099,555827204,559402522,561293149,562364657,562615012,562180347,560897504,558655697,554368610,559858949,561900587,557786933,546317072,529510647,509731584,489833644,474045843,410153456,350431179,292674770,234218233,175543717,116791899,58171541,0,0,0,0,0,0,0,0,0,0,0,0,0,0,0,0,0,0,0,0,0,0,0,0,0,0,0,0,0,0,0,0,0,0,0,0,0,0,0,0,0,0,0,0,0,0,0,0,0,0,0,0,0,0,0,0,0,0,0,0,0,0,0,0,0,0,0,0,0,0,0,0,0,0,0,0,0,0,0,0,0,0,0,0,0,0,0,0,0,0,0,0,0,0,0,0,0,0,0,0,0,0,0,0,0,0,0,0,0,0,0,0,0,0,0,0,0,0,0,0,0,0,0,0,0,0,0,0,0,0,0,0,0,0,0,0,0,0,0,0,0,0,0,0,0,0,0,0,0,0,0,0,0,0,0,0,0,0,0,0,0,0,0,0,0,0,0,0,0,0,0,0,0,0,0,0,0,0,0,0,0,0,0,0,0,0,0,0,0,0,0,0,0,0,0,0,0,0,0,0,0,0,0,0,0,0,0,0,0,0,0,0,0,0,0,0,0,0,0,0,0,0,0,0,0,0,0,0,0,0,0,0,0,0,0,0,0,0,0,0,0,0,0,0,0,0,0,0,0,0,0,0,0,0,0,0,0,0,0,0,0,0,0,0,37454192922,5.7050589972,40.8666966156
minecraft:stone,512,512,512,512,512,512,512,511,512,512,691,526,531,518,489,444,1170,1180,1196,1192,1252,1215,1278,1217,1213,1318,1289,1276,1237,1299,1368,1326,1524,1554,1612,1541,1670,1806,1642,1659,2127,1682,1896,2251,1835,1828,1850,1766,2249,2216,2399,2562,2752,2778,2659,2448,2251,2406,2420,2753,4206,14710,37732,54138,59644,58658578,116857756,175584820,234126108,292267723,350100724,407229933,462177994,466456260,468460546,469458726,469559095,468903058,467722615,466086236,461492385,467123064,469553461,471166274,472004172,472646168,472508744,471244974,468548525,472080031,473705696,474809016,475598621,476203553,476467518,476192888,474794501,478468445,477230981,473265643,467184186,459855130,452207428,444843373,440870376,440886175,439724166,437867955,434486942,425859551,407402936,380264190,368178040,360364572,345998403,330390032,314198748,303116439,295350440,288967432,284669315,284311248,282293894,274951896,261933165,248782449,236401023,220924209,203011582,186098296,169242278,152975207,138730746,128337001,121135222,115102693,109442141,104879357,99856474,94581054,89656958,85827151,82918899,80232736,77840559,75618606,72896022,69775638,66606232,63955686,61782421,59606710,57289517,55279499,52748426,49884847,47180187,45068527,43412005,41830181,40387090,38959277,37110176,35003394,32997309,31402319,30135472,28895490,27543129,26221059,24595664,22767943,21003175,19617448,18557762,17566715,16636953,15630597,14472665,13230930,12060402,11138193,10442824,9817263,9196935,8632141,8037897,7433972,6867583,6438357,6120338,5832644,5585013,5323622,5026886,4710554,4404334,4150650,3925324,3718822,3528588,3368203,3192307,3007471,2829817,2684411,2565730,2454129,2359838,2265754,2160970,2044653,1929891,1826526,1734801,1645110,1565599,1503057,1434159,1360062,1285248,1218241,1161953,1109298,1065030,1026215,979844,929135,876481,827795,784087,743427,707041,677775,646769,615439,582728,550483,520339,492697,470961,448792,426795,404058,382430,362703,344380,327335,311875,300335,288234,274493,261074,249436,239270,229920,224292,217361,210350,202481,194351,186389,178751,170925,163595,157456,151402,145018,138594,132390,126636,120421,115917,112039,107800,103240,98615,94235,90262,86567,82440,79498,76145,72597,68865,65256,62120,59230,57195,54767,52132,49300,45846,42423,39400,37067,34841,32928,30794,28351,26011,24224,22996,21855,20557,19423,17842,16074,13998,12259,10733,9262,7529,5768,4041,2241,1140,633,309,31,0,0,0,0,0,0,0,0,0,0,0,0,0,0,0,0,28388117034,4.3241055237,30.9745979237
minecraft:water,0,0,21,48,74,133,176,212,623,9802,221848,105279,126955,157986,199308,267581,359715,431579,515816,604755,707670,834861,1010943,1276336,1708495,2087201,2611962,3214404,3829160,4401277,4923093,5393450,5858984,5668406,5559763,5428806,5474212,5670740,5305442,5778223,6518049,4221386,4259226,4369519,2248737,2305117,2425601,1625121,1762672,1844849,1889894,2134726,2422907,2701137,2982244,3318035,3707943,3802315,4205449,5034781,6552235,8977601,12410102,16817325,22254171,24462888,26560318,28117676,29294203,30335850,31469089,32956831,35582291,34033400,33947912,34079715,34894184,36083473,34538778,35941628,38327947,26025530,24848836,24470747,18157690,19031192,20721065,20977181,24071712,23639269,23608987,23713908,23807377,24043196,24560719,25580532,27697001,26324412,29519620,34975964,42446639,51567372,61692585,71607111,81782538,84844572,88526339,91875123,96224543,102024019,113541948,136065302,169352104,182079323,194892400,206971142,218904743,230651378,242583970,255828689,268782294,277635511,286218276,294590778,303813447,315721800,324572478,27600,18632,16268,12654,12878,12897,13355,13553,15722,17189,20377,25134,28863,33084,37907,44894,56751,51683,64575,82622,103404,124882,143942,159464,175330,128725,122892,117589,111517,107492,106060,92905,98978,65981,38297,36062,35731,9492,9913,10239,2851,2153,1860,1701,1886,1929,1776,1846,1634,1337,1541,1970,2818,4300,6553,9268,12948,11727,13177,13747,13808,14000,14159,14832,15761,10933,10255,9832,8913,8584,8443,6564,6721,4147,1873,1701,1746,218,280,269,250,260,199,156,144,149,164,173,205,177,224,322,457,656,895,1018,1095,660,592,563,477,476,485,531,610,201,179,193,178,158,128,117,156,129,77,75,58,48,77,67,71,64,33,49,43,24,21,12,13,13,0,0,2,4,11,0,0,5,21,65,96,117,166,295,436,248,250,232,212,198,166,134,115,32,0,0,0,0,0,0,0,0,0,0,0,0,0,0,0,0,0,0,0,0,0,0,0,0,0,0,0,0,0,0,0,0,0,0,0,0,0,0,0,0,0,0,0,0,0,0,0,0,0,0,0,0,0,0,0,5994405547,0.9130736676,6.540564187
minecraft:tuff,0,10042500,21055308,31830657,42379598,52838927,52640951,52431298,52171723,52002579,51828231,51644227,51356323,50975789,50722088,50485356,50233345,50321956,50355516,50305176,50161584,49953311,49671940,49309825,48864969,49083480,49218413,49262726,49243942,49153982,48961124,48677818,48261784,48560550,48716797,48763518,48707760,48478717,48173611,47790350,47258034,47456243,47555207,47601552,47572065,47446507,47244707,46924498,46429068,46674500,46781288,46848926,46835029,46767659,46606157,46379936,45974981,45999336,46282954,46057363,43629672,38295795,30862262,22522948,14373525,7587183,2692735,391279,0,0,0,0,0,0,0,0,0,0,0,0,0,0,0,0,0,0,0,0,0,0,0,0,0,0,0,0,0,0,0,0,0,0,0,0,0,0,0,0,0,0,0,0,0,0,0,0,0,0,0,0,0,0,0,0,0,0,0,0,0,0,0,0,0,0,0,0,0,0,0,0,0,0,0,0,0,0,0,0,0,0,0,0,0,0,0,0,0,0,0,0,0,0,0,0,0,0,0,0,0,0,0,0,0,0,0,0,0,0,0,0,0,0,0,0,0,0,0,0,0,0,0,0,0,0,0,0,0,0,0,0,0,0,0,0,0,0,0,0,0,0,0,0,0,0,0,0,0,0,0,0,0,0,0,0,0,0,0,0,0,0,0,0,0,0,0,0,0,0,0,0,0,0,0,0,0,0,0,0,0,0,0,0,0,0,0,0,0,0,0,0,0,0,0,0,0,0,0,0,0,0,0,0,0,0,0,0,0,0,0,0,0,0,0,0,0,0,0,0,0,0,0,0,0,0,0,0,0,0,0,0,0,0,0,0,0,0,0,0,0,0,0,0,0,0,0,0,0,0,0,0,0,0,0,0,0,0,0,0,0,0,0,0,0,0,0,0,2951689158,0.4496041557,3.2206216691
minecraft:andesite,0,0,0,0,0,0,0,0,0,0,0,0,0,0,0,0,0,0,0,0,0,0,0,0,0,0,0,0,0,0,0,0,0,0,0,0,0,0,0,0,0,0,0,0,0,0,0,0,0,0,0,0,0,0,0,0,0,0,409042,2875816,8109402,15354133,23489334,31403630,38058146,43421392,46045336,46610289,46623953,46592388,46529019,46406558,46104188,46544460,46760019,46898511,46927767,46886869,46791931,46653100,46322766,46907407,47164961,47309756,47372512,47411011,47399397,47286239,47024286,47391402,47569511,47668280,47730935,47770777,47768467,47698078,47488750,47802406,47639318,47202638,46572199,45860151,45119175,44415167,44020657,44003840,43867447,43670208,43351547,42521341,40712127,38007718,36734012,35918426,34465586,32899635,31271850,30157972,29393447,28479673,26324344,22721788,17880942,12594591,7772207,4158817,1970047,1140920,1108493,1148965,1100729,1004245,908105,833087,783388,746996,712513,685763,657930,629643,602609,580893,562411,543038,522124,504200,484162,459602,432801,413691,397077,382383,366487,352477,337275,320065,301093,287037,276782,266794,257505,248362,236391,222336,211228,202804,197828,191251,182402,172896,161269,146918,133652,124786,119069,113612,107630,100177,92439,84796,78310,73077,68281,64533,60875,57770,54350,51280,45678,37877,29038,20066,11763,5798,1825,219,0,0,0,0,0,0,0,0,0,0,0,0,0,0,0,0,0,0,0,0,0,0,0,0,0,0,0,0,0,0,0,0,0,0,0,0,0,0,0,0,0,0,0,0,0,0,0,0,0,0,0,0,0,0,0,0,0,0,0,0,0,0,0,0,0,0,0,0,0,0,0,0,0,0,0,0,0,0,0,0,0,0,0,0,0,0,0,0,0,0,0,0,0,0,0,0,0,0,0,0,0,0,0,0,0,0,0,0,0,0,0,0,0,0,0,0,0,0,0,0,0,0,0,0,0,0,0,0,0,0,0,0,0,0,0,0,0,0,0,0,2662110963,0.4054953242,2.9046596014
minecraft:diorite,0,0,0,0,0,0,0,0,0,0,0,0,0,0,0,0,0,0,0,0,0,0,0,0,0,0,0,0,0,0,0,0,0,0,0,0,0,0,0,0,0,0,0,0,0,0,0,0,0,0,0,0,0,0,0,0,0,0,408440,2849342,8017710,15095323,22913424,30391553,36542675,41428158,43781586,44257636,44245356,44206860,44153842,44068715,43811231,44260100,44465597,44570236,44601320,44576023,44497649,44369773,44076176,44612948,44827256,44943606,44964777,44986094,44942503,44806418,44550359,44890061,45048520,45171564,45284000,45351267,45345750,45265856,45068139,45381883,45234227,44861124,44326772,43645109,42933816,42255124,41887832,41869615,41734786,41547705,41200167,40355153,38593752,35961510,34780288,34043139,32669232,31187531,29651886,28621518,27903153,27021524,25045983,21762005,17263428,12267338,7639254,4129641,1968954,1142332,1113721,1163240,1122394,1023120,923435,845761,790737,745308,705307,676744,646377,611926,580458,556970,538020,520994,503191,486426,467662,449762,432802,418920,408061,395811,381712,367438,347430,323993,305656,291309,281753,272179,261609,254174,246159,234239,221045,207662,197642,187248,175807,165692,155291,143773,134329,126532,120014,113421,105657,97188,89668,83201,77896,74263,70446,66342,61648,56313,51001,46460,41194,34552,27216,19509,12267,6388,2379,291,0,0,0,0,0,0,0,0,0,0,0,0,0,0,0,0,0,0,0,0,0,0,0,0,0,0,0,0,0,0,0,0,0,0,0,0,0,0,0,0,0,0,0,0,0,0,0,0,0,0,0,0,0,0,0,0,0,0,0,0,0,0,0,0,0,0,0,0,0,0,0,0,0,0,0,0,0,0,0,0,0,0,0,0,0,0,0,0,0,0,0,0,0,0,0,0,0,0,0,0,0,0,0,0,0,0,0,0,0,0,0,0,0,0,0,0,0,0,0,0,0,0,0,0,0,0,0,0,0,0,0,0,0,0,0,0,0,0,0,0,2533200757,0.3858595966,2.7640042069
minecraft:granite,0,0,0,0,0,0,0,0,0,0,0,0,0,0,0,0,0,0,0,0,0,0,0,0,0,0,0,0,0,0,0,0,0,0,0,0,0,0,0,0,0,0,0,0,0,0,0,0,0,0,0,0,0,0,0,0,0,0,408132,2847304,7947060,14844555,22342729,29396693,35429784,39921015,42082094,42572827,42609679,42585258,42527366,42395943,42079546,42492414,42714899,42842668,42896522,42904912,42892059,42806946,42550341,43197054,43563365,43825512,44006975,44075132,44059034,43920402,43623480,44022357,44226508,44381801,44456059,44455298,44429555,44255709,43943912,44216889,44038597,43583373,42932504,42159129,41373304,40602754,40180389,40211293,40118598,39932956,39606178,38791034,37044650,34495688,33296875,32501073,31147242,29733723,28279069,27277097,26553953,25713611,23890164,20870628,16682024,11947870,7488394,4064300,1941542,1114042,1083384,1134796,1090850,996196,901408,832710,786110,745779,709215,681772,650184,618126,589162,565028,545586,526252,508291,497146,479707,460601,441888,424191,406836,390943,373509,359296,343219,321589,300107,284869,274606,267296,259691,253881,242857,228107,213438,202043,193233,186217,177936,168823,156460,142434,130263,122220,116163,111567,106153,100080,92447,83589,76746,71755,67076,63431,60351,57503,53984,49040,42323,34331,25886,17219,10113,4824,1372,161,0,0,0,0,0,0,0,0,0,0,0,0,0,0,0,0,0,0,0,0,0,0,0,0,0,0,0,0,0,0,0,0,0,0,0,0,0,0,0,0,0,0,0,0,0,0,0,0,0,0,0,0,0,0,0,0,0,0,0,0,0,0,0,0,0,0,0,0,0,0,0,0,0,0,0,0,0,0,0,0,0,0,0,0,0,0,0,0,0,0,0,0,0,0,0,0,0,0,0,0,0,0,0,0,0,0,0,0,0,0,0,0,0,0,0,0,0,0,0,0,0,0,0,0,0,0,0,0,0,0,0,0,0,0,0,0,0,0,0,0,2450836211,0.373313749,2.6741353124
minecraft:bedrock,722825216,578280289,433687443,289127756,144563351,0,0,0,0,0,0,0,0,0,0,0,0,0,0,0,0,0,0,0,0,0,0,0,0,0,0,0,0,0,0,0,0,0,0,0,0,0,0,0,0,0,0,0,0,0,0,0,0,0,0,0,0,0,0,0,0,0,0,0,0,0,0,0,0,0,0,0,0,0,0,0,0,0,0,0,0,0,0,0,0,0,0,0,0,0,0,0,0,0,0,0,0,0,0,0,0,0,0,0,0,0,0,0,0,0,0,0,0,0,0,0,0,0,0,0,0,0,0,0,0,0,0,0,0,0,0,0,0,0,0,0,0,0,0,0,0,0,0,0,0,0,0,0,0,0,0,0,0,0,0,0,0,0,0,0,0,0,0,0,0,0,0,0,0,0,0,0,0,0,0,0,0,0,0,0,0,0,0,0,0,0,0,0,0,0,0,0,0,0,0,0,0,0,0,0,0,0,0,0,0,0,0,0,0,0,0,0,0,0,0,0,0,0,0,0,0,0,0,0,0,0,0,0,0,0,0,0,0,0,0,0,0,0,0,0,0,0,0,0,0,0,0,0,0,0,0,0,0,0,0,0,0,0,0,0,0,0,0,0,0,0,0,0,0,0,0,0,0,0,0,0,0,0,0,0,0,0,0,0,0,0,0,0,0,0,0,0,0,0,0,0,0,0,0,0,0,0,0,0,0,0,0,0,0,0,0,0,0,0,0,0,0,0,0,0,0,0,0,0,0,0,0,0,0,0,0,0,0,0,0,0,2168484055,0.3303055947,2.3660576581
minecraft:dirt,0,0,0,0,0,0,0,0,0,0,0,0,0,0,429,0,0,0,0,0,0,0,0,0,0,0,0,0,0,0,0,0,0,5,7,13,9,9,14,17,14,11,13,19,19,10,19,15,16,13,18,24,23,18,16,15,17,96,471,1208,491608,2501236,5741726,8948386,10824325,11357540,11356090,11360973,11369784,11372112,11346652,11295720,11207848,11306278,11353822,11378608,11396143,11411628,11397125,11360791,11273951,11401587,11481598,11517481,11536144,11556180,11534972,11497744,11432491,11542493,11671376,11809293,11844206,11799857,11737404,11655101,11563350,11606985,11544988,11415966,11245287,11072242,10893694,10743246,10650354,10661237,10643187,10572775,10404675,10075592,9652867,9304187,10494813,11822892,17243859,22304077,28728334,31011102,30078764,28280300,26860176,29133024,35758315,48328719,62915761,78874943,66331056,50233071,50998699,51180196,50735288,49619376,46408692,39145206,28813588,19119237,17125484,16125218,15897697,16091109,15961385,14429444,11620178,8723624,8402667,8420014,8789386,9418681,9894609,9484923,8150240,6637269,6773752,7092882,7620218,8242007,8527782,7902886,6468881,4979798,4957422,5105941,5459359,5943668,6220780,5844267,4877056,3848370,3940871,4199101,4647182,5148626,5386752,4958277,3979517,2997485,2972658,3065461,3280046,3517941,3558913,3206955,2546090,1882215,1793989,1735773,1717103,1720321,1680177,1483585,1168432,883163,841370,814845,810666,826618,814858,727643,595715,474983,441953,419463,415731,413377,400601,356300,280486,210715,200045,194590,191615,191111,188827,173472,145184,115650,109434,104409,101529,101555,99060,89395,71373,53202,46424,42747,41722,41917,40725,36417,29495,22271,20458,19839,19833,18898,16795,15483,14941,14749,11542,9112,7297,6116,4921,4059,3372,3083,3191,3076,2894,2671,2321,1947,1413,976,892,760,715,717,610,527,419,503,600,615,602,597,497,413,522,640,570,440,348,296,233,346,487,556,300,204,156,117,85,65,67,75,119,108,91,63,74,192,224,248,77,30,1,0,0,0,0,0,0,0,0,0,0,0,0,0,0,0,0,0,0,0,0,0,0,0,0,0,0,0,0,0,0,0,0,0,0,0,0,0,1838552262,0.280050064,2.0060653198
minecraft:gravel,0,2181971,4339409,6502096,8651767,10790495,10727901,10641902,10555456,10517977,10468958,10414488,10351418,10268165,10217581,10155414,10078780,10065819,10040453,10003480,9955167,9883704,9809629,9728207,9640142,9685592,9705642,9706063,9707605,9676521,9637802,9590124,9534928,9599873,9632590,9640875,9627814,9608718,9571599,9512693,9411378,9455034,9494866,9527437,9530777,9513650,9499237,9471881,9403915,9471915,9497630,9509945,9505357,9489718,9473132,9450864,9386661,9479708,9532921,9581880,9614497,9607271,9558159,9463404,9336943,9390019,9404273,9417928,9404306,9391921,9370032,9333085,9270951,9365430,9416192,9435982,9440799,9427052,9405724,9376498,9321578,9452241,9507802,9548920,9569154,9589887,9582866,9547042,9529124,9614998,9679578,9736436,9771196,9800211,9864003,10188682,10674254,11560792,12727681,14088497,15283722,15951182,15893420,15054938,11803327,11709798,11656221,11838988,12943155,17247060,25381131,32298848,16759827,16720139,16392765,16122777,15205319,12220515,9021650,7645844,7059334,6816808,6613998,6483580,6601703,5598737,4444271,3757594,3367078,3087104,2853095,2631072,2427735,2246158,2089690,1945098,1820903,1752421,1674901,1590729,1515894,1458842,1407940,1356018,1301434,1270525,1230623,1180553,1129694,1084381,1040924,992332,941121,905560,863851,819396,776287,743580,717293,690593,658647,633106,602688,569877,536722,506468,483845,464078,447356,430070,404606,372793,341847,319025,302452,285360,268041,251500,233432,211765,192701,179708,169116,157574,147280,138666,129853,120385,112529,106236,100783,95435,90181,85302,80447,74006,67900,62485,59449,57700,55594,52554,49921,46518,43420,40470,37999,35520,33633,33249,32308,31298,29743,27754,26129,24290,22343,21762,21245,20111,19099,17830,16984,16633,16106,15355,14756,13734,12969,12435,11892,11273,11212,10949,10343,9357,8566,8120,7897,7501,7125,6497,6128,6060,5808,5480,5231,5022,4780,4287,3841,3682,3759,3761,3738,3698,3573,3404,3068,2817,2665,2588,2569,2523,2559,2662,2559,2388,2124,1646,1513,1516,1555,1582,1587,1571,1623,1505,1315,1119,1047,1042,960,846,701,685,774,828,781,643,599,615,598,609,537,502,489,405,366,431,459,433,373,289,297,280,240,202,155,99,131,158,178,91,90,69,37,19,0,0,0,0,0,0,0,0,0,0,0,0,0,0,0,0,0,0,1366979880,0.2082197013,1.4915273212
minecraft:grass_block,0,0,0,0,0,0,0,0,0,0,0,0,0,0,4115,0,0,0,0,0,0,0,0,0,0,0,0,0,0,0,0,0,0,0,0,0,0,0,0,0,0,0,0,0,0,0,0,0,0,0,0,0,0,0,0,0,42,172,351,402,398,306,199,143,67,37,31,15,5,4,4,71,28,15,4,3,1,25,33,48,199,4939,18526,43240,35576,24861,18495,11941,6500,14448,56027,101815,113655,106013,93541,80034,44054,21754,9481,5669,4147,3841,4200,4941,3862,5540,9768,12516,11645,9435,7915,14023,8844,28156,110588,203889,242746,262097,276270,334414,403986,417302,453021,534794,689201,1258403,21323000,32830934,16432639,17170284,17478494,17508875,17417943,17267619,16766622,14835318,7014004,5966887,5327574,5042405,5048806,5295859,5535583,5303018,2788535,2600538,2502365,2530067,2680930,2975911,3330157,3432214,1967411,1961986,2025415,2159069,2357682,2632355,2925805,2869596,1541422,1476506,1471364,1530872,1676551,1917350,2144344,2159800,1183217,1180064,1210157,1314933,1501336,1752231,1937298,1859769,976664,937392,924623,962236,1058849,1190516,1256689,1185454,629729,585212,555447,531456,526739,542679,551085,486230,267514,251161,237111,218999,221776,228179,224430,198028,130256,115809,104504,102008,100725,98697,100853,86484,46378,39339,36472,34147,32539,32105,32619,29826,18341,16743,15292,13781,13820,13755,13019,12032,7981,7523,7218,7076,6863,6911,6488,6093,4483,3891,3582,3115,2992,2666,2493,2406,4616,3208,2600,2064,1757,1364,1172,909,921,799,792,804,831,679,662,611,339,256,269,194,174,153,167,122,134,139,137,98,75,67,54,56,156,126,99,74,80,61,41,20,110,23,27,12,11,8,6,7,7,9,6,4,2,6,4,4,86,46,28,0,0,0,0,0,0,0,0,0,0,0,0,0,0,0,0,0,0,0,0,0,0,0,0,0,0,0,0,0,0,0,0,0,0,0,0,0,323392754,0.049259498,0.3528575183
minecraft:clay,0,54580,118014,194692,284187,386758,435676,494997,558302,621908,684948,749471,810316,869234,941840,1028317,1124770,1229598,1335263,1430626,1507297,1547070,1594998,1658017,1740921,1874520,2016699,2162503,2310558,2409835,2505157,2602416,2717712,2888140,3080744,3273269,3465278,3574706,3652637,3724476,3831543,4015271,4205797,4404695,4623752,4708988,4770786,4789038,4825784,4956247,5040372,5097217,5169765,5116290,5023312,4894087,4804921,4855925,4890873,4926217,4989262,4944633,4857800,4731095,4612209,4597506,4544013,4470037,4417393,4279011,4101198,3904419,3733997,3674766,3595455,3498638,3413796,3279647,3130744,2969884,2833976,2770361,2697035,2621468,2531460,2411394,2288061,2160277,2050115,1994460,1928224,1852199,1781648,1692441,1595417,1498691,1419930,1376708,1327901,1263464,1200486,1135594,1073208,1013815,964144,933237,896468,853408,807503,758372,711710,667800,629601,603744,583483,580040,642706,800373,947506,964261,788479,753557,728570,763625,853348,1193016,346225,289987,264991,257958,248583,236722,224354,211741,198305,186729,177742,172729,166815,157165,148376,138549,129305,121597,114151,109862,105251,101839,98125,92070,85671,78714,74022,70846,67673,62914,58721,55481,51233,47792,43653,41603,39492,37383,34997,33250,31600,29474,27651,26306,25591,24785,24170,23472,22224,20756,19730,19050,18530,18150,17695,16625,15301,14408,13490,12887,12220,11634,10972,10213,9378,8714,8243,7888,7585,7581,7595,7418,6814,6249,5470,5052,4729,4429,4224,3920,3680,3548,3607,3769,3474,2988,2653,2448,2315,2096,2117,2273,2436,2314,2094,1798,1563,1590,1835,1925,1707,1500,1412,1468,1457,1409,1514,1594,1462,1289,1127,1167,1329,1449,1535,1499,1482,1393,1262,1274,1334,1453,1480,1280,1043,908,913,897,796,675,584,475,433,494,549,522,460,383,301,206,167,132,119,86,47,5,0,0,0,0,0,0,0,0,0,0,0,0,0,0,0,0,0,0,0,0,0,0,0,0,0,0,0,0,0,0,0,0,0,0,0,0,0,0,0,0,0,0,0,0,0,0,0,0,0,0,0,0,0,0,0,0,0,0,0,0,0,0,0,0,308149550,0.0469376384,0.3362254848
minecraft:sand,0,0,0,0,0,0,0,0,0,0,0,0,0,0,0,0,0,0,0,0,0,0,0,0,0,0,0,0,0,0,0,0,0,34,38,36,46,37,71,75,32,53,48,40,64,50,75,80,80,46,130,85,54,90,50,47,80,72,50,68,49,97,203,314,294,254,262,291,486,356,455,472,385,426,534,752,862,983,1310,1370,1760,4531,13324,22558,25195,26563,26920,27335,44349,50251,75383,107394,123182,129297,153871,309852,632897,1081176,1725489,2462005,2996430,3223723,3121859,2689516,1264989,1180972,1133836,1194035,1738593,3911835,7937427,11138854,4261108,4452507,5465880,6932498,9916414,12842944,14282253,12532147,10474621,10533661,11785606,14808220,19905997,18004212,13210681,9408960,6006696,5333137,4807425,4252216,3666170,2979471,2247231,1558995,1041436,885886,804578,764679,715967,629773,507829,370379,254062,222094,198686,182197,168970,151259,127231,101985,82245,77609,74990,72212,67835,62488,56433,50232,44959,40719,36757,34141,31519,28306,25603,23755,22592,20784,18588,16790,15740,15436,15430,15478,15426,13833,11768,10126,9037,8471,8218,8213,8114,7280,6233,5219,4778,4734,4649,4735,4963,4551,3845,3435,3311,3235,3198,3248,3423,2456,1737,1506,1334,1135,975,772,637,608,575,558,509,497,511,488,457,382,317,246,219,205,196,195,179,161,144,127,118,133,144,163,161,129,124,117,121,147,137,133,124,45,19,5,6,16,25,33,30,20,10,6,2,2,4,1,0,0,2,0,3,6,6,2,2,3,3,1,1,1,0,0,0,0,0,6,20,26,36,41,32,27,24,11,9,7,2,0,0,0,0,0,0,0,0,0,0,0,0,0,0,0,0,0,0,0,0,0,0,0,0,0,0,0,0,0,0,0,0,0,0,0,0,0,0,0,0,0,0,0,0,0,0,0,0,0,266517304,0.0405961743,0.2908000668
minecraft:copper_ore,0,0,0,0,0,0,0,0,0,0,0,0,0,0,0,0,0,0,0,0,0,0,0,0,0,0,0,0,0,0,0,0,0,0,0,0,0,0,0,0,0,0,0,0,0,0,0,0,0,0,1,4,0,0,0,3,3,3,2330,17051,51000,101476,163503,230675,441468,704608,968253,1237043,1517689,1807050,2104857,2411238,2723596,2859931,2983139,3093000,3193131,3282304,3364875,3438597,3499293,3646320,3767028,3883068,3990717,4081758,4152954,4204886,4241557,4368531,4462042,4552323,4645203,4725568,4785205,4830998,4856062,4958767,5015797,5049376,5050460,5023433,4987060,4954556,4961450,5031662,5082240,5112428,5123105,5084088,4926288,4612276,4373948,4168640,3900255,3639412,3393854,3213214,3063110,2915080,2767718,2635430,2476635,2275795,2055139,1863478,1707292,1558996,1416184,1292640,1164892,1037959,933333,852920,789958,732775,680157,637249,591464,549938,509607,472952,443625,416211,389993,368856,343867,319220,297274,275071,254764,235526,218280,203270,185418,167271,150746,136671,125143,113969,101925,91665,81635,71497,62397,55168,47912,40596,33792,28333,23318,18139,12810,8394,4928,2034,380,5,0,0,0,0,0,0,0,0,0,0,0,0,0,0,0,0,0,0,0,0,0,0,0,0,0,0,0,0,0,0,0,0,0,0,0,0,0,0,0,0,0,0,0,0,0,0,0,0,0,0,0,0,0,0,0,0,0,0,0,0,0,0,0,0,0,0,0,0,0,0,0,0,0,0,0,0,0,0,0,0,0,0,0,0,0,0,0,0,0,0,0,0,0,0,0,0,0,0,0,0,0,0,0,0,0,0,0,0,0,0,0,0,0,0,0,0,0,0,0,0,0,0,0,0,0,0,0,0,0,0,0,0,0,0,0,0,0,0,0,0,0,0,0,0,0,0,0,0,0,0,0,0,0,0,0,0,0,0,247363454,0.0376786413,0.2699010829
minecraft:coal_ore,0,0,0,0,0,0,0,0,0,0,0,0,0,0,0,0,0,0,0,0,0,0,0,0,0,0,0,0,0,0,0,0,0,1,0,5,2,1,0,0,0,0,2,4,3,15,29,19,25,24,30,41,34,25,32,19,36,23,30,21,25,989,6954,21420,42855,104908,188070,290722,411878,553553,717795,902290,1101689,1212731,1324462,1432658,1539404,1645998,1747234,1842743,1939206,2063742,2181711,2293176,2406666,2514184,2615461,2711193,2810386,2943278,3063052,3177666,3288200,3399213,3515802,3618031,3704098,3837033,3938949,4016278,4079839,4128656,4158821,4189707,4256275,4359525,4449759,4526084,4589298,4599713,4491390,4275066,4210460,4195672,4112008,3998751,3874011,3817430,3788322,3751163,3706356,3658835,3554036,3368190,3131323,2920200,2744202,2568778,2396214,2229967,2062006,1892635,1740764,1629885,1557947,1496774,1444387,1401964,1356016,1303226,1251239,1208746,1184024,1165511,1140274,1116700,1087491,1052077,1016161,987326,964828,945416,918180,893271,865123,826271,788255,761524,739081,712713,681496,648867,611600,569607,532583,503728,474703,447352,422401,399030,369268,337316,307839,284666,266509,248842,230136,212337,192876,175053,158370,143509,133848,123146,112908,104402,97148,88478,81285,75534,70402,65595,60629,56468,52854,48892,44555,49205,63814,76864,78715,74718,70554,66576,62689,59613,56842,53038,49865,47923,45116,41859,39200,37006,34267,32131,30377,28687,27208,25272,23067,22213,21188,20115,19189,18079,16998,15847,15268,14422,13511,12501,11445,11132,10834,10101,9527,8599,8001,7927,7533,6986,6492,6307,5944,5531,5229,4632,4439,4359,4125,4025,3611,3208,2995,2858,2981,2944,2745,2630,2446,2154,2134,2191,2150,2165,1979,1797,1808,1748,1562,1461,1622,1650,1397,1236,1301,1365,1278,1145,1033,949,840,909,823,749,786,712,656,570,557,643,656,567,432,401,394,354,360,327,268,300,296,287,270,256,267,249,223,164,126,111,99,61,38,14,7,2,0,0,0,0,0,0,0,0,0,0,0,0,0,0,0,0,0,0,235781644,0.0359144887,0.257264038
minecraft:sandstone,0,0,0,0,0,0,0,0,0,0,0,0,0,0,0,0,0,0,0,0,0,0,0,0,0,0,0,0,0,0,0,0,0,0,0,0,0,0,0,0,0,0,0,0,0,0,0,0,0,0,0,0,0,0,0,0,0,0,0,0,6,12,28,30,20,25,10,10,6,3,0,0,2,0,3,3,0,0,0,0,86,743,2095,2537,2512,2824,2703,2169,2506,3212,10145,13869,10860,8352,8494,11605,33069,29448,47858,72216,102412,140893,190054,250074,338986,448772,673770,1017668,1366310,1761403,2286612,3030906,3864133,5083961,6711123,8795388,9673449,10213317,10812816,11655413,12731596,13717383,13996377,12904815,10784410,8951104,7783264,6774317,5781916,4819574,3912749,3100593,2423841,1977598,1695741,1486663,1303874,1124026,951426,781058,636177,534203,470275,419826,376791,335928,299160,263989,233544,210898,195395,181984,168308,153565,140425,127311,115937,106420,98010,91158,84692,77121,70948,65044,59940,55649,52051,48194,44721,40845,37750,35030,32335,29459,26536,24123,22144,20288,18999,18199,17345,16508,15967,15062,14485,13095,12572,12022,11349,10348,9511,8737,8019,7293,6794,6342,5832,5161,4463,3814,3120,2632,2317,1984,1686,1514,1375,1304,1239,1143,1096,989,916,819,680,604,579,545,519,513,517,507,465,437,453,450,441,422,400,362,332,312,288,241,184,157,133,89,69,37,33,39,37,31,37,35,30,16,19,10,8,5,3,3,5,5,8,4,3,12,28,29,20,14,24,23,24,33,39,46,46,41,36,30,43,50,29,14,6,2,1,0,0,0,0,0,0,0,0,0,0,0,0,0,0,0,0,0,0,0,0,0,0,0,0,0,0,0,0,0,0,0,0,0,0,0,0,0,0,0,0,0,0,0,0,0,0,0,0,0,0,0,0,0,0,0,201948128,0.0307609348,0.2203479033
minecraft:iron_ore,0,0,0,0,0,0,0,0,0,0,0,0,0,0,0,0,0,0,0,0,0,0,0,0,0,0,1,0,0,0,0,0,0,0,0,0,1,0,0,0,0,0,1,2,1,0,1,0,2,0,2,5,3,3,4,1,0,1,4283,30423,87666,168469,264659,362617,451863,815829,1172668,1522236,1879810,2254519,2647071,3052143,3454361,3584855,3690969,3790884,3886647,3972886,4029016,4013433,3912255,3870058,3799668,3717573,3631349,3543890,3445266,3344545,3228647,3163355,3082163,2991556,2900559,2818338,2724015,2620976,2520661,2448228,2343735,2231961,2116102,1990592,1866545,1753705,1646762,1558311,1468275,1379916,1282849,1172306,1040946,895363,795641,707965,612422,525313,435423,359001,294573,236257,202642,190518,183485,170280,153888,142730,132692,122183,114068,104099,94462,85366,76989,71097,63880,32084,3411,0,0,0,0,899,5010,11650,18887,25739,32783,37954,42051,47135,51661,55862,58657,62806,64875,66331,66984,68108,71000,71898,72668,74182,74693,73404,72280,72164,71876,72336,71945,71367,68886,66087,62999,60552,58779,56723,56071,54392,51392,47505,44540,42593,40877,38851,37903,36712,34008,32225,30793,29525,28419,27575,26841,26354,25001,23298,22335,22008,21508,20453,19525,18766,17997,17446,16598,15755,15395,14924,14583,13960,13815,12871,12359,11848,11367,11179,10972,11025,10569,9652,9459,8774,8516,8436,8137,7750,7396,7013,6815,6824,6519,6237,5828,5648,5609,5337,5118,4872,4709,4349,4256,4235,3846,3893,3845,3503,3253,3128,3120,3058,2890,2774,2701,2584,2509,2358,2239,2222,2317,2219,2165,2161,1929,1833,1892,1704,1642,1623,1538,1517,1473,1541,1370,1330,1306,1298,1197,1209,1191,1046,969,1014,987,898,911,929,834,812,687,706,636,614,608,555,589,550,521,405,374,432,439,377,309,295,315,229,191,211,185,153,162,148,81,59,33,11,7,0,0,0,0,0,0,0,0,0,0,0,0,0,0,0,0,0,0,0,134863787,0.0205425829,0.1471514145
minecraft:lava,0,0,1668351,2848087,4372335,6797819,9914536,14471315,19598837,21712905,20734,21310,20791,21560,24618,37652,63410,87845,118871,151091,191857,243928,322706,450500,667519,880284,1162172,1473603,1786556,2068311,2321832,2550309,2798088,2705164,2636324,2554473,2550882,2614382,2371469,2561020,2895210,1693146,1709213,1752949,553015,563892,588260,83131,91808,90148,14661,14544,14578,11801,11580,11667,12646,10568,9850,9675,9852,10746,23590,62225,62311,56708,58574,58873,61013,59103,57911,56844,57910,59923,57988,58873,57410,56502,56906,57623,56631,59279,58847,59673,58638,63347,62355,58587,59339,56844,59301,61411,54414,55672,53559,55300,57093,55635,55189,56479,51403,50722,51327,52434,54172,50785,46137,42180,43731,41892,40370,40074,36873,37460,36184,36921,38287,37912,33606,34880,35274,31630,29813,27255,24849,25482,35108,39509,23225,22182,20404,20520,18568,18544,18700,17194,11289,11412,10615,9805,10555,8995,9029,9316,8718,9600,8098,7325,7161,7352,6571,5927,5376,5962,5134,5203,4268,4440,4283,4948,3894,3989,3931,3700,3275,3052,3149,3139,3121,2439,2445,2662,2249,2470,2733,2127,1506,1621,1645,1016,880,1008,1327,709,524,482,771,527,521,204,588,838,610,442,628,417,256,354,427,198,237,307,253,205,230,335,295,167,191,127,269,104,143,199,57,85,79,94,283,94,83,32,73,0,0,7,41,95,78,84,74,128,98,140,53,0,0,0,2,27,86,89,76,1,39,118,25,49,0,0,0,0,24,64,0,0,0,0,0,0,0,0,0,0,0,0,0,0,0,0,0,0,0,0,0,0,0,0,0,0,0,0,0,0,0,0,0,0,0,0,0,0,0,0,0,0,0,0,0,0,0,0,26,84,0,0,0,0,0,0,0,0,0,0,0,0,0,0,0,0,0,0,0,0,0,0,0,0,0,0,0,0,0,0,0,0,130722579,0.01991179,0.1426328953
minecraft:oak_leaves,0,0,0,0,0,0,0,0,0,0,0,0,0,0,0,0,0,0,0,0,0,0,0,0,0,0,0,0,0,0,0,0,0,0,0,85,151,268,249,229,310,396,376,305,312,425,469,322,412,407,402,349,413,550,577,491,421,385,410,287,431,277,155,161,190,216,190,214,257,239,142,187,186,109,96,108,102,77,42,7,0,0,23,20,11,27,65,110,115,162,168,151,168,115,122,95,128,108,61,125,110,105,190,164,187,175,158,212,141,202,237,345,347,367,464,1083,2330,3651,4650,6059,7936,13058,19997,29606,41173,52711,76362,520317,1693469,3276265,4988222,5985691,6004515,5980528,6120241,6265108,6470341,6347421,5965212,5269365,4458358,3814133,3405251,3102272,2893441,2641745,2332771,1974653,1624947,1382896,1269656,1216260,1217771,1195360,1133046,1027737,912707,844744,846047,879815,919577,935047,908972,823689,725131,663330,653095,671865,705055,719529,699856,638006,562357,519769,523292,548231,582073,593586,576924,523798,459595,419049,408060,413124,428381,434278,410644,364475,311670,273731,257291,248100,242167,228892,209586,181576,150065,126961,114762,106392,101327,95066,86843,75171,62514,53455,47674,44798,43384,41200,37736,32454,26226,21682,20088,19828,19709,18623,17160,15345,13215,12008,11403,10789,10367,9803,8839,7515,6423,5523,5771,5655,5030,4729,4250,3500,3094,2749,2483,2323,2081,2119,2216,2224,2475,2447,2091,1894,1720,1524,1146,837,558,432,280,210,205,220,320,357,362,310,213,204,160,72,26,49,45,16,14,23,38,51,52,59,55,44,26,5,0,0,0,18,22,28,26,6,5,0,0,0,0,0,0,0,0,0,0,0,0,0,0,0,0,0,0,0,0,0,0,0,0,0,0,0,0,0,0,0,0,0,0,0,0,0,0,0,0,0,0,0,0,0,0,0,123661504,0.0188362402,0.1349284759
minecraft:cave_air,0,0,3920,10647,19887,30538,47736,75773,115595,166396,245224,349085,472111,608276,704594,802336,895036,990424,1065615,1112791,1134437,1179614,1216790,1262716,1270738,1284095,1278786,1281571,1274571,1279623,1297109,1354156,1378361,1357024,1307502,1291170,1288949,1290898,1278920,1283597,1303334,1340110,1366942,1373591,1384687,1404200,1428788,1444548,1466976,1493726,1502140,1479763,1427470,1399845,1409241,1436828,1458650,1444016,1407793,1378165,1357292,1337605,1313924,1309911,1341496,1339967,1318543,1280923,1273901,1261961,1260154,1225871,1206706,1199220,1199498,1180061,1156171,1139867,1127114,1125500,1140246,1147422,1160472,1160044,1182597,1187367,1204797,1223991,1246374,1253145,1270194,1274343,1287763,1258528,1244037,1226273,1211810,1190718,1137260,1084990,1033631,986099,926777,879738,827830,759476,678073,581861,486303,388267,305712,231703,181639,142738,116035,93942,84588,83446,86133,83838,81876,86710,89125,87291,84166,82913,85177,102537,132585,138049,130554,125874,123071,120124,111731,111510,108309,95785,80810,72957,68307,66283,62857,59576,55983,48300,45988,44115,41362,35440,33457,33309,31728,29269,27384,26254,25120,24719,24441,23423,23907,24081,24287,23977,24879,23437,21751,19999,18629,16967,16318,15796,15699,15307,14651,15584,15936,16623,15141,12925,9063,8213,6976,6654,6304,6059,5764,5268,4017,3111,2005,1791,2165,2114,1580,1250,1334,958,783,1019,874,786,779,723,632,536,538,743,670,430,444,809,979,1094,1064,1132,1971,2407,2206,1943,1399,885,488,914,816,591,21,0,73,132,228,265,290,321,310,259,98,0,0,0,0,93,176,201,97,59,184,163,105,43,5,32,37,36,132,73,17,0,0,0,0,0,0,0,0,0,0,0,0,0,0,0,0,0,0,0,0,0,0,0,0,0,0,0,0,0,0,0,0,0,0,0,0,0,0,0,0,0,0,0,0,0,0,0,96,81,26,0,0,0,0,0,0,0,0,0,0,0,0,0,0,0,0,0,0,0,0,0,0,0,0,0,0,0,0,0,123003606,0.0187360286,N/A
minecraft:tuff_bricks,0,0,0,0,0,0,0,0,0,0,29015,53200,66785,76599,98736,120488,159085,188197,200622,272007,313120,340533,431628,677475,984980,1186602,1315003,1493897,1621630,1744418,1870286,2058837,2263638,2353831,2471755,2575550,2729624,2924576,2964533,3075424,3164915,3299747,3507869,3535231,3339089,3181513,3038403,2966867,2848559,2852408,2720244,2626743,2531484,2338031,2303441,2208771,2103173,1996677,1831820,1780400,1723799,1530206,1396181,1141027,1042258,951182,929964,873634,772951,728094,648544,614355,577257,531597,498024,435738,407974,343661,308390,277815,204232,178621,153787,141005,131392,107356,96159,66446,62176,58743,46366,39786,31235,24705,18883,15734,11861,10457,8534,6377,6837,4376,3236,3546,140,394,415,1156,0,0,0,0,0,0,0,0,0,0,0,0,0,0,0,0,0,0,0,0,0,0,0,0,0,0,0,0,0,0,0,0,0,0,0,0,0,0,0,0,0,0,0,0,0,0,0,0,0,0,0,0,0,0,0,0,0,0,0,0,0,0,0,0,0,0,0,0,0,0,0,0,0,0,0,0,0,0,0,0,0,0,0,0,0,0,0,0,0,0,0,0,0,0,0,0,0,0,0,0,0,0,0,0,0,0,0,0,0,0,0,0,0,0,0,0,0,0,0,0,0,0,0,0,0,0,0,0,0,0,0,0,0,0,0,0,0,0,0,0,0,0,0,0,0,0,0,0,0,0,0,0,0,0,0,0,0,0,0,0,0,0,0,0,0,0,0,0,0,0,0,0,0,0,0,0,0,0,0,0,0,0,0,0,0,0,0,0,0,0,0,0,0,0,0,0,0,0,0,0,0,0,0,0,0,0,0,0,0,0,0,0,0,0,0,0,0,0,0,0,0,0,0,0,0,0,0,0,108004065,0.0164512839,0.1178444658
minecraft:dripstone_block,0,0,7,24,60,325,5059,15588,33318,60264,75909,92125,106671,117914,129836,144528,164033,195455,229782,260609,279667,285454,281873,276943,273369,301231,335953,369415,397450,413652,420558,422105,418259,460860,507994,557628,605867,632831,643969,644593,623723,674946,733301,793698,852215,884784,897030,890041,845985,928430,993351,1051548,1108678,1126715,1129651,1116566,1052401,1171399,1252793,1335740,1421395,1456108,1455407,1412799,1292841,1361046,1379675,1391099,1407114,1387035,1364990,1336288,1264032,1386185,1430006,1438798,1418767,1351290,1279241,1209673,1116175,1188218,1214368,1231549,1220971,1176632,1122402,1052332,971158,1025569,1040243,1035115,1018589,972073,927056,882173,843954,892948,916397,906675,867030,794835,722194,659816,618032,651475,673582,687420,677215,642900,589452,527531,477504,491709,478277,455706,433088,392674,352805,319009,293396,303261,310022,310377,295491,273159,244117,217136,201044,206178,213613,217295,212928,198907,181016,167038,156359,160422,165400,168965,166541,154889,141092,128897,120443,120709,122036,121727,118207,109973,100579,91463,84558,89051,93875,95071,92530,86454,78026,69203,63116,65732,68174,67537,65570,60091,54352,49057,45635,48247,49989,49558,48269,44665,39959,34592,31431,35451,35938,34507,31391,27425,24463,22064,19849,23222,22986,20894,18775,15738,13626,12025,10624,11043,11128,11518,10779,9419,8655,7955,7540,8021,8083,7992,7842,7424,6951,6637,6447,6836,6833,6958,6436,5414,4158,3479,3050,3229,3380,3847,4017,3952,3854,3601,3314,3391,3538,3469,3372,2892,2590,2365,2217,2082,1790,1402,1164,879,688,564,505,733,923,962,916,781,788,810,846,1146,1188,1021,940,787,685,633,517,554,487,497,515,416,397,321,247,185,165,200,283,298,260,198,127,158,203,260,313,199,118,131,125,156,151,253,343,259,162,60,22,31,32,22,21,12,4,2,2,15,53,59,63,45,21,5,0,0,0,0,0,0,0,0,0,0,0,0,0,0,0,0,0,0,0,0,0,0,0,0,0,0,0,0,0,0,0,0,97536039,0.0148567841,0.1064226834
minecraft:deepslate_redstone_ore,0,820898,1591950,2320037,3003096,3634036,3507041,3374806,3248037,3126718,3006341,2889268,2771819,2638998,2511050,2395368,2280199,2175878,2066992,1959813,1851558,1736984,1625940,1513066,1400481,1307637,1212592,1113851,1013917,914290,814309,720692,666601,662133,664251,667931,667987,666285,663264,658609,654006,656225,658314,657141,660796,660756,656754,654326,648745,655313,657725,655720,657654,655529,651867,649663,648362,652999,657141,654244,640055,619752,592788,563188,537369,460331,390305,323524,256923,193053,128458,64457,0,0,0,0,0,0,0,0,0,0,0,0,0,0,0,0,0,0,0,0,0,0,0,0,0,0,0,0,0,0,0,0,0,0,0,0,0,0,0,0,0,0,0,0,0,0,0,0,0,0,0,0,0,0,0,0,0,0,0,0,0,0,0,0,0,0,0,0,0,0,0,0,0,0,0,0,0,0,0,0,0,0,0,0,0,0,0,0,0,0,0,0,0,0,0,0,0,0,0,0,0,0,0,0,0,0,0,0,0,0,0,0,0,0,0,0,0,0,0,0,0,0,0,0,0,0,0,0,0,0,0,0,0,0,0,0,0,0,0,0,0,0,0,0,0,0,0,0,0,0,0,0,0,0,0,0,0,0,0,0,0,0,0,0,0,0,0,0,0,0,0,0,0,0,0,0,0,0,0,0,0,0,0,0,0,0,0,0,0,0,0,0,0,0,0,0,0,0,0,0,0,0,0,0,0,0,0,0,0,0,0,0,0,0,0,0,0,0,0,0,0,0,0,0,0,0,0,0,0,0,0,0,0,0,0,0,0,0,0,0,0,0,0,0,0,0,0,0,0,0,0,0,0,0,0,0,0,0,0,0,0,0,0,0,87738206,0.0133643686,0.0957321562
minecraft:terracotta,0,0,0,0,0,0,0,0,0,0,0,0,0,0,0,0,0,0,0,0,0,0,0,0,0,0,0,0,0,0,0,0,0,0,0,0,0,0,0,0,0,0,0,0,0,0,0,0,0,0,0,0,0,0,0,0,0,0,0,0,0,0,0,0,0,0,0,0,0,0,0,0,0,0,0,0,0,0,0,0,0,0,0,0,0,0,0,0,8,0,19,27,24,15,55,67,147,358,1280,2972,6597,14805,28374,57013,90569,132741,149705,88689,16725,752,0,1282,38079,172991,570691,1256224,1878398,2536847,2831721,2824254,2700577,3126592,3657152,3756020,2841305,1498456,615722,125491,263767,360828,293943,159308,38072,11735,49004,276518,786815,1376963,1535280,1374792,1522133,1920283,1775863,1063439,453884,212091,393754,842429,1433028,1497170,1529997,1193457,1301341,1688783,1719885,1178831,559430,220169,154885,175079,269086,568806,853528,739785,642851,651554,829401,617414,322698,121577,267612,658915,1066982,1232793,1076790,958111,859811,965888,921366,783362,629885,354749,207058,116668,130338,264186,460476,562354,575096,520446,435949,373816,276522,194121,145480,133717,167845,194082,244011,254369,237595,196479,135814,92349,80383,100687,138272,112491,110593,70981,28082,19891,32317,44920,41812,41293,7567,28733,54830,81877,94893,66501,70846,64589,73887,62872,41295,21198,6786,5382,2958,2113,1254,1258,1329,10641,11109,14478,15249,18031,16393,15861,11070,8559,8955,11263,10216,9003,5906,4839,4162,3958,3621,2688,3526,2148,2045,1272,1361,1335,791,1148,861,629,376,190,81,179,214,91,1,0,7,67,55,57,76,68,19,42,50,11,0,0,0,6,1,0,0,0,0,0,0,0,0,0,0,0,0,0,0,0,0,0,0,0,0,0,0,0,0,0,0,0,0,0,0,0,0,0,0,0,0,0,0,0,0,0,0,0,0,0,0,0,0,0,81412034,0.01240076,0.0888295978
minecraft:deepslate_iron_ore,0,77225,153428,229801,308225,387742,415181,468722,522583,539523,555517,570022,583433,589652,593676,597967,598576,628001,651102,674038,691053,701629,708995,708316,701238,717272,730851,738144,740342,736491,728847,711768,692292,705524,715308,718811,715426,705002,728864,784461,843044,943183,1040463,1131175,1216301,1297208,1370394,1445437,1504610,1610429,1713866,1800357,1890842,1974327,2047457,2120355,2179434,2145112,2247434,2329047,2372097,2384311,2368918,2338818,2300849,2038851,1780950,1524594,1256008,967828,663224,338867,0,0,0,0,0,0,0,0,0,0,0,0,0,0,0,0,0,0,0,0,0,0,0,0,0,0,0,0,0,0,0,0,0,0,0,0,0,0,0,0,0,0,0,0,0,0,0,0,0,0,0,0,0,0,0,0,0,0,0,0,0,0,0,0,0,0,0,0,0,0,0,0,0,0,0,0,0,0,0,0,0,0,0,0,0,0,0,0,0,0,0,0,0,0,0,0,0,0,0,0,0,0,0,0,0,0,0,0,0,0,0,0,0,0,0,0,0,0,0,0,0,0,0,0,0,0,0,0,0,0,0,0,0,0,0,0,0,0,0,0,0,0,0,0,0,0,0,0,0,0,0,0,0,0,0,0,0,0,0,0,0,0,0,0,0,0,0,0,0,0,0,0,0,0,0,0,0,0,0,0,0,0,0,0,0,0,0,0,0,0,0,0,0,0,0,0,0,0,0,0,0,0,0,0,0,0,0,0,0,0,0,0,0,0,0,0,0,0,0,0,0,0,0,0,0,0,0,0,0,0,0,0,0,0,0,0,0,0,0,0,0,0,0,0,0,0,0,0,0,0,0,0,0,0,0,0,0,0,0,0,0,0,0,0,76710838,0.0116846693,0.0837000693
minecraft:packed_ice,0,0,0,0,0,0,0,0,0,0,0,0,0,0,2886,640,680,324,356,184,32,84,52,96,92,110,188,186,220,200,320,400,502,590,539,560,612,734,675,724,640,788,756,562,748,852,648,694,662,751,936,684,624,470,492,567,498,442,316,456,436,350,447,400,414,272,324,478,368,456,208,260,318,292,206,172,204,236,176,198,104,636,2853,5217,8067,6635,4895,3317,2275,4422,12881,20189,21141,19342,17441,15461,13870,8193,9398,13450,21960,35325,53621,74756,102430,127021,156488,191194,234229,280879,364631,528590,796467,975794,1187918,1439457,1750392,2032668,2343477,2428581,2493397,2560690,2612242,2650591,2680816,2734867,2789910,3225945,3218543,2912809,2645739,2299377,2001903,1756693,1551616,1369073,1207047,1068527,948366,844554,737762,643773,554727,476853,409439,353399,290605,239337,197519,163586,135588,110234,89709,73566,60714,50877,45855,41175,36892,32313,28738,26162,24590,23552,23635,23733,22453,20476,19595,19159,18975,18806,18795,18116,17260,16123,15925,16791,17729,18890,20421,20500,20051,18695,17780,17679,18441,19793,20582,20379,19286,17140,16230,17160,18676,21176,23583,24092,21977,19427,18516,18941,19404,20640,21875,22457,21347,19412,20272,22310,25417,29614,32701,33633,31098,26348,25051,25228,25765,27775,30734,31786,29253,24951,23982,25614,27987,30701,32824,32651,29814,25836,24136,24099,24898,26728,28856,28625,26062,23094,21304,21893,22531,23034,22941,21192,18110,15163,14247,14217,14557,15235,15499,14180,11720,9340,8525,8755,8889,9040,9036,8402,7408,6423,6240,6501,6720,6857,7060,6948,6249,5295,5033,5315,5910,6575,7050,6994,6330,5530,5206,5399,5729,5966,6076,6023,5584,4606,4365,4459,4347,4455,4815,5124,5220,4764,4246,3943,3817,3923,4126,3563,2576,1901,1888,2111,2592,2916,3148,2974,2447,1942,2460,3571,4203,4673,4170,2880,994,128,0,0,0,0,0,0,0,0,0,0,0,0,0,0,0,0,66101664,0.0100686696,0.0721242787
minecraft:deepslate_diamond_ore,0,336611,662425,984213,1299655,1606697,1585986,1557906,1533044,1503812,1470655,1446172,1418413,1399450,1372201,1343023,1320296,1304219,1289741,1273100,1248531,1222733,1199572,1174649,1152909,1142530,1133307,1124033,1110164,1096041,1076665,1054125,1038809,1030444,1024261,1013390,1001401,986029,965885,948227,930927,917560,907041,894458,883082,869263,850444,830211,813844,803918,795669,783844,773553,759580,747037,728208,710668,703112,652429,469824,283520,224130,202897,181961,165113,132479,104530,80705,58959,40366,24291,11003,0,0,0,0,0,0,0,0,0,0,0,0,0,0,0,0,0,0,0,0,0,0,0,0,0,0,0,0,0,0,0,0,0,0,0,0,0,0,0,0,0,0,0,0,0,0,0,0,0,0,0,0,0,0,0,0,0,0,0,0,0,0,0,0,0,0,0,0,0,0,0,0,0,0,0,0,0,0,0,0,0,0,0,0,0,0,0,0,0,0,0,0,0,0,0,0,0,0,0,0,0,0,0,0,0,0,0,0,0,0,0,0,0,0,0,0,0,0,0,0,0,0,0,0,0,0,0,0,0,0,0,0,0,0,0,0,0,0,0,0,0,0,0,0,0,0,0,0,0,0,0,0,0,0,0,0,0,0,0,0,0,0,0,0,0,0,0,0,0,0,0,0,0,0,0,0,0,0,0,0,0,0,0,0,0,0,0,0,0,0,0,0,0,0,0,0,0,0,0,0,0,0,0,0,0,0,0,0,0,0,0,0,0,0,0,0,0,0,0,0,0,0,0,0,0,0,0,0,0,0,0,0,0,0,0,0,0,0,0,0,0,0,0,0,0,0,0,0,0,0,0,0,0,0,0,0,0,0,0,0,0,0,0,0,63785950,0.0097159378,0.0695975768
minecraft:smooth_basalt,0,1951,8724,26353,62678,120483,166951,211807,258771,305573,350104,395379,438975,479047,519892,559889,598557,632468,655744,674942,689490,699773,706655,712884,717545,720587,726885,727613,721383,718552,708679,699398,688615,680987,673064,667041,667021,673815,679084,686309,696737,706799,716939,720140,717319,710862,702330,694652,687580,678488,672547,667737,672767,680066,689487,698531,704099,711087,719967,725355,722024,715598,707709,701084,691855,681965,678243,675963,679299,683339,689878,698114,705584,712830,716111,718259,716357,714682,708912,699758,689831,685871,680548,678495,679773,684175,693531,703826,713079,716526,713318,698558,672536,631545,585928,538210,493728,448944,403756,363243,325126,289569,252481,213717,170538,123965,82948,49219,25261,9862,2617,0,0,0,0,0,0,0,0,0,0,0,0,0,0,0,0,0,0,0,0,0,0,0,0,0,0,0,0,0,0,0,0,0,0,0,0,0,0,0,0,0,0,0,0,0,0,0,0,0,0,0,0,0,0,0,0,0,0,0,0,0,0,0,0,0,0,0,0,0,0,0,0,0,0,0,0,0,0,0,0,0,0,0,0,0,0,0,0,0,0,0,0,0,0,0,0,0,0,0,0,0,0,0,0,0,0,0,0,0,0,0,0,0,0,0,0,0,0,0,0,0,0,0,0,0,0,0,0,0,0,0,0,0,0,0,0,0,0,0,0,0,0,0,0,0,0,0,0,0,0,0,0,0,0,0,0,0,0,0,0,0,0,0,0,0,0,0,0,0,0,0,0,0,0,0,0,0,0,0,0,0,0,0,0,0,0,0,0,0,0,0,0,0,0,0,0,0,0,0,0,0,0,0,0,0,0,0,0,0,0,0,0,0,0,0,0,0,0,0,0,0,0,0,0,0,62445445,0.0095117508,0.0681349365
minecraft:kelp_plant,0,0,0,0,0,0,0,0,0,0,0,0,0,0,0,0,0,0,0,0,0,0,0,4,6,6,6,5,3,2,1,2,4,10,12,15,18,22,26,24,25,24,30,35,37,42,45,50,52,66,76,101,142,178,212,251,254,269,293,369,495,732,1052,1425,1854,2181,2512,2780,2921,3030,3137,3351,3597,3726,3904,4108,4492,5091,5797,6673,7644,10634,12974,15156,17391,20339,24616,29812,35055,42991,50462,56801,62700,69393,76708,87391,120364,195040,317836,512972,787892,1114631,1441212,1718482,1892767,1824914,1729002,1616484,1511396,1474195,1736483,2545595,3777039,3833143,3861714,3839734,3735709,3530924,3228357,2847044,2407270,1993895,1612301,1332833,1069715,4805,0,0,0,0,0,0,0,0,0,0,0,0,0,0,0,0,0,0,0,0,0,0,0,0,0,0,0,0,0,0,0,0,0,0,0,0,0,0,0,0,0,0,0,0,0,0,0,0,0,0,0,0,0,0,0,0,0,0,0,0,0,0,0,0,0,0,0,0,0,0,0,0,0,0,0,0,0,0,0,0,0,0,0,0,0,0,0,0,0,0,0,0,0,0,0,0,0,0,0,0,0,0,0,0,0,0,0,0,0,0,0,0,0,0,0,0,0,0,0,0,0,0,0,0,0,0,0,0,0,0,0,0,0,0,0,0,0,0,0,0,0,0,0,0,0,0,0,0,0,0,0,0,0,0,0,0,0,0,0,0,0,0,0,0,0,0,0,0,0,0,0,0,0,0,0,0,0,0,0,0,0,0,0,0,0,0,0,0,0,0,0,0,0,0,0,0,0,0,0,0,0,0,0,0,0,0,0,0,0,0,58299390,0.0088802196,0.0636111286
minecraft:moss_block,0,9,1,3,9,84,68,98,226,20145,26065,40926,55505,66061,76286,87477,87928,122807,154353,177809,191707,204253,213820,224751,190028,279723,342823,363912,370551,378007,384201,407038,340752,459964,535422,555854,581385,606413,621635,636448,529999,683128,771118,807011,823718,849109,881909,934370,748650,1024566,1121816,1107850,1110283,1108224,1107261,1139148,916404,1228936,1328221,1299225,1293030,1270375,1214189,1158299,876908,1022365,986380,871703,815005,784274,766457,771396,602052,777463,785720,699520,636426,590427,554989,539418,430241,553887,576918,555100,527415,513008,501590,481849,370785,459799,466939,420358,398990,382441,362144,342128,287074,351843,350744,306030,270113,234708,202277,178239,139614,167030,171419,167404,160280,145226,127501,110561,86517,102404,99651,87293,78191,69670,60347,54117,43701,50783,54597,53904,51723,48127,45783,39727,30089,37947,44950,45207,41525,38489,33119,28609,21663,31806,35416,31899,27124,24122,21616,19058,14986,19292,20619,19677,17061,15406,14469,11750,8344,14216,17034,14465,12766,11015,8363,6721,5522,7436,7739,6153,5188,4454,4147,3760,3107,3515,3835,3560,3030,2881,2563,2353,1962,2562,2859,2881,2910,2459,2438,2216,1693,2508,2938,2906,2468,2037,1696,1524,1159,1230,1166,1156,1172,984,1336,1165,775,899,1008,889,836,965,913,762,717,789,855,707,538,562,551,480,412,552,643,613,620,581,399,291,275,374,271,215,255,260,226,228,290,524,596,555,371,359,405,276,156,94,93,83,74,94,140,76,14,51,78,105,86,52,60,78,59,76,83,77,45,19,26,25,19,32,32,27,25,13,10,2,0,0,0,0,0,0,0,0,0,0,0,0,0,0,0,0,0,0,0,0,0,0,0,0,0,0,0,0,0,0,0,0,0,0,0,0,0,0,0,0,0,0,0,0,0,0,0,0,0,0,0,0,0,0,0,0,0,0,0,0,0,0,0,0,57961311,0.0088287231,0.0632422468
minecraft:spruce_leaves,0,0,0,0,0,0,0,0,0,0,0,0,0,0,0,0,0,0,0,0,0,0,0,0,0,0,0,0,0,0,0,0,0,0,0,0,0,0,0,0,0,0,0,0,0,0,0,0,0,0,0,0,0,0,0,0,0,0,0,0,0,0,0,0,0,0,0,0,0,0,0,0,0,0,0,0,0,0,0,0,4,42,20,8,40,9,21,70,13,85,63,58,25,66,82,25,19,25,5,1,5,4,67,47,16,56,40,86,63,50,37,69,78,69,88,104,326,589,815,1115,1363,2089,4145,7205,9972,15300,22418,50315,458683,1243883,1818241,2108643,2462733,2709270,2995261,3098055,3210360,3031312,2836977,2403907,2228322,1812685,1683839,1340132,1309689,1029046,1046382,806720,855502,659513,715330,569555,635285,528786,570067,465220,498862,428588,462592,428603,469933,444759,453670,397628,394026,351615,353749,321234,339548,319144,324092,287821,292033,266223,279917,266645,293812,287783,296402,266050,267470,236488,239560,217428,222276,202010,202047,173435,175617,149752,153649,131914,137793,119930,122268,102223,104576,87029,89947,81218,87977,78914,82116,71545,74427,66445,67231,57584,57360,50962,47045,39261,37944,31785,32759,28255,30330,28958,27920,24967,23046,19851,18799,17247,18114,16321,13715,12947,11460,11159,10778,9263,8948,8779,7357,6185,5811,4768,4208,3835,3797,3385,3278,2791,2725,2165,1898,1478,1202,1093,878,639,557,376,287,270,180,232,148,157,119,85,123,144,67,36,36,7,30,69,29,26,6,1,0,20,63,24,25,5,20,4,21,49,21,5,1,0,0,0,0,0,0,0,0,0,0,0,0,20,8,40,8,0,10,4,20,5,1,0,0,0,0,0,0,0,0,0,0,0,0,0,0,0,0,0,0,0,0,0,0,0,0,0,0,0,57777033,0.0088006537,0.063041179
minecraft:deepslate_gold_ore,0,126697,263481,412857,573699,743158,765318,791494,815044,840137,860932,881129,900008,920372,893166,722928,550796,529302,553355,578793,603400,626810,647043,668444,687738,715933,744298,770708,796579,822432,844137,862114,882979,917869,944055,970474,997477,1019848,1043054,1061941,1077630,1107318,1137232,1165751,1189996,1211031,1228614,1221200,1193508,1174629,1154498,1133536,1109668,1081267,1048516,1019034,992636,976221,953115,921781,878054,827682,773169,712583,661394,547606,449717,361284,277086,200006,128089,61018,0,0,0,0,0,0,0,0,0,0,0,0,0,0,0,0,0,0,0,0,0,0,0,0,0,0,0,0,0,0,0,0,0,0,0,0,0,0,0,0,0,0,0,0,0,0,0,0,0,0,0,0,0,0,0,0,0,0,0,0,0,0,0,0,0,0,0,0,0,0,0,0,0,0,0,0,0,0,0,0,0,0,0,0,0,0,0,0,0,0,0,0,0,0,0,0,0,0,0,0,0,0,0,0,0,0,0,0,0,0,0,0,0,0,0,0,0,0,0,0,0,0,0,0,0,0,0,0,0,0,0,0,0,0,0,0,0,0,0,0,0,0,0,0,0,0,0,0,0,0,0,0,0,0,0,0,0,0,0,0,0,0,0,0,0,0,0,0,0,0,0,0,0,0,0,0,0,0,0,0,0,0,0,0,0,0,0,0,0,0,0,0,0,0,0,0,0,0,0,0,0,0,0,0,0,0,0,0,0,0,0,0,0,0,0,0,0,0,0,0,0,0,0,0,0,0,0,0,0,0,0,0,0,0,0,0,0,0,0,0,0,0,0,0,0,0,0,0,0,0,0,0,0,0,0,0,0,0,0,0,0,0,0,0,57324868,0.0087317795,0.0625478166
minecraft:calcite,0,183,1469,8243,28299,68353,109544,153755,194353,237204,278075,318155,359267,399811,439158,477775,515122,540850,558131,563949,564642,566686,571847,576339,580265,583651,584069,583836,582645,577299,572109,564370,556751,549611,545917,545522,546588,546888,550153,555236,562541,570980,575683,577837,579159,576439,570499,561856,556873,552556,548923,547673,547738,552875,558249,563088,568915,576475,579902,580440,580362,576463,573721,568062,561002,555930,551778,551019,551781,557388,560770,563210,568802,574003,576320,575920,575325,574710,572235,565795,561022,556430,554395,551963,551194,555133,562456,572934,579526,583635,583116,576760,562831,536993,503052,463331,418795,376490,336896,299526,265119,229523,192341,152711,110971,72171,39794,17883,6011,1630,320,0,0,0,0,0,0,0,0,0,0,0,0,0,0,0,0,0,0,0,0,0,0,0,0,0,0,0,0,0,0,0,0,0,0,0,5,7,10,10,10,20,23,43,62,86,141,134,134,160,181,239,324,410,539,602,575,506,429,453,431,393,350,261,170,145,159,172,254,318,346,346,314,264,312,434,475,581,580,572,523,494,480,418,433,494,491,473,453,474,547,654,873,1075,1179,1133,1005,818,714,863,1011,1176,1482,1520,1301,929,743,909,1158,1567,1909,1930,1721,1416,1181,1295,1360,1401,1459,1452,1285,963,618,509,489,506,491,508,482,566,739,647,408,261,262,314,298,199,112,108,113,121,134,157,157,142,180,232,292,344,365,424,442,499,529,585,529,411,292,233,234,328,341,283,207,88,57,48,48,38,36,31,32,32,30,28,26,26,24,27,22,20,18,15,13,12,7,4,2,0,0,0,0,0,0,0,0,0,0,0,0,0,0,0,0,0,0,0,0,0,0,0,0,0,0,0,0,0,0,0,0,0,0,0,0,0,50644886,0.0077142782,0.0552592121
minecraft:birch_leaves,0,0,0,0,0,0,0,0,0,0,0,0,0,0,0,0,0,0,0,0,0,0,0,0,0,0,0,0,0,0,0,0,0,0,0,0,0,0,0,0,0,0,0,0,0,0,0,0,0,0,0,0,0,0,0,0,0,0,0,0,0,0,0,0,0,0,0,0,0,0,0,0,0,0,0,0,0,0,0,0,0,0,0,0,0,0,0,21,21,26,25,6,5,23,22,6,5,0,39,38,11,10,0,0,23,22,4,26,22,29,27,30,96,72,87,207,383,510,859,1757,2682,3136,4092,7311,12146,16912,20283,26940,46569,428229,1361837,2302312,2798347,2759775,2660394,2703219,2736835,2788432,2723730,2447714,2009302,1539031,1197866,1008968,892637,843618,809615,732842,610794,480722,390464,355358,348502,368934,390183,378705,342331,294215,263656,263749,282051,312689,338034,333990,293848,239603,205689,198093,205267,224931,241883,238195,210178,176012,155429,155211,171417,196848,218439,216404,188891,153172,128685,124251,132469,145505,156158,151739,130236,106251,88763,78106,71639,69011,63604,54661,43484,31642,24541,21081,20366,20582,19562,17683,14021,10627,8301,7639,7502,6962,7008,6600,5422,4063,3021,2613,2442,2469,2678,2396,2107,1879,1695,1388,1299,1476,1366,1250,1054,875,697,657,674,571,553,573,513,395,360,287,366,421,257,240,323,316,266,286,213,166,185,111,80,66,33,12,5,19,62,50,17,32,23,7,5,0,0,0,0,22,22,8,5,0,0,0,0,0,0,0,0,0,0,0,0,0,0,0,0,0,0,0,0,0,0,0,0,0,0,0,0,0,0,0,0,0,0,0,0,0,0,0,0,0,0,0,0,0,0,0,0,0,0,0,0,0,0,0,0,0,0,0,0,0,0,0,46150143,0.0070296345,0.0503549468
minecraft:orange_terracotta,0,0,0,0,0,0,0,0,0,0,0,0,0,0,0,0,0,0,0,0,0,0,0,0,0,0,0,0,0,0,0,0,0,0,0,0,0,0,0,0,0,0,0,0,0,0,0,0,0,0,0,0,0,0,0,0,0,0,0,0,0,0,0,0,0,0,0,0,0,0,0,0,0,0,0,0,0,0,0,0,0,0,0,0,0,0,0,0,0,12,17,8,5,7,23,22,30,54,185,896,2968,8147,16922,19311,12800,8194,3370,3197,4355,5819,8017,9510,10751,54709,242280,671141,1009444,888581,790064,929020,1185067,950735,630107,602814,1141141,1497859,892352,2879254,2573204,2310342,2055057,1769256,1475201,1193568,1053898,1051538,1095181,731051,386453,90672,15870,277,285,127,113,6129,66744,315783,775523,1327286,1358494,1272037,712116,355319,134914,282547,629438,894950,662520,315282,65130,14220,36936,233460,537481,776107,589952,294300,56392,8176,5,3,1,16,0,3352,20724,141846,278720,382726,268888,158200,53419,12769,0,0,762,12515,61713,116507,159618,140434,150806,145868,108961,99334,92296,101262,70952,43979,17196,4578,529,5960,31902,46479,52932,80229,56757,54747,51274,9902,12792,25557,36428,32971,32782,2750,7836,1658,9791,32088,24350,18750,1273,7818,22915,18152,12854,1859,17151,13393,8698,832,1132,99,8115,8781,5286,439,278,0,3879,5272,3826,386,90,0,1931,2242,2261,1732,1328,1578,98,0,0,0,594,344,644,0,0,0,0,0,0,0,0,0,0,0,0,3,59,41,0,0,44,18,0,0,0,0,0,0,0,0,0,0,0,0,0,0,0,0,0,0,0,0,0,0,0,0,0,0,0,0,0,0,0,0,0,0,0,0,0,0,0,0,0,0,0,0,0,0,0,0,0,0,0,0,0,0,0,0,45433876,0.0069205321,0.0495734197
minecraft:short_grass,0,0,4,1,1,3,41,33,35,75,8672,11468,14818,18153,19459,20937,23076,20994,25745,31788,39578,44156,47315,49677,51600,32922,36949,42858,47844,52593,58181,64191,76756,49701,55674,61921,67721,75500,85697,97613,114853,82597,90406,97196,114243,125834,137683,154488,182744,110704,125565,131571,137770,146408,155357,165333,191380,105977,110938,112346,111444,111715,111579,116292,138292,78597,86799,89309,91995,95561,99116,103947,119510,65141,69730,72932,73303,73755,78190,79951,87586,57740,59567,60420,69520,66661,65823,66717,69634,40833,43162,44321,44148,44755,43803,42039,40993,25383,24803,25599,24377,24155,24350,22923,22154,14131,14466,14247,15069,14728,14345,13146,12321,8538,8738,10256,11254,11590,12212,12344,14273,22227,22874,24608,32834,52685,126590,2626012,4128012,1890848,1973590,2027766,2069772,2082492,2100496,2061447,1821617,778367,647445,564069,538025,548051,587586,629289,591668,271476,243821,231514,239077,260518,303575,355565,369883,188691,184922,190724,207450,237863,277622,320073,305876,139631,130775,130713,138160,159484,192009,220311,224496,104359,102244,106387,121235,147014,183476,209318,194762,89671,85780,85013,92107,104569,118431,129581,119276,54553,51059,48115,45169,45383,49473,51875,45796,21682,20331,20099,19520,20350,21631,21600,18237,10400,9342,8639,8165,8587,9022,10182,8568,4232,3330,2974,2815,2489,2715,3186,2917,1322,1283,1161,999,1118,1156,956,781,409,330,268,293,348,449,399,390,220,154,135,122,106,97,101,76,271,210,113,71,78,100,116,44,26,32,45,35,47,34,26,29,15,9,10,14,10,2,5,0,2,4,5,5,4,5,5,5,3,2,5,2,2,2,7,0,35,4,2,3,2,1,1,0,1,0,0,4,0,0,0,0,13,0,1,0,0,0,0,0,0,0,0,0,0,0,0,0,0,0,0,0,0,0,0,0,0,0,0,0,0,0,0,0,0,0,0,0,0,0,0,43269823,0.0065909014,0.0472121969
minecraft:amethyst_block,0,1,26,393,4340,22373,53492,93310,136100,175323,214444,253044,290103,328197,368767,407656,435213,451542,453072,448953,443881,441286,443016,445892,450568,453439,452416,450202,448593,446545,443297,438586,434797,431456,429844,427619,427069,428334,431667,434657,437815,439937,442987,444428,446116,445200,443561,441320,435983,434071,432588,432437,432781,432383,435544,439149,442647,445906,446083,445720,446046,447567,445618,441272,440669,439072,434809,431993,432535,434814,438703,442213,442774,442487,442767,443217,443799,443591,442082,440908,439202,436794,434663,434299,435782,438406,441836,445753,449796,450163,449353,449308,447014,440029,420555,388840,351234,311736,275014,241413,205169,168097,129801,91269,54590,23955,7048,1430,229,2,0,0,0,0,0,0,0,0,0,0,0,0,0,0,0,0,0,0,0,0,0,0,0,0,0,0,0,0,0,0,0,0,0,0,0,0,0,0,0,0,0,0,0,0,0,0,0,0,0,0,0,0,0,0,0,0,0,0,0,0,0,0,0,0,0,0,0,0,0,0,0,0,0,0,0,0,0,0,0,0,0,0,0,0,0,0,0,0,0,0,0,0,0,0,0,0,0,0,0,0,0,0,0,0,0,0,0,0,0,0,0,0,0,0,0,0,0,0,0,0,0,0,0,0,0,0,0,0,0,0,0,0,0,0,0,0,0,0,0,0,0,0,0,0,0,0,0,0,0,0,0,0,0,0,0,0,0,0,0,0,0,0,0,0,0,0,0,0,0,0,0,0,0,0,0,0,0,0,0,0,0,0,0,0,0,0,0,0,0,0,0,0,0,0,0,0,0,0,0,0,0,0,0,0,0,0,0,0,0,0,0,0,0,0,0,0,0,0,0,0,0,0,0,0,0,0,39415885,0.0060038658,0.0430071212
minecraft:leaf_litter,0,0,0,0,0,0,0,0,0,0,0,0,0,0,0,0,0,0,0,0,0,0,0,0,0,0,0,0,0,0,0,0,0,0,0,0,0,0,0,0,0,0,0,0,0,0,0,0,0,0,0,0,0,0,0,0,0,0,0,0,0,0,0,0,0,0,0,0,0,0,0,0,0,3,22,4,2,1,2,8,7,0,2,0,6,16,28,32,26,24,34,33,44,24,31,21,12,15,17,26,37,48,40,40,13,58,51,42,52,86,100,118,123,446,941,1552,1762,2214,2500,3228,4885,15907,16240,18880,28555,51548,125336,2519521,4052914,1980966,2122598,2191511,2228123,2275823,2312699,2273226,1990040,885272,731925,651500,615091,620779,665483,696996,629572,295086,263877,247998,255117,285220,329284,389206,382769,196517,198493,212052,234539,267370,311798,349317,339122,157850,149842,147154,157015,182460,224607,261157,255675,117616,117148,120098,137424,166336,200452,223054,214429,101978,97743,97472,105535,125044,153317,165728,154446,76343,67797,67209,68184,68156,72747,71843,62682,31350,28983,26200,23924,24034,26244,29488,24400,13828,12325,10256,10733,11723,12744,12359,11550,5330,4198,4152,4662,5101,5479,5620,5664,3034,2818,2800,2607,2803,2902,3011,2757,1529,1490,1406,1476,1493,1375,1365,1165,846,749,552,544,519,562,519,559,868,642,553,426,319,279,268,184,87,51,58,73,67,101,108,102,49,47,56,43,22,20,12,17,19,26,11,1,0,0,0,0,0,0,0,0,0,0,0,0,0,0,0,0,0,0,0,0,0,0,0,0,0,0,0,0,0,0,0,0,0,0,0,0,0,0,0,0,0,0,0,0,0,0,0,0,0,0,0,0,0,0,0,0,0,0,0,0,0,0,0,0,0,0,0,39059324,0.0059495541,0.0426180734
minecraft:deepslate_lapis_ore,0,80316,160715,239517,320242,398611,396717,393317,390361,386415,378150,375496,373206,372769,368452,363492,362438,361258,359369,356481,354985,353521,349827,346251,344907,344984,346436,346498,347062,345489,355413,374473,393719,416194,437652,459954,482327,501153,521548,539803,556092,579678,605416,624675,642694,662248,681228,698576,715649,739994,763419,786139,808809,830298,847171,864270,878080,906472,933129,949665,952273,939445,912686,872231,818918,687679,569463,462851,360939,263706,172733,84078,0,0,0,0,0,0,0,0,0,0,0,0,0,0,0,0,0,0,0,0,0,0,0,0,0,0,0,0,0,0,0,0,0,0,0,0,0,0,0,0,0,0,0,0,0,0,0,0,0,0,0,0,0,0,0,0,0,0,0,0,0,0,0,0,0,0,0,0,0,0,0,0,0,0,0,0,0,0,0,0,0,0,0,0,0,0,0,0,0,0,0,0,0,0,0,0,0,0,0,0,0,0,0,0,0,0,0,0,0,0,0,0,0,0,0,0,0,0,0,0,0,0,0,0,0,0,0,0,0,0,0,0,0,0,0,0,0,0,0,0,0,0,0,0,0,0,0,0,0,0,0,0,0,0,0,0,0,0,0,0,0,0,0,0,0,0,0,0,0,0,0,0,0,0,0,0,0,0,0,0,0,0,0,0,0,0,0,0,0,0,0,0,0,0,0,0,0,0,0,0,0,0,0,0,0,0,0,0,0,0,0,0,0,0,0,0,0,0,0,0,0,0,0,0,0,0,0,0,0,0,0,0,0,0,0,0,0,0,0,0,0,0,0,0,0,0,0,0,0,0,0,0,0,0,0,0,0,0,0,0,0,0,0,0,36570222,0.0055704117,0.0399021859
minecraft:tall_seagrass,0,0,0,0,0,0,0,0,0,0,0,0,0,0,0,0,0,0,0,1,3,3,6,20,18,3,0,1,4,3,3,8,11,15,12,7,6,4,9,20,30,30,22,23,26,32,36,48,58,68,100,152,201,193,186,169,152,207,268,374,616,970,1385,1743,1986,2072,2015,2122,2194,2058,2005,2109,2278,2502,2763,3159,3741,4509,5122,5778,6736,11879,16347,15928,16707,20050,24834,29544,33355,42567,50753,51727,54516,59281,66555,83029,152253,298183,528252,875412,1319805,1750785,2048136,2132043,1994400,1374019,837204,776122,752162,800932,1124270,1909147,2855580,2271473,1227516,1176885,1122517,1066807,1047303,1087152,1106490,902723,660249,574771,542757,557556,284368,0,0,0,0,0,0,0,0,0,0,0,0,0,0,0,0,0,0,0,0,0,0,0,0,0,0,0,0,0,0,0,0,0,0,0,0,0,0,0,0,0,0,0,0,0,0,0,0,0,0,0,0,0,0,0,0,0,0,0,0,0,0,0,0,0,0,0,0,0,0,0,0,0,0,0,0,0,0,0,0,0,0,0,0,0,0,0,0,0,0,0,0,0,0,0,0,0,0,0,0,0,0,0,0,0,0,0,0,0,0,0,0,0,0,0,0,0,0,0,0,0,0,0,0,0,0,0,0,0,0,0,0,0,0,0,0,0,0,0,0,0,0,0,0,0,0,0,0,0,0,0,0,0,0,0,0,0,0,0,0,0,0,0,0,0,0,0,0,0,0,0,0,0,0,0,0,0,0,0,0,0,0,0,0,0,0,0,0,0,0,0,0,0,0,0,0,0,0,0,0,0,0,0,0,0,0,0,0,0,35794739,0.0054522894,0.0390560475
minecraft:brown_terracotta,0,0,0,0,0,0,0,0,0,0,0,0,0,0,0,0,0,0,0,0,0,0,0,0,0,0,0,0,0,0,0,0,0,0,0,0,0,0,0,0,0,0,0,0,0,0,0,0,0,0,0,0,0,0,0,0,0,0,0,0,0,0,0,0,0,0,0,0,0,0,0,0,0,0,0,0,0,0,0,0,0,0,0,0,0,0,0,0,0,2,0,4,35,46,0,0,0,0,38,105,155,239,234,235,363,7548,62256,231555,477079,537093,406461,324189,491512,893901,1189376,996426,419023,58298,2811,0,0,38,29,21,25,17,21,21,0,0,38,29,21,25,55,126,100,67,67,55,63,42,7113,72267,359443,976128,1719044,1743185,1070297,437475,96395,19248,21,0,1975,59038,312088,897971,1681785,2144577,2164927,1733378,1023284,420993,77589,9779,1977,30507,220378,616739,1051128,1115947,750560,309204,51165,5096,0,0,2980,22346,142686,358790,613444,702785,681662,543060,324708,169436,67496,17765,336,10201,48508,113410,180127,183283,136945,78721,28092,5508,0,0,0,0,0,0,474,3640,29287,69565,112014,157672,134239,96658,54365,13785,10220,1360,0,0,0,0,0,0,0,0,0,0,0,0,693,13906,24939,31438,19769,9138,1418,652,1,0,0,0,0,0,0,0,0,0,0,0,0,0,0,0,0,0,0,0,0,0,0,0,0,0,0,0,0,0,54,140,203,169,138,58,0,0,0,0,0,0,0,32,34,6,0,0,0,0,0,0,0,0,0,0,0,0,0,0,0,0,0,0,0,0,0,0,0,0,0,0,0,0,0,0,0,0,0,0,0,0,0,0,0,0,0,0,0,0,0,0,0,0,0,0,0,0,32498901,0.0049502641,0.0354599211
minecraft:vine,0,0,0,1,0,0,0,0,4,4,390,443,513,582,697,687,904,1009,1003,1136,1311,1448,1554,1693,2222,2251,2201,2250,2433,2676,2663,2781,3375,3567,3726,3671,3974,4168,4548,4717,5376,5927,5933,5911,6498,6617,6667,6830,8262,7965,8127,7920,7789,7670,7755,8049,8900,8505,8307,8194,7818,7436,6925,6566,6887,6221,5896,5638,5429,5269,5322,5120,5547,4937,4494,4280,3899,3713,3899,3740,4123,4078,3717,3590,3593,3618,3318,3228,3344,2895,2785,2698,2643,2457,2277,2293,2395,2042,1896,1758,1503,1415,1264,1282,1351,1123,1172,1057,937,837,824,734,799,719,689,634,645,715,821,931,1237,1857,2433,3074,3734,5218,8788,445331,741354,935713,1098169,1211364,1288865,1334096,1342531,1342117,1323659,1269592,1206072,1130679,1044821,957226,873165,795552,721993,650300,585818,529735,481045,440371,406642,377928,352450,327315,300551,276172,252937,232629,214798,200381,187217,171109,156155,143120,131590,118523,111836,106723,103933,98263,93625,89590,85281,82515,80862,80196,80001,77437,74194,71254,68371,65131,63061,60410,57652,54290,50618,46823,43487,40548,37887,35853,33077,30509,28046,25727,23456,21542,19828,18028,16719,15221,13553,12300,11141,9902,8981,8034,7211,6446,5679,5125,4608,4127,3638,3259,2984,2520,2249,1989,1693,1452,1309,1179,1106,976,844,695,651,600,506,457,419,403,384,318,299,284,213,186,140,136,145,111,103,91,83,98,89,80,95,94,93,76,54,39,23,16,19,1,0,0,1,1,0,0,0,0,0,0,0,0,0,0,0,0,0,0,0,0,0,0,0,0,0,0,0,0,0,0,0,0,0,0,0,0,0,0,0,0,0,0,0,0,0,0,0,0,0,0,0,0,0,0,0,0,0,0,0,0,0,0,0,0,0,0,0,0,0,0,0,0,0,0,0,0,28245768,0.0043024228,0.0308192793
minecraft:snow,0,0,0,0,0,0,0,0,0,0,0,51,0,0,1080,29,0,0,0,0,2,9,8,2,5,3,2,2,5,2,7,12,11,10,15,28,131,77,25,18,16,15,28,32,33,51,67,58,37,29,32,25,41,42,58,55,45,44,37,44,69,49,54,46,64,31,22,55,81,83,86,74,67,131,168,221,187,141,172,151,139,164,246,287,404,376,448,456,396,477,454,446,603,866,983,1076,1143,886,1039,1151,1108,1147,1269,1624,1586,2025,2288,2290,2408,2548,3089,3550,4034,5995,5654,4793,4836,5086,5512,5957,7155,15759,16404,18084,22349,32122,63147,1474337,1938710,960932,1043578,1100061,1141130,1181514,1188831,1182952,1076999,661305,600730,543855,507676,491115,468595,446195,411992,259077,226538,208443,206702,216961,236949,252832,261220,176691,175482,180826,191648,209025,221051,237424,232036,145629,146605,147079,154026,165498,185274,205107,204419,131776,131077,128973,134949,146080,167695,187459,191240,117485,119628,120386,131604,147872,168114,183470,180495,124611,121385,119007,117093,124619,133982,143727,145130,95039,94224,93920,93401,97737,102645,109065,112993,80690,79095,78748,81233,83291,88014,94885,92070,62307,61893,61514,64342,68726,73371,79419,82553,51257,49682,49433,51344,52205,56234,62319,56568,36000,33210,32665,34552,35718,37679,38584,36026,24714,23101,22417,22218,23703,23848,23350,22069,16847,15036,14551,14188,14580,14895,15414,13115,8410,8208,7993,8369,8802,9207,9160,8201,4717,4534,4539,4675,4751,5343,5583,5082,3262,3297,3296,3346,3392,3507,3681,3894,2428,2265,2252,2401,2571,2694,2951,2627,1618,1537,1647,1845,2164,2240,2522,2960,1628,1577,1680,1684,1884,2030,2319,2339,1785,1873,1564,1439,1447,1889,1658,1104,439,429,512,689,960,1317,1609,1532,275,415,815,1050,1275,1140,1212,37,0,0,0,0,0,0,0,0,0,0,0,0,0,0,0,28205314,0.0042962608,0.0307751395
minecraft:lapis_ore,0,0,0,0,0,0,0,0,0,0,0,0,0,0,1,0,0,0,0,0,0,0,0,0,0,0,0,1,0,1,0,0,0,0,0,0,1,0,1,0,1,1,0,0,2,1,1,0,0,2,1,2,0,3,0,0,0,2,1840,12688,35583,66714,101431,135268,161432,276683,376644,462586,540880,616883,688951,752974,812039,797848,782831,762970,740866,718504,697883,673095,648303,634721,617400,600430,576988,559021,538640,515429,490750,474367,456272,438387,419660,397042,376564,357350,344953,346196,346988,342917,340283,332439,328032,323270,321303,319755,320432,319439,316886,309883,297160,278009,269010,262437,250573,241072,228993,220506,215324,210024,202809,197550,189128,176041,161390,148656,125494,62309,10450,0,0,0,0,0,0,0,0,0,0,0,0,0,0,0,0,0,0,0,0,0,0,0,0,0,0,0,0,0,0,0,0,0,0,0,0,0,0,0,0,0,0,0,0,0,0,0,0,0,0,0,0,0,0,0,0,0,0,0,0,0,0,0,0,0,0,0,0,0,0,0,0,0,0,0,0,0,0,0,0,0,0,0,0,0,0,0,0,0,0,0,0,0,0,0,0,0,0,0,0,0,0,0,0,0,0,0,0,0,0,0,0,0,0,0,0,0,0,0,0,0,0,0,0,0,0,0,0,0,0,0,0,0,0,0,0,0,0,0,0,0,0,0,0,0,0,0,0,0,0,0,0,0,0,0,0,0,0,0,0,0,0,0,0,0,0,0,0,0,0,0,0,0,0,0,0,0,0,0,0,0,0,0,0,0,0,0,0,0,0,0,0,0,0,0,0,0,0,0,0,0,0,0,0,0,0,0,26677649,0.0040635654,0.0291082868
minecraft:sculk,0,0,0,10,134,365,574,817,1136,190048,392538,485616,1500755,802982,697524,698941,684269,711068,726845,700042,668242,656909,636607,627467,553011,600453,580485,563791,533135,517407,497186,517124,560780,621660,514586,422515,373888,349053,328769,324246,290809,314049,292415,260488,233060,217055,209104,208053,174158,184143,166702,154851,146232,137889,132984,136143,115445,126589,115682,109410,104595,101283,101027,106158,85116,94310,83882,79195,74487,70614,68080,70232,59299,65865,59644,55737,52739,51044,47867,48297,40660,47579,40330,37145,34666,31819,30874,30805,26673,29036,25277,23490,21925,20658,19279,18439,15785,16846,14511,13439,12682,11545,10531,9768,8698,8770,7669,7364,6590,6183,5382,5125,4615,4405,4127,4094,3818,3748,3699,3700,3253,3380,2942,2591,2220,2114,1864,1914,1615,1574,1437,1383,1579,1539,1431,1499,1124,1278,1319,1341,1334,1211,1093,1075,876,925,894,809,772,614,586,568,443,391,395,372,342,363,412,437,372,364,296,203,157,124,105,118,89,56,37,30,24,18,13,39,1,0,0,0,30,89,56,6,0,0,0,0,0,0,0,0,0,0,0,0,0,0,0,0,0,0,0,0,0,0,0,0,0,0,0,0,0,0,0,0,0,0,0,0,0,0,0,0,0,0,0,0,0,0,0,0,0,0,0,0,0,0,0,0,0,0,0,0,0,0,0,0,0,0,0,0,0,0,0,0,0,0,0,0,0,0,0,0,0,0,0,0,0,0,0,0,0,0,0,0,0,0,0,0,0,0,0,0,0,0,0,0,0,0,0,0,0,0,0,0,0,0,0,0,0,0,0,0,0,0,0,0,0,0,0,0,0,0,0,0,0,0,0,0,0,0,0,0,0,0,0,0,0,0,0,0,0,0,0,0,23970995,0.0036512852,0.0261550257
minecraft:seagrass,0,0,0,0,0,0,0,0,0,0,0,0,0,0,0,0,0,0,0,0,0,1,3,6,0,0,0,0,2,1,2,3,5,1,3,7,1,1,2,9,6,3,3,4,7,6,13,16,35,35,57,92,96,79,82,85,64,94,121,205,368,505,661,853,896,850,838,856,760,716,715,753,899,1083,1058,1260,1587,1946,2166,2315,2698,4268,4679,5088,5922,8059,10331,13296,15581,19432,20524,20695,21814,24282,27675,34557,59009,113490,162397,232623,318812,388722,432047,439721,402174,232557,232139,246081,294517,468345,1128045,2339555,3390373,1234422,1222112,1184235,1115046,1040217,1009371,1008912,948763,660998,543567,446096,399632,371606,456497,50,2,3,0,0,0,1,0,0,0,0,0,0,0,0,0,0,0,0,0,0,0,0,0,0,0,0,0,0,0,0,0,0,0,0,0,0,0,0,0,0,0,0,0,0,0,0,0,0,0,0,0,0,0,0,0,0,0,0,0,0,0,0,0,0,0,0,0,0,0,0,0,0,0,0,0,0,0,0,0,0,0,0,0,0,0,0,0,0,0,0,0,0,0,0,0,0,0,0,0,0,0,0,0,0,0,0,0,0,0,0,0,0,0,0,0,0,0,0,0,0,0,0,0,0,0,0,0,0,0,0,0,0,0,0,0,0,0,0,0,0,0,0,0,0,0,0,0,0,0,0,0,0,0,0,0,0,0,0,0,0,0,0,0,0,0,0,0,0,0,0,0,0,0,0,0,0,0,0,0,0,0,0,0,0,0,0,0,0,0,0,0,0,0,0,0,0,0,0,0,0,0,0,0,0,0,0,0,0,22783273,0.0034703702,0.0248590887
minecraft:mangrove_leaves,0,0,0,0,0,0,0,0,0,0,0,0,0,0,0,0,0,0,0,0,0,0,0,0,0,0,0,0,0,0,0,0,0,0,0,2,25,96,137,147,220,347,419,397,396,453,455,377,360,359,369,406,356,345,441,469,451,436,386,415,455,410,291,181,147,184,224,199,184,218,244,268,270,187,123,127,174,178,146,97,32,7,0,0,0,0,0,0,0,0,0,0,0,0,9,16,20,26,31,48,56,39,19,12,0,0,0,0,0,0,0,0,0,0,0,0,0,5,13,31,49,62,103,864,4200,14120,40414,91202,190561,341116,539334,770256,1009410,1231477,1410896,1538596,1612900,1635766,1612464,1549237,1453711,1328827,1181849,1021167,852598,692276,544914,418974,317334,239277,178528,133693,98549,73274,55185,41389,31654,25179,20601,17744,15190,13247,11744,10546,9455,8450,7470,6495,5719,5050,4456,4035,3761,3458,3062,2687,2353,2065,1766,1503,1432,1431,1290,1178,1053,921,768,774,683,539,523,471,383,312,346,354,331,270,231,170,163,167,154,151,132,106,70,60,38,24,21,13,0,0,0,0,0,0,4,23,25,30,32,16,0,0,0,0,0,0,0,0,0,0,0,0,0,0,15,21,28,35,44,56,59,57,55,46,22,10,0,0,0,0,0,0,0,0,0,0,0,0,0,0,0,0,0,0,0,0,0,0,0,0,0,0,0,0,0,0,0,0,0,0,0,0,0,0,0,0,0,0,0,0,0,0,0,0,0,0,0,0,0,0,0,0,0,0,0,0,0,0,0,0,0,0,0,0,0,0,0,0,0,0,0,0,0,0,0,0,0,0,0,0,0,0,22470334,0.0034227031,0.0245176374
minecraft:deepslate_copper_ore,0,0,0,0,0,0,0,0,0,0,0,0,0,0,0,0,0,0,0,0,0,0,0,0,0,0,0,0,0,0,0,0,0,0,0,0,0,0,0,0,0,0,0,0,106,10598,56226,134622,222507,316235,409716,505278,601527,701643,801225,897619,991089,1101995,1209649,1305988,1378074,1430320,1467783,1489180,1504557,1362387,1211177,1053323,878822,687177,474597,245025,0,0,0,0,0,0,0,0,0,0,0,0,0,0,0,0,0,0,0,0,0,0,0,0,0,0,0,0,0,0,0,0,0,0,0,0,0,0,0,0,0,0,0,0,0,0,0,0,0,0,0,0,0,0,0,0,0,0,0,0,0,0,0,0,0,0,0,0,0,0,0,0,0,0,0,0,0,0,0,0,0,0,0,0,0,0,0,0,0,0,0,0,0,0,0,0,0,0,0,0,0,0,0,0,0,0,0,0,0,0,0,0,0,0,0,0,0,0,0,0,0,0,0,0,0,0,0,0,0,0,0,0,0,0,0,0,0,0,0,0,0,0,0,0,0,0,0,0,0,0,0,0,0,0,0,0,0,0,0,0,0,0,0,0,0,0,0,0,0,0,0,0,0,0,0,0,0,0,0,0,0,0,0,0,0,0,0,0,0,0,0,0,0,0,0,0,0,0,0,0,0,0,0,0,0,0,0,0,0,0,0,0,0,0,0,0,0,0,0,0,0,0,0,0,0,0,0,0,0,0,0,0,0,0,0,0,0,0,0,0,0,0,0,0,0,0,0,0,0,0,0,0,0,0,0,0,0,0,0,0,0,0,0,0,22448445,0.0034193689,0.0244937541
minecraft:pointed_dripstone,0,0,0,0,1,4,12,21,41,250,7986,13000,17056,21071,22922,24797,27017,28993,33294,39661,47427,54699,59400,63108,67722,63766,66440,70266,75689,79983,84999,91748,102643,96049,100113,105279,111210,119946,128942,138780,158923,147105,152967,160140,169447,178921,192373,208296,238647,213309,219256,225187,231808,243163,256435,274021,315684,280905,288555,295480,300888,309684,322254,334959,373225,327677,322730,318241,312491,315110,322826,332336,365956,316089,308663,300286,292607,290292,291304,291843,314206,272961,265697,257739,254994,251357,251942,253285,267019,231799,224059,217128,212307,210880,210597,210598,216695,192563,181522,173036,166369,163156,159702,157127,161594,145774,141223,136422,132583,128115,124226,122342,123823,101660,91434,84037,77028,73096,70989,69589,70295,62115,57541,54018,52058,49934,49401,49572,49531,45069,42399,39356,37188,36605,36755,36160,37334,34789,33410,31485,29489,28269,26908,25942,26139,23767,22607,21546,20462,19589,19372,19290,20277,18293,17193,16742,16525,15894,15829,15782,16216,14248,12824,12057,11465,10805,10372,10290,11109,9638,8700,8159,7866,7826,8021,8532,9135,6844,5981,5333,5132,5101,5107,5192,5771,4230,3511,3226,2843,2621,2595,2647,2873,2464,2222,1972,1918,1873,1694,1659,1759,1561,1507,1474,1390,1373,1404,1418,1591,1330,1241,1110,1099,1102,1148,1132,1062,903,874,812,716,729,714,763,840,741,596,525,464,495,492,493,480,366,298,265,236,201,182,188,201,157,131,116,134,182,193,207,240,147,125,120,111,111,120,118,153,127,140,134,109,109,66,45,45,47,47,41,34,35,47,35,40,26,22,17,16,84,90,60,74,75,85,36,8,8,6,8,11,7,3,2,0,3,4,8,15,13,3,0,1,3,6,6,6,2,1,0,0,0,0,0,0,0,0,0,0,0,0,0,0,0,0,0,0,0,0,0,0,0,0,0,0,0,0,0,21489543,0.003273308,0.0234474852
minecraft:light_gray_terracotta,0,0,0,0,0,0,0,0,0,0,0,0,0,0,0,0,0,0,0,0,0,0,0,0,0,0,0,0,0,0,0,0,0,0,0,0,0,0,0,0,0,0,0,0,0,0,0,0,0,0,0,0,0,0,0,0,0,0,0,0,0,0,0,0,0,0,0,0,0,0,0,0,0,0,0,0,0,0,0,0,0,0,0,0,0,0,0,0,0,0,0,9,7,28,25,107,193,423,882,1187,606,36,21,2663,12945,47532,147657,179611,188960,278663,466050,567060,585437,404269,272934,45441,2465,245,232,176,158,219,9218,116916,461047,1107465,1642175,448731,419832,282781,141442,34788,4897,78,70,79,56,67,51,7712,70403,326904,771484,1278699,1299462,1328302,749355,380620,79236,19848,39,2606,59480,260352,630188,951289,720493,357505,72887,15381,38350,207867,518529,812099,639285,327153,61901,8384,37,29,21,8,0,2,0,0,0,11,5,4,0,0,0,0,0,7,5,0,1,0,0,0,0,0,0,0,0,0,0,0,0,0,0,0,0,0,0,0,0,0,0,0,0,0,0,0,0,0,0,0,0,0,0,0,0,0,0,0,0,0,0,0,0,0,0,0,0,0,0,0,0,0,0,0,0,0,0,0,0,0,0,0,0,0,0,0,0,0,0,0,0,0,0,0,0,91,119,130,0,0,0,0,0,0,0,0,0,0,0,0,0,0,0,0,9,2,0,0,0,0,0,0,0,0,0,0,0,0,0,0,0,0,0,0,0,0,0,0,0,0,0,0,0,0,0,0,0,0,0,0,0,0,0,0,0,0,0,0,0,0,0,0,0,0,0,0,19872228,0.003026957,0.0216828144
minecraft:jungle_leaves,0,0,0,0,0,0,0,0,0,0,0,0,0,0,0,0,0,0,0,0,0,0,0,0,0,0,0,0,0,0,0,0,0,0,0,0,0,0,0,0,0,0,0,0,0,0,0,0,0,0,0,0,0,0,0,0,0,0,0,0,0,0,0,0,0,0,0,0,0,0,0,0,0,0,0,0,0,0,0,0,0,0,0,0,0,0,0,0,0,0,0,0,0,0,0,0,0,0,0,20,21,5,5,0,0,0,0,0,0,41,41,10,10,5,2,26,50,141,265,336,405,462,819,1339,2180,2818,3181,5453,36719,108686,183751,252694,320852,390779,456290,534889,620770,684196,697753,685983,677508,664717,645215,622721,604223,579546,553950,535304,513653,498851,477212,471796,458508,452387,439201,423973,397302,372855,341611,316920,291652,274995,249375,226436,201230,177526,156432,146476,140390,135775,128497,119593,112367,103642,102352,100524,97510,97328,94974,89313,87934,84201,82511,80560,77962,70835,67069,62736,60058,58617,53910,49654,47569,45466,42957,39381,34773,33072,30848,28842,25254,24291,23201,21244,18677,16716,15227,13922,12320,10881,10520,8938,8302,7062,6421,5603,4917,5027,4065,3180,3228,2781,2158,1713,1934,1596,1453,1340,1651,1078,753,509,605,546,392,501,463,708,595,387,368,310,194,146,171,234,138,49,60,131,99,162,188,217,124,43,128,72,48,0,0,0,0,0,0,0,0,0,0,0,0,0,0,0,0,0,0,0,0,0,0,0,0,0,0,0,0,0,0,0,0,0,0,0,0,0,0,0,0,0,0,0,0,0,0,0,0,0,0,0,0,0,0,0,0,0,0,0,0,0,0,0,0,0,0,0,0,0,0,0,0,0,0,0,0,0,19496833,0.0029697765,0.0212732166
minecraft:yellow_terracotta,0,0,0,0,0,0,0,0,0,0,0,0,0,0,0,0,0,0,0,0,0,0,0,0,0,0,0,0,0,0,0,0,0,0,0,0,0,0,0,0,0,0,0,0,0,0,0,0,0,0,0,0,0,0,0,0,0,0,0,0,0,0,0,0,0,0,0,0,0,0,0,0,0,0,0,0,0,0,0,0,0,0,0,0,0,0,0,0,0,0,0,0,0,0,0,0,0,0,0,0,0,0,0,0,0,0,0,0,24,12,24,12,12,0,0,24,30,24,45,24,27,139,20,26,66,72,8093,23465,136687,426546,813703,1050887,1203287,1497904,1582198,1324157,730431,306592,68421,11818,186,128,195,177,210,232,271,167,124,66,81,62,77,51,45,39,24,42,37,55,59,55,74,1836,37616,258189,724549,1325357,1612208,1442526,858326,375390,254525,386936,504099,353571,204237,43394,25301,129574,248583,328270,209057,122708,50241,16545,0,0,0,0,0,0,0,0,0,0,0,0,0,0,11,8,12,0,6,0,0,0,0,0,0,0,0,0,0,0,0,0,0,0,0,0,0,0,0,0,0,0,0,0,0,0,0,266,10526,10390,6860,498,535,0,0,0,0,0,0,0,0,0,0,0,0,0,0,0,0,0,0,0,0,0,0,0,0,0,0,0,0,0,0,0,0,0,0,0,0,0,0,0,0,0,0,0,0,0,0,0,0,0,0,0,0,0,0,0,0,0,0,0,0,0,0,0,0,0,0,0,0,0,0,0,0,0,0,0,0,0,0,0,0,0,0,0,0,0,0,0,0,0,0,0,0,0,0,0,0,0,18729377,0.0028528769,0.0204358366
minecraft:dark_oak_leaves,0,0,0,0,0,0,0,0,0,0,0,0,0,0,0,0,0,0,0,0,0,0,0,0,0,0,0,0,0,0,0,0,0,0,0,0,0,0,0,0,0,0,0,0,0,0,0,0,0,0,0,0,0,0,0,0,0,0,0,0,0,0,0,0,0,0,0,0,0,0,0,0,0,0,0,0,0,0,0,0,0,0,0,0,0,0,0,0,0,0,0,0,0,0,0,0,0,0,0,0,0,0,0,0,0,0,43,52,106,103,48,4,0,0,0,42,51,24,4,99,249,428,514,555,679,1388,3077,4538,6130,8800,14572,97135,380089,806057,1144962,1243855,1167218,1079100,1059564,1065863,1053344,984033,840687,648528,467566,354760,307021,293807,295316,285790,251600,199580,149088,120821,113494,119691,128337,134488,129162,114611,103604,100822,103065,110760,121610,123284,111461,90803,70876,58022,55778,61130,67596,69552,62846,51519,39070,33352,32033,33816,36599,37453,33865,28772,22409,17541,16022,15689,15417,15318,15147,14317,13644,12593,11375,10138,8466,6998,5582,4235,3635,3541,3777,4317,4702,4591,4282,3605,3146,2544,2351,2506,2588,2655,2469,2042,1653,1594,1591,1693,1754,1969,1945,1761,1755,1543,1198,974,801,693,648,544,427,267,323,408,548,575,549,474,369,186,56,8,0,0,77,82,44,4,0,0,0,0,0,0,56,136,111,47,42,84,64,20,0,0,0,0,0,0,40,94,113,80,24,0,0,0,0,0,0,0,0,0,0,0,0,0,0,0,0,0,0,0,0,0,0,0,0,0,0,0,0,0,0,0,0,0,0,0,0,0,0,0,0,0,0,0,0,0,0,0,0,0,0,0,0,0,0,0,0,0,0,0,0,0,16999827,0.0025894301,0.0185487049
minecraft:white_terracotta,0,0,0,0,0,0,0,0,0,0,0,0,0,0,0,0,0,0,0,0,0,0,0,0,0,0,0,0,0,0,0,0,0,0,0,0,0,0,0,0,0,0,0,0,0,0,0,0,0,0,0,0,0,0,0,0,0,0,0,0,0,0,0,0,0,0,0,0,0,0,0,0,0,0,0,0,0,0,0,0,0,0,2,4,4,5,2,1,0,1,5,3,12,9,80,118,151,302,515,353,42,45,63,124,4132,23876,96231,227623,221875,214655,280972,387179,314724,204594,59047,50171,83975,106681,107022,104552,93604,83300,40863,23757,118290,440908,943938,286232,233755,146269,183122,407671,555679,386659,202562,45661,8143,819,790,581,8159,70365,310191,677203,976465,650586,349077,79094,19848,200,169,132,2519,59039,263445,642184,933526,698607,337718,68073,14691,37589,223040,541633,807649,620639,311547,58455,8117,174,119,124,3844,25899,170324,316835,432696,318060,193221,50371,9388,88,79,93,79,60,22,23,36,28,24,11,34,29,27,26,46,44,24,6,0,0,17,12,14,14,0,0,0,11,8,12,0,0,0,0,0,0,0,0,0,0,0,0,0,0,0,0,0,0,0,0,0,0,0,0,0,0,0,0,0,0,0,0,0,0,0,0,0,0,0,0,0,0,0,917,499,969,10,0,0,0,0,0,111,125,151,0,0,0,0,0,0,0,0,0,0,0,0,0,0,0,0,16,4,0,0,0,0,0,0,0,0,0,0,0,0,0,0,0,0,0,0,0,0,0,0,0,0,0,0,0,0,0,0,0,0,0,0,0,0,0,0,0,0,0,0,0,0,0,0,0,0,0,0,0,16986437,0.0025873906,0.0185340949
minecraft:snow_block,0,0,0,0,0,0,0,0,0,0,0,0,0,0,0,0,0,0,0,0,0,0,0,0,0,0,0,0,0,0,0,0,0,0,0,0,0,0,0,0,0,0,0,0,0,0,0,0,0,0,0,0,0,0,0,0,0,0,0,0,0,0,0,0,0,0,0,0,0,0,0,0,0,0,0,0,0,0,0,0,0,0,0,0,0,2,0,3,1,0,4,0,4,1,0,0,0,0,0,0,0,0,1,6,0,7,47,46,36,18,9,23,21,65,336,716,929,1145,1306,1657,1889,1972,2963,6275,10511,16337,80377,113437,74163,89258,109747,122916,120986,118721,119993,109547,76683,80560,86085,98588,109965,114621,114247,105432,78264,86285,115974,148053,182878,202865,214774,217467,184310,201545,217139,234497,248433,244981,230534,203008,138098,139942,146551,157940,168226,173714,165850,150885,102951,104900,111076,120573,131408,140217,140197,131175,94311,98856,110699,126527,142289,154779,157753,148565,112660,120645,134414,152121,171720,179972,177168,161111,119636,125370,136330,150941,163850,172146,171443,159097,121047,126841,133152,142145,152768,156983,153035,140056,104981,108654,115425,126140,135058,138942,137692,128549,88019,87559,90119,94266,100455,103576,99822,84915,57160,56615,59241,62680,65083,64946,61202,54343,38391,37075,36996,38258,40474,40609,37925,33061,25120,23666,23816,24540,25240,25067,23588,19622,13901,14127,14520,15209,15430,15167,13930,11672,7691,7866,8202,8891,9344,9690,9197,8101,5773,5607,5712,5997,6221,6448,6514,6527,4775,4651,4627,4769,4903,4871,4905,4309,3328,3576,4125,4762,5375,5499,5327,5313,3624,3732,4125,4181,4400,4497,4416,3935,3233,3089,2776,2641,2590,2801,2388,1611,742,858,1109,1486,1986,2287,2258,1760,481,834,1319,1614,1678,1275,1305,43,0,0,0,0,0,0,0,0,0,0,0,0,0,0,0,0,14795612,0.002253682,0.0161436608
minecraft:mud,0,0,0,0,0,0,0,0,0,0,0,0,0,0,0,0,0,0,0,0,0,0,0,0,0,0,0,0,0,0,0,0,0,4,18,8,14,26,42,34,28,36,46,32,22,38,22,38,36,19,34,50,30,42,32,26,46,36,30,10,12,10,24,18,12,16,24,18,28,20,4,10,12,22,8,14,0,0,0,0,0,0,0,0,0,0,0,0,0,0,0,0,0,0,0,0,0,0,9,18,12,7,4,18,37,375,2191,4427,4294,3705,3020,2349,3814,7919,25797,50626,86005,119977,161989,223348,359641,616923,1044790,1556060,1858544,1795055,1446803,1297107,762139,634823,516830,408656,309511,229420,164429,112859,73559,50816,38716,30585,27009,23946,21059,17965,15213,14228,13411,12697,11730,10900,10249,9605,8783,7666,6799,6238,5539,4892,4493,3842,3576,3063,2680,2349,2077,1954,1869,1789,1842,1739,1559,1387,1153,1077,989,998,1047,942,725,615,490,404,383,343,401,325,281,213,154,160,134,120,125,78,80,103,98,81,50,20,11,6,6,4,4,11,3,36,92,93,87,67,50,47,52,50,43,32,23,17,6,4,2,2,0,3,7,14,16,19,47,40,36,0,0,0,0,0,0,0,0,0,0,0,0,0,0,0,0,0,0,0,0,0,0,0,0,0,0,0,0,0,0,0,0,0,0,0,0,0,0,0,0,0,0,0,0,0,0,0,0,0,0,0,0,0,0,0,0,0,0,0,0,0,0,0,0,0,0,0,0,0,0,0,0,0,0,0,0,0,0,0,0,0,0,0,0,0,0,0,0,0,0,0,0,0,0,0,0,0,0,0,0,0,0,0,14282925,0.002175589,0.0155842622
minecraft:gold_ore,0,0,0,0,0,0,0,0,0,0,0,0,0,0,0,0,0,0,0,0,0,0,0,0,0,0,0,0,0,0,0,1,2,1,0,0,0,3,1,1,0,0,2,1,0,0,2,1,3,2,2,0,2,1,2,5,0,0,1851,11897,32126,58139,85487,110348,130793,221092,295909,358115,416409,466522,511182,551011,583412,564366,541512,519596,493340,466121,440271,413895,388254,365589,343754,318058,291331,266119,242426,216657,190614,165700,140933,116014,91086,68440,57718,49900,41858,39585,39697,39885,39842,39553,39960,40208,39955,40337,39040,37894,37968,37434,36950,36274,35322,34643,32116,29435,28392,27480,26815,26125,26307,25719,24713,24083,24241,23850,22922,22788,23075,22785,21916,21301,21042,20834,20294,19782,19714,18954,17708,16986,16090,15230,15130,14971,14555,14310,13767,12418,12031,11922,11515,11015,11006,10822,9568,8476,7796,7662,7452,7194,6732,6221,5579,4859,4395,4039,3805,3567,3470,3348,2969,2817,2634,2413,2347,2305,2124,2034,2155,2030,1846,1581,1518,1533,1443,1411,1196,1141,1128,1064,1014,1004,888,808,749,727,668,624,692,623,632,568,532,435,387,359,320,256,261,277,232,198,197,159,117,100,61,57,46,24,23,29,25,23,14,25,13,22,23,8,17,11,8,2,4,0,4,1,0,0,0,0,0,0,0,0,0,0,0,0,0,0,0,0,0,0,0,0,0,0,0,0,0,0,0,0,0,0,0,0,0,0,0,0,0,0,0,0,0,0,0,0,0,0,0,0,0,0,0,0,0,0,0,0,0,0,0,0,0,0,0,0,0,0,0,0,0,0,0,0,0,0,0,0,0,0,0,0,0,0,0,0,0,0,0,0,0,0,0,0,0,0,0,0,0,0,12221702,0.0018616215,0.0133352383
minecraft:polished_tuff,0,0,0,0,0,0,0,0,0,0,0,0,15,43,64,5497,7932,7763,8514,9425,7317,12516,21834,24427,35926,38449,35303,38559,42185,62998,69635,130335,152099,135514,158134,173859,223048,236655,222644,252655,249040,374891,395288,361002,395903,404403,402382,384793,421741,438489,386844,402635,337358,334623,357380,339597,327001,291998,286651,346455,267345,280762,159147,158367,144920,151661,172753,125683,133024,101452,97636,104888,99004,105108,86747,89023,75770,60120,61949,31205,31251,30709,28777,35219,24009,26157,11666,13936,16822,13045,14097,9429,6941,3837,3193,2441,1592,1816,1008,2108,1371,721,1610,0,8,0,741,0,0,0,0,0,0,0,0,0,0,0,0,0,0,0,0,0,0,0,0,0,0,0,0,0,0,0,0,0,0,0,0,0,0,0,0,0,0,0,0,0,0,0,0,0,0,0,0,0,0,0,0,0,0,0,0,0,0,0,0,0,0,0,0,0,0,0,0,0,0,0,0,0,0,0,0,0,0,0,0,0,0,0,0,0,0,0,0,0,0,0,0,0,0,0,0,0,0,0,0,0,0,0,0,0,0,0,0,0,0,0,0,0,0,0,0,0,0,0,0,0,0,0,0,0,0,0,0,0,0,0,0,0,0,0,0,0,0,0,0,0,0,0,0,0,0,0,0,0,0,0,0,0,0,0,0,0,0,0,0,0,0,0,0,0,0,0,0,0,0,0,0,0,0,0,0,0,0,0,0,0,0,0,0,0,0,0,0,0,0,0,0,0,0,0,0,0,0,0,0,0,0,0,0,0,0,0,0,0,0,0,0,0,0,0,0,0,0,0,0,0,0,0,0,0,0,0,0,0,12140887,0.0018493117,0.0132470601
minecraft:oak_planks,0,0,120,228,1033,1701,2488,3785,6238,9186,18525,25685,32326,42078,54152,69057,79204,88170,92602,98784,109468,111714,117327,124710,124100,127368,127911,128276,128256,134413,132465,138108,140278,141480,135349,131106,132422,130562,127140,130790,139850,144507,142279,142860,148766,151468,155503,152653,160484,159350,160166,161263,157911,154284,153258,150326,157006,152039,151875,145722,135502,136167,132367,134193,131361,131407,125264,128981,125134,121713,119956,119587,119808,112931,113500,112240,111971,105931,107088,107524,110256,112079,108730,109272,112716,113059,115196,114661,120750,119318,120656,114772,120304,118288,117030,108767,113585,108253,103072,100524,93166,90564,86282,81687,75853,69573,60301,52402,44530,35070,26388,19049,14658,10657,8908,7495,6459,5680,4968,4292,3480,2879,2555,2500,2106,1939,15911,7093,4477,3121,4285,10021,10542,8808,6611,6094,5928,5147,4627,4776,4288,3217,2904,2327,2291,2086,1901,2096,1601,1300,1130,1371,601,772,609,887,979,703,681,592,608,535,557,556,607,614,583,728,645,492,595,688,674,529,421,478,550,460,426,537,587,419,360,352,290,214,229,171,197,114,364,239,196,136,139,149,110,135,264,206,144,128,64,30,16,17,16,20,9,83,29,43,90,70,20,21,39,35,9,7,8,7,0,0,10,8,10,0,6,6,0,0,0,0,0,0,0,0,0,0,0,0,0,0,0,0,0,0,0,0,0,0,0,0,0,0,0,0,0,0,0,0,0,0,0,0,0,0,0,0,0,0,0,0,0,0,0,0,0,0,0,0,0,0,0,0,0,0,0,0,0,0,0,0,0,0,0,0,0,0,0,0,0,0,0,0,0,0,0,0,0,0,0,0,0,0,0,0,0,0,0,0,0,0,0,0,0,0,0,0,0,0,0,0,0,0,11894405,0.0018117673,0.0129781208
minecraft:kelp,0,0,0,0,0,0,0,0,0,0,0,0,0,0,0,0,0,0,0,0,0,0,0,0,0,0,0,1,2,1,1,0,1,0,2,0,0,1,2,5,4,4,2,5,10,4,3,3,10,7,15,11,12,16,24,26,47,35,38,39,57,74,105,128,181,268,293,344,400,431,525,506,596,617,661,693,716,707,776,901,1071,1167,1521,1793,2065,2520,2990,3507,4347,5049,6287,7505,8369,9220,10631,12030,13796,17521,25973,39940,61624,94260,134461,179756,224260,261741,279474,293409,301460,305752,309414,333194,405090,522242,534444,552209,584445,614700,638294,652290,652238,614336,522763,372427,324019,1104358,31038,6,0,0,0,0,0,0,0,0,0,0,0,0,0,0,0,0,0,0,0,0,0,0,0,0,0,0,0,0,0,0,0,0,0,0,0,0,0,0,0,0,0,0,0,0,0,0,0,0,0,0,0,0,0,0,0,0,0,0,0,0,0,0,0,0,0,0,0,0,0,0,0,0,0,0,0,0,0,0,0,0,0,0,0,0,0,0,0,0,0,0,0,0,0,0,0,0,0,0,0,0,0,0,0,0,0,0,0,0,0,0,0,0,0,0,0,0,0,0,0,0,0,0,0,0,0,0,0,0,0,0,0,0,0,0,0,0,0,0,0,0,0,0,0,0,0,0,0,0,0,0,0,0,0,0,0,0,0,0,0,0,0,0,0,0,0,0,0,0,0,0,0,0,0,0,0,0,0,0,0,0,0,0,0,0,0,0,0,0,0,0,0,0,0,0,0,0,0,0,0,0,0,0,0,0,0,0,0,0,11090316,0.0016892877,0.0121007701
minecraft:waxed_copper_block,0,0,0,0,0,0,0,0,0,0,0,458,6413,7793,8651,8391,14376,17564,26496,25516,24382,37758,39980,41002,48084,50753,85355,103314,134424,153437,156430,182789,197813,243500,260887,260450,281436,288937,345450,345026,332878,355408,351828,355946,347761,360851,374191,338714,321419,302720,300723,311984,276062,271894,225700,216338,222796,191792,192428,138381,136929,131135,130887,127322,107677,111038,92597,96917,92586,76689,70103,52454,52840,53984,44720,40006,27010,28476,27984,24862,23861,19646,21394,15839,15432,10778,8768,6420,4592,4525,3193,3559,2590,1884,1661,1285,1502,1051,918,780,549,1024,27,0,30,0,0,0,0,0,0,0,0,0,0,0,0,0,0,0,0,0,0,0,0,0,0,0,0,0,0,0,0,0,0,0,0,0,0,0,0,0,0,0,0,0,0,0,0,0,0,0,0,0,0,0,0,0,0,0,0,0,0,0,0,0,0,0,0,0,0,0,0,0,0,0,0,0,0,0,0,0,0,0,0,0,0,0,0,0,0,0,0,0,0,0,0,0,0,0,0,0,0,0,0,0,0,0,0,0,0,0,0,0,0,0,0,0,0,0,0,0,0,0,0,0,0,0,0,0,0,0,0,0,0,0,0,0,0,0,0,0,0,0,0,0,0,0,0,0,0,0,0,0,0,0,0,0,0,0,0,0,0,0,0,0,0,0,0,0,0,0,0,0,0,0,0,0,0,0,0,0,0,0,0,0,0,0,0,0,0,0,0,0,0,0,0,0,0,0,0,0,0,0,0,0,0,0,0,0,0,0,0,0,0,0,0,0,0,0,0,0,0,0,0,0,0,0,0,0,0,0,0,0,0,0,10864203,0.0016548459,0.0118540557
minecraft:ice,0,0,0,0,0,0,0,0,0,0,0,0,0,0,482,240,0,0,0,0,0,0,0,0,0,0,0,0,0,0,0,0,0,0,0,0,0,0,0,0,0,0,0,0,0,0,0,0,0,0,0,0,0,0,0,0,0,0,0,0,0,0,0,0,0,0,0,0,0,0,0,0,0,0,0,0,0,0,0,0,3,0,0,60,0,0,0,0,0,0,0,0,0,0,0,0,0,0,0,0,0,0,0,0,6,1,0,0,0,0,0,8,0,0,0,0,0,379,0,6163,505,2,2,568,15,24,10536936,59,47,9,24,16,27,23,16,37,21,12,7,10,11,4,5,74,5,8,7,16,6,5,13,332,30,60,98,91,104,301,122,531,287,191,293,586,361,338,289,295,310,318,380,402,439,468,479,446,448,490,609,729,756,730,603,777,495,561,607,637,707,683,597,526,509,572,619,665,709,734,573,516,466,509,550,703,823,840,853,817,874,1031,1220,1635,1955,2051,1960,1599,1286,1319,1357,1534,1746,1791,1665,1485,1448,1619,1756,1836,1953,1931,1711,1394,1169,1229,1336,1432,1519,1533,1371,1103,1042,1060,1139,1180,1207,1258,1034,794,688,751,836,839,766,678,563,448,398,388,390,424,423,388,356,321,245,272,286,303,338,380,345,344,280,276,249,260,256,249,238,225,217,277,339,413,466,476,410,303,297,307,347,404,361,360,314,249,224,168,146,119,137,146,120,73,47,50,81,103,137,134,98,63,26,34,56,82,66,66,52,1,0,0,0,0,0,0,0,0,0,0,0,0,0,0,0,0,10652354,0.0016225769,0.0116229048
minecraft:red_terracotta,0,0,0,0,0,0,0,0,0,0,0,0,0,0,0,0,0,0,0,0,0,0,0,0,0,0,0,0,0,0,0,0,0,0,0,0,0,0,0,0,0,0,0,0,0,0,0,0,0,0,0,0,0,0,0,0,0,0,0,0,0,0,0,0,0,0,0,0,0,0,0,0,0,0,0,0,0,0,0,0,0,0,0,0,0,0,0,0,0,0,0,0,2,47,110,177,314,550,1633,5059,9164,9222,6020,2282,253,0,1,5,25,102,206,304,455,417,578,584,542,450,455,468,446,416,387,342,275,352,428,597,537,660,684,345,288,251,184,6798,55141,317697,943837,1697456,1684164,992791,394434,83055,15940,152,101,130,4346,67648,282634,641892,911424,648313,349487,80681,18146,77,78,127,54,48,49,13,15,19,38,37,13,25,4,4,12,11,3,9,11,14,18,6,0,0,0,0,0,6,3,3,3,1,1,1,0,0,0,0,0,0,529,8374,36596,84346,143465,176540,151357,100862,39303,15800,2001,0,0,0,255,2021,23956,55147,83496,97710,64496,38612,10067,7680,708,0,15,4,2264,22397,37351,44728,26047,12134,2704,1499,47,0,0,0,0,0,0,0,0,0,0,0,0,0,0,0,0,0,0,0,0,0,0,0,0,0,0,0,0,0,0,0,0,0,0,0,0,0,0,0,0,0,0,0,0,0,0,0,0,0,0,0,2,1,0,0,0,0,0,0,0,0,0,0,0,0,0,0,0,0,0,0,0,0,0,0,0,0,0,0,0,0,0,0,0,0,0,0,0,0,0,0,0,0,0,0,0,0,0,0,0,0,10535101,0.0016047168,0.0114949687
minecraft:oak_log,0,0,0,0,0,0,5,12,22,18,686,1519,2296,3167,3763,4289,4572,4890,5419,6185,6790,7237,7415,7406,7441,7094,6859,6732,6858,6728,6706,6699,6790,6263,6211,6108,5995,6176,6464,6778,7163,6873,6896,7039,7086,7086,7072,7094,7091,6736,6342,6292,6033,5705,5573,5473,5538,5248,4878,4607,4548,4446,4351,4332,4450,4288,4410,4278,4181,4067,4010,3881,3952,3958,3914,3921,3989,4148,4289,4121,3961,3708,3591,3588,3708,3764,3735,3673,3473,3104,2909,2758,2560,2394,2268,2204,2035,1835,1555,1391,1264,1079,958,703,626,461,422,290,191,133,140,140,117,151,270,463,548,613,758,893,1191,2027,2749,3537,4694,11910,28868,141004,299554,374726,458361,520394,541676,537732,534265,543696,535369,481558,419556,354225,290706,241316,208431,192944,179929,157757,138081,119313,102263,90929,85487,87529,88857,83244,77996,72654,67527,65570,66781,71371,74844,70743,66111,60656,54278,50540,50188,53153,56156,53312,49925,46216,42444,40619,41534,45031,47678,45404,42488,38607,34635,32041,31697,33279,34270,32075,29501,26246,22880,20263,18733,18446,17597,15738,13993,11926,9996,8587,7725,7418,6980,6331,5632,4809,4120,3560,3269,3198,3124,2749,2443,2113,1809,1599,1479,1442,1475,1361,1249,1083,947,849,821,803,788,678,604,550,470,431,419,405,390,325,286,262,222,192,176,153,159,178,194,198,184,173,152,120,92,68,60,37,30,24,24,28,29,29,30,25,24,15,11,6,7,7,4,3,3,5,5,3,4,5,3,1,0,0,0,0,0,0,1,1,2,2,1,1,0,0,0,0,0,0,0,0,0,0,0,0,0,0,0,0,0,0,0,0,0,0,0,0,0,0,0,0,0,0,0,0,0,0,0,0,0,0,0,0,0,0,0,0,0,0,0,0,10263680,0.0015633737,0.0111988182
minecraft:spruce_log,0,0,0,0,0,0,0,0,0,0,0,0,0,0,0,0,0,0,0,0,0,0,0,0,0,0,0,0,0,0,0,0,0,0,0,0,0,0,0,0,0,0,0,0,0,0,0,0,0,0,0,0,0,0,0,0,0,0,0,0,0,0,0,0,0,0,0,0,0,2,2,2,1,0,0,0,0,0,0,1,1,1,2,2,2,2,4,4,6,6,10,10,8,8,7,8,10,7,9,15,15,36,79,72,140,130,155,131,144,139,115,108,142,267,368,478,470,477,471,562,632,955,1246,1584,2198,3409,6712,79591,189476,238575,295086,353810,405741,436740,445590,446848,440153,407389,370977,334261,296596,259657,229228,208250,194463,178595,165397,153560,141648,130426,121408,115598,110974,102633,95359,88863,83347,78919,76278,75531,74949,70634,66657,62552,58381,54525,52136,51493,52148,49973,48120,46412,44936,43926,43927,45209,46623,45131,43460,41601,39319,37100,35433,34379,33603,31997,30265,28549,26607,24837,23273,22081,21095,19742,18426,17199,15983,14857,14174,13945,13683,13011,12317,11587,10825,10009,9267,8640,8016,7222,6473,5794,5226,4714,4384,4259,4128,3829,3554,3272,2957,2621,2340,2188,2057,1839,1711,1554,1416,1319,1198,1134,1039,933,833,744,642,563,494,453,390,398,360,316,266,223,188,152,124,92,75,61,47,30,27,25,20,20,16,16,12,10,9,10,8,6,4,3,3,3,3,2,1,1,1,2,3,3,2,2,2,2,1,1,1,0,0,0,0,0,0,0,0,0,0,0,0,1,2,3,3,3,3,3,1,1,1,0,0,0,0,0,0,0,0,0,0,0,0,0,0,0,0,0,0,0,0,0,0,0,0,0,0,0,0,0,9099196,0.0013859984,0.0099282364
minecraft:waxed_oxidized_copper,0,0,0,0,0,0,0,0,0,0,0,9928,12975,12975,13103,16478,15691,26027,25089,23661,43954,47208,43332,54145,64060,139392,153604,162467,182054,182634,210389,205045,245564,270029,252288,277639,265096,294534,286731,276995,280677,266200,278342,296639,277077,288848,219045,205955,197848,187849,204538,165686,170992,125875,118617,120900,99515,107817,88226,84529,91471,87677,95282,64275,63734,47457,45897,52766,37980,36845,19298,19859,21350,18447,17214,11510,13312,17437,15158,15939,10467,9473,6995,5430,6331,3493,2247,941,611,269,188,271,52,85,71,674,87,0,0,0,259,3,32,0,0,0,0,0,0,0,0,0,0,0,0,0,0,0,0,0,0,0,0,0,0,0,0,0,0,0,0,0,0,0,0,0,0,0,0,0,0,0,0,0,0,0,0,0,0,0,0,0,0,0,0,0,0,0,0,0,0,0,0,0,0,0,0,0,0,0,0,0,0,0,0,0,0,0,0,0,0,0,0,0,0,0,0,0,0,0,0,0,0,0,0,0,0,0,0,0,0,0,0,0,0,0,0,0,0,0,0,0,0,0,0,0,0,0,0,0,0,0,0,0,0,0,0,0,0,0,0,0,0,0,0,0,0,0,0,0,0,0,0,0,0,0,0,0,0,0,0,0,0,0,0,0,0,0,0,0,0,0,0,0,0,0,0,0,0,0,0,0,0,0,0,0,0,0,0,0,0,0,0,0,0,0,0,0,0,0,0,0,0,0,0,0,0,0,0,0,0,0,0,0,0,0,0,0,0,0,0,0,0,0,0,0,0,0,0,0,0,0,0,0,0,0,0,0,0,0,0,0,0,0,0,0,8439149,0.0012854594,0.0092080516
minecraft:sculk_vein,0,0,0,0,15,114,258,647,1028,1536,106202,123101,148821,446865,336175,330565,258379,314704,250299,289544,214409,211502,215591,202653,221360,188842,186879,179776,174179,169765,172871,198208,219034,169323,144359,130368,122263,115466,113824,112233,124147,102978,92617,84188,77311,75393,72414,68947,76415,61609,56869,53260,49459,47637,45596,44688,51394,39836,38728,36347,35105,34533,33955,32980,40193,30468,28842,26593,25128,24492,23820,22638,27573,21404,21023,19578,18424,17289,16915,15675,18872,14298,13676,12750,11910,11893,11381,10669,11857,9511,8999,8281,7605,7081,6840,6069,6852,5524,5363,5137,4671,4547,4287,3910,3748,3254,3194,2692,2454,2065,1960,1860,1774,1686,1588,1501,1425,1380,1311,1217,1185,932,913,791,710,682,649,621,619,528,494,469,469,522,585,585,642,449,442,395,351,315,323,296,330,326,314,289,277,245,228,188,167,125,138,144,134,131,170,158,157,106,98,84,80,73,56,50,38,22,21,62,38,37,35,15,4,0,2,0,0,13,45,39,10,0,0,0,0,0,0,0,0,0,0,0,0,0,0,0,0,0,0,0,0,0,0,0,0,0,0,0,0,0,0,0,0,0,0,0,0,0,0,0,0,0,0,0,0,0,0,0,0,0,0,0,0,0,0,0,0,0,0,0,0,0,0,0,0,0,0,0,0,0,0,0,0,0,0,0,0,0,0,0,0,0,0,0,0,0,0,0,0,0,0,0,0,0,0,0,0,0,0,0,0,0,0,0,0,0,0,0,0,0,0,0,0,0,0,0,0,0,0,0,0,0,0,0,0,0,0,0,0,0,0,0,0,0,0,0,0,0,0,0,0,0,0,0,0,0,0,0,0,0,0,0,8151127,0.0012415876,0.0088937875
minecraft:bamboo,0,0,0,0,0,0,0,0,0,0,0,0,0,0,0,0,0,0,0,0,0,0,0,0,0,0,0,0,0,0,0,0,0,0,0,0,0,0,0,0,0,0,0,0,0,0,0,0,0,0,0,0,0,0,0,0,0,0,0,0,0,0,0,0,0,0,0,0,0,0,0,0,0,0,0,0,0,0,0,0,0,0,0,0,0,0,0,0,1,3,3,4,4,4,4,5,5,5,5,5,6,7,13,18,18,18,18,18,19,21,26,26,25,39,60,168,313,500,680,826,1022,1521,2061,2646,3464,4689,7671,53162,114727,146497,180446,216123,253386,286826,318743,346061,368372,368040,363237,354009,341051,324975,306021,286237,265267,239089,215566,192951,172130,154142,138213,125197,116705,106163,98585,91986,85932,80551,76280,73417,70987,66414,62542,59328,55699,51948,48440,45603,42740,39212,36100,33316,31215,29180,27492,25991,24609,22843,21258,19594,18111,16541,15203,13750,12266,10954,9576,8327,7092,5966,5046,4259,3515,2923,2429,2026,1686,1376,1151,939,786,671,602,541,503,446,393,328,283,260,244,220,194,185,178,168,165,147,139,125,116,103,99,100,99,88,91,86,88,85,79,77,69,67,64,65,64,62,61,59,54,106,154,176,168,164,161,154,142,123,110,102,81,65,57,47,30,20,14,4,1,1,1,1,1,1,1,1,1,1,0,0,0,0,0,0,0,0,0,0,0,0,0,0,0,0,0,0,0,0,0,0,0,0,0,0,0,0,0,0,0,0,0,0,0,0,0,0,0,0,0,0,0,0,0,0,0,0,0,0,0,0,0,0,0,0,0,0,0,0,0,0,0,0,0,0,7853817,0.001196301,0.0085693892
minecraft:glow_lichen,0,0,5,11,33,76,103,186,284,436,28776,34894,36551,39412,41690,43606,49528,50408,50875,52028,54007,57373,59756,62301,70098,71260,69321,67658,65668,65835,66147,66973,74070,74005,71891,69956,69211,68790,69250,69467,76778,77496,75386,74268,74386,74114,75158,75443,84446,81920,80798,79111,78253,78054,79528,79983,91917,89810,87182,85927,85309,84605,84163,84163,95055,89567,87501,86280,84863,85010,86143,85676,97526,91980,88909,87322,85915,86249,86800,85997,104658,91354,86825,84188,83058,81922,80223,79078,88862,82813,79572,76117,74157,72761,71901,70052,83466,70051,65514,61159,57245,55650,54887,52891,58021,53480,49042,46144,43596,41578,39615,37695,47961,37497,30828,26888,24162,21441,19767,18271,20734,16743,14234,12599,11034,10259,9641,9241,10363,9479,8593,7895,7255,7070,6606,6238,7643,6595,5949,5561,5063,4960,4804,4523,5481,4856,4279,3840,3629,3380,3245,3118,3948,3441,2913,2639,2491,2223,2199,2081,2805,2279,1755,1673,1535,1371,1290,1168,1571,1232,1052,932,820,795,730,678,914,742,619,540,489,494,489,449,472,476,357,342,306,315,296,285,305,291,246,202,212,178,175,184,181,197,161,147,133,112,113,132,144,122,119,104,75,113,94,119,130,84,59,44,54,53,55,53,69,54,34,40,37,31,29,31,29,22,33,32,19,29,18,25,14,23,15,13,16,11,13,9,15,14,18,11,8,6,6,10,8,4,8,8,2,3,6,2,2,3,5,5,1,0,1,3,1,2,5,5,0,4,3,3,4,3,2,3,2,0,1,2,1,0,2,3,0,0,0,0,0,2,0,0,0,0,1,0,0,0,0,0,0,0,0,0,0,0,0,0,0,0,0,0,0,0,0,0,0,0,0,0,0,0,0,0,0,0,0,0,7826671,0.0011921661,0.0085397699
minecraft:cave_vines_plant,0,0,0,0,0,0,4,6,6,9,12,45,2946,3892,4973,6775,9693,12098,13151,13862,14798,16409,19501,25560,35288,42361,44369,44554,44527,44438,47289,54388,66818,74148,77690,77580,76717,74290,73669,78491,93171,98117,99326,100575,99513,98107,105372,116603,139728,145864,149832,148046,146959,145825,151635,166505,194994,198321,202333,195434,184613,166338,149683,138928,142093,125958,118045,110526,104705,99859,97984,99822,109600,98041,89397,79733,72661,66981,64450,64607,74111,68570,65480,65479,61944,57608,56751,56436,62504,59582,56497,53637,51070,48179,46571,47643,51346,45546,40232,34189,28649,24658,22351,22036,24429,23989,23462,21236,18598,15926,13970,13161,14007,12455,11077,9298,7785,6698,6156,6104,6956,7027,6701,6153,5349,4663,4351,4424,5200,5942,5774,5029,4382,3745,3631,4190,5115,4805,4108,3495,3060,2690,2520,2628,3074,3054,2888,2455,2138,1833,1775,2122,2804,2732,2259,1835,1338,975,889,885,964,826,664,507,464,373,284,302,333,350,287,266,238,207,212,245,295,302,323,306,270,257,263,329,415,432,349,297,246,203,184,160,158,147,125,131,110,101,104,96,96,106,97,99,105,94,98,114,117,86,80,69,69,67,73,77,82,89,92,88,88,54,45,43,48,33,37,33,28,31,50,79,109,111,90,66,54,46,18,13,7,5,1,1,2,2,1,3,3,11,7,4,2,2,3,1,7,3,2,0,0,0,0,0,1,1,1,1,0,0,0,0,0,0,0,0,0,0,0,0,0,0,0,0,0,0,0,0,0,0,0,0,0,0,0,0,0,0,0,0,0,0,0,0,0,0,0,0,0,0,0,0,0,0,0,0,0,0,0,0,0,0,0,0,0,0,0,0,0,0,0,0,0,0,0,0,7670125,0.0011683209,0.0083689608
minecraft:podzol,0,0,0,0,0,0,0,0,0,0,0,0,0,0,0,0,2,33,26,16,38,38,39,26,38,124,100,110,126,172,183,224,315,412,338,381,452,439,391,492,543,363,508,494,431,516,393,400,380,414,469,418,367,308,318,302,233,246,216,289,241,258,249,195,239,255,272,260,179,195,167,165,166,98,154,100,114,130,94,68,46,40,49,62,40,32,44,25,43,8,8,24,12,29,16,18,34,1,6,3,26,19,22,12,5,6,35,100,92,78,78,205,104,124,796,3298,3422,3774,3949,4566,7442,7662,8429,9969,13645,42447,492557,758974,347458,376004,398702,405809,414344,420175,402977,352169,158880,130311,116772,113637,113972,114889,119915,115315,57408,52446,50290,50951,59320,71236,84166,88655,45042,48368,52034,54998,58689,70921,76598,74297,40074,37353,35111,34875,38620,45442,51730,52525,25827,27433,28560,35520,39235,43580,49185,44080,22163,22311,22207,22241,25973,27925,29352,27348,13728,11264,10983,10898,9921,10357,9460,9873,5960,5667,5214,4790,5605,7721,9261,7033,2940,2367,2029,1596,1393,1274,1098,888,630,469,526,530,496,468,413,456,295,285,298,161,123,93,157,180,81,90,69,73,94,59,40,20,30,20,18,9,22,14,16,8,108,128,64,2,7,3,4,5,28,27,24,25,11,12,7,6,7,8,1,8,5,2,8,4,17,18,27,32,30,17,0,0,10,11,6,0,0,0,0,0,1,0,0,0,0,0,0,0,0,0,0,0,0,0,0,0,0,0,0,0,0,0,0,0,0,0,0,0,0,0,0,0,0,0,0,0,0,0,0,0,0,0,0,0,0,0,0,0,0,0,0,0,0,0,0,0,7461752,0.0011365813,0.0081416026
minecraft:redstone_ore,0,0,0,0,0,0,0,0,0,0,0,0,0,0,0,0,0,0,0,0,0,0,0,0,0,0,0,0,0,0,0,0,0,1,1,0,1,0,1,0,2,3,1,0,0,0,0,1,0,2,3,1,0,0,1,0,1,1,1203,8740,24128,44432,66747,87241,105394,185079,257189,324823,388458,450766,514918,578853,637915,645023,646058,650466,648642,584436,323468,61255,0,0,0,0,0,0,0,0,0,0,0,0,0,0,0,0,0,0,0,0,0,0,0,0,0,0,0,0,0,0,0,0,0,0,0,0,0,0,0,0,0,0,0,0,0,0,0,0,0,0,0,0,0,0,0,0,0,0,0,0,0,0,0,0,0,0,0,0,0,0,0,0,0,0,0,0,0,0,0,0,0,0,0,0,0,0,0,0,0,0,0,0,0,0,0,0,0,0,0,0,0,0,0,0,0,0,0,0,0,0,0,0,0,0,0,0,0,0,0,0,0,0,0,0,0,0,0,0,0,0,0,0,0,0,0,0,0,0,0,0,0,0,0,0,0,0,0,0,0,0,0,0,0,0,0,0,0,0,0,0,0,0,0,0,0,0,0,0,0,0,0,0,0,0,0,0,0,0,0,0,0,0,0,0,0,0,0,0,0,0,0,0,0,0,0,0,0,0,0,0,0,0,0,0,0,0,0,0,0,0,0,0,0,0,0,0,0,0,0,0,0,0,0,0,0,0,0,0,0,0,0,0,0,0,0,0,0,0,0,0,0,0,0,0,0,0,0,0,0,0,0,0,0,0,0,0,7235254,0.0011020809,0.0078944681
minecraft:cobblestone,0,0,0,0,0,132,475,791,1209,13097,30606,47018,65118,85755,90869,96649,96830,96508,96038,92161,89593,95203,105485,112522,111270,109213,105988,93201,87273,88283,93292,98521,98568,96579,95310,89940,83415,85050,92120,97686,95886,97337,97711,92131,90039,93865,100188,109209,110994,109545,108506,99628,90999,91957,98321,105044,103701,103362,102488,92738,86013,87710,88209,82380,70319,57862,47072,31194,27616,28421,30018,31517,30942,30848,29798,27221,25407,25499,27352,29823,30180,31344,31837,29270,28723,29727,31709,34214,34080,34038,33430,30909,29426,29588,30494,31692,30159,29203,26527,22883,21462,20985,21128,22025,20879,20041,19432,17867,17880,18759,21578,22939,19932,17817,17243,15053,14606,14151,14208,13559,13082,12269,11214,10654,11250,11380,14454,28538,27021,25534,27207,23243,21288,20302,20259,19814,18590,15730,14612,12253,9591,9078,9352,8901,7569,7149,7365,6068,5277,5811,5627,5960,5820,6114,4582,3993,4121,4206,3982,3568,3654,3106,3197,2368,2434,2674,2754,3144,3146,2915,2683,2423,2151,2052,1988,2198,2179,2022,1634,1462,1242,1116,1118,1104,1155,1063,1172,1115,1190,1039,824,666,499,558,533,592,424,859,393,415,343,310,296,139,131,506,171,179,237,195,137,134,83,87,110,132,453,80,124,76,56,82,48,45,24,26,0,0,0,13,29,27,47,49,20,18,19,0,0,0,0,0,0,12,19,14,52,53,32,32,29,26,27,27,28,0,0,8,39,4,0,0,0,0,0,0,0,0,0,0,0,0,0,0,0,0,0,0,0,0,0,0,0,0,0,0,0,0,0,0,0,0,0,0,0,0,0,0,0,0,0,0,0,0,0,0,0,0,0,0,0,0,0,0,0,0,0,0,0,0,0,0,0,0,0,0,0,0,0,0,0,0,0,0,0,0,7166532,0.0010916131,0.0078194847
minecraft:oak_fence,0,0,424,1118,1726,2475,4024,6207,9278,13232,17045,23140,30652,37819,43835,48872,54661,60007,64266,65899,66124,69106,70247,70928,72326,72972,74712,76575,75846,74582,77056,81591,82729,78437,75790,77064,77702,76314,75168,76406,78097,80082,82300,81907,82905,83909,83786,84607,85001,88665,89581,85588,82682,80729,81445,84538,86174,85988,83518,83475,82383,79841,79264,80021,79352,77628,78976,77983,76902,76182,74724,72999,72327,73533,73021,70570,69090,68592,66787,66603,68440,68689,68947,70063,71306,71045,70714,73133,75239,75155,77137,79140,78975,76666,75064,75743,74427,73025,68887,64925,62761,58501,54596,51967,48347,43118,37522,31147,24627,18144,12351,7871,4896,3258,1654,586,303,359,396,345,275,250,245,206,178,120,99,2652,2114,1848,971,1110,967,1000,1221,1108,1091,771,689,474,365,533,546,374,403,330,349,200,318,223,231,150,384,178,134,65,81,117,146,99,111,132,173,105,84,82,146,143,163,116,188,96,38,85,222,119,137,88,65,59,46,83,129,47,48,21,17,40,4,4,29,21,33,22,47,31,6,13,13,27,19,23,4,14,55,2,2,2,1,16,2,1,4,2,7,1,1,1,1,0,0,0,0,1,2,2,1,1,1,1,0,0,0,0,0,0,0,0,0,0,0,0,0,0,0,0,0,0,0,0,0,0,0,0,0,0,0,0,0,0,0,0,0,0,0,0,0,0,0,0,0,0,0,0,0,0,0,0,0,0,0,0,0,0,0,0,0,0,0,0,0,0,0,0,0,0,0,0,0,0,0,0,0,0,0,0,0,0,0,0,0,0,0,0,0,0,0,0,0,0,0,0,0,0,0,0,0,0,0,0,0,0,0,0,0,0,7103394,0.0010819959,0.0077505941
minecraft:chiseled_tuff_bricks,0,0,0,0,0,0,0,0,0,0,0,0,33,24,4550,5639,6561,4525,7635,8835,19030,19823,18155,25477,32151,31868,39261,35254,56213,71511,96326,107276,102301,124462,133416,167662,180312,173353,189303,189555,230671,228759,215251,226280,229286,223051,218839,224045,240284,209771,203234,176507,175609,196400,166369,159930,125618,122322,134001,108504,108804,78704,67630,69499,69278,71303,57009,58148,45484,45561,50186,40812,37586,25922,22678,23690,20208,19567,9883,9079,10961,9643,8523,6273,6056,4253,4548,4537,3879,3317,1628,1113,759,608,826,291,372,270,427,252,0,0,0,5,223,0,0,0,0,0,0,0,0,0,0,0,0,0,0,0,0,0,0,0,0,0,0,0,0,0,0,0,0,0,0,0,0,0,0,0,0,0,0,0,0,0,0,0,0,0,0,0,0,0,0,0,0,0,0,0,0,0,0,0,0,0,0,0,0,0,0,0,0,0,0,0,0,0,0,0,0,0,0,0,0,0,0,0,0,0,0,0,0,0,0,0,0,0,0,0,0,0,0,0,0,0,0,0,0,0,0,0,0,0,0,0,0,0,0,0,0,0,0,0,0,0,0,0,0,0,0,0,0,0,0,0,0,0,0,0,0,0,0,0,0,0,0,0,0,0,0,0,0,0,0,0,0,0,0,0,0,0,0,0,0,0,0,0,0,0,0,0,0,0,0,0,0,0,0,0,0,0,0,0,0,0,0,0,0,0,0,0,0,0,0,0,0,0,0,0,0,0,0,0,0,0,0,0,0,0,0,0,0,0,0,0,0,0,0,0,0,0,0,0,0,0,0,0,0,0,0,0,0,0,0,0,6665037,0.0010152249,0.0072722978
minecraft:dark_oak_log,0,0,0,0,0,0,0,0,0,0,0,0,0,0,430,369,448,368,144,1647,144,186,0,0,0,0,0,0,0,0,0,0,0,0,0,0,0,0,0,0,0,0,0,0,0,0,0,0,0,0,0,0,0,0,0,0,0,0,0,0,0,0,0,0,0,0,0,0,0,0,0,0,0,0,0,0,0,0,0,0,0,0,0,0,0,0,0,0,2,2,2,2,0,2,2,3,3,5,7,18,17,32,47,70,113,101,149,105,103,108,89,99,125,153,201,341,375,346,338,389,423,664,882,1221,1789,2733,4590,49609,120457,166836,230437,307061,379240,423053,429231,413313,394527,367181,339526,305974,263659,215704,170806,138248,118741,105522,96710,89681,79633,68097,56713,50012,46931,44800,45547,45331,44380,42125,41164,40498,41425,40616,39699,38368,35162,30675,26641,24364,23200,22194,21971,21432,19877,17378,15013,13480,12740,12271,12099,11541,10696,9327,7875,6833,6024,5690,5540,5378,5194,4941,4622,4268,3803,3467,2813,2349,1884,1643,1471,1572,1628,1732,1618,1859,1362,1266,1484,1049,938,848,887,867,869,756,900,625,646,774,642,676,624,574,503,465,416,339,282,230,200,167,149,143,148,166,173,170,152,123,92,55,26,16,8,12,14,16,24,16,8,0,2,16,14,24,30,36,45,31,21,51,19,16,8,4,0,3,12,13,16,21,23,18,13,4,0,0,0,0,0,0,0,0,0,0,0,0,0,0,0,0,0,0,0,0,0,0,0,0,0,0,0,0,0,0,0,0,0,0,0,0,0,0,0,0,0,0,0,0,0,0,0,0,0,0,0,0,0,0,0,0,0,0,0,0,0,0,6352847,0.0009676718,0.0069316637
minecraft:birch_log,0,0,0,0,0,0,0,0,0,0,0,0,0,0,0,0,0,0,0,0,0,0,0,0,0,0,0,0,0,0,0,0,0,0,0,0,0,0,0,0,0,0,0,0,0,0,0,0,0,0,0,0,0,0,0,0,0,0,0,0,0,0,0,0,0,0,0,0,0,0,0,0,0,0,0,0,0,0,0,0,0,0,0,0,0,2,2,2,2,2,1,2,1,1,1,2,2,2,2,2,2,1,1,2,3,4,4,3,4,6,7,10,12,17,35,62,128,181,237,308,455,907,1264,1679,2194,3179,6164,68909,164020,206427,254409,304232,338128,345487,339711,333663,330178,298505,263120,224098,184435,148504,123220,109024,101643,89322,78448,68243,58484,50017,45374,44850,46280,43827,41676,39495,36941,34755,34552,36757,38978,37296,35223,32564,29460,26819,25535,26256,27676,26422,25079,23524,21823,20578,20790,22561,24268,23548,22384,20751,18783,16972,16160,16620,17428,16691,15655,14304,12568,10657,9238,8406,7692,6654,5671,4724,3815,3065,2598,2392,2278,2022,1798,1517,1278,1065,915,869,823,754,646,557,483,381,322,303,294,274,265,243,208,181,176,171,158,142,138,119,98,86,76,70,68,66,57,51,48,47,40,34,34,35,38,34,30,31,29,24,21,17,12,10,6,3,3,3,3,3,4,4,3,1,1,1,0,1,1,1,1,1,1,1,0,0,0,0,0,0,0,0,0,0,0,0,0,0,0,0,0,0,0,0,0,0,0,0,0,0,0,0,0,0,0,0,0,0,0,0,0,0,0,0,0,0,0,0,0,0,0,0,0,0,0,0,0,0,0,0,0,0,0,0,0,0,0,0,5664735,0.0008628579,0.0061808569
minecraft:tall_grass,0,0,1,1,0,1,8,14,12,14,1725,3942,5111,6291,7219,7899,8195,8108,9034,11164,13962,16485,17863,18827,18247,15061,13569,15242,17376,19531,21522,23878,26143,23009,20346,22720,24967,27488,30954,35301,38885,36201,33227,36136,41089,46556,51002,56682,62479,53641,45007,49392,52043,54866,58435,61987,64971,52684,40695,42063,41787,41753,42063,43239,46056,39016,31687,33622,34736,35848,36977,38854,40561,32972,25979,27441,28179,28438,29313,30627,30707,26228,22481,22798,24334,25496,25199,25279,24444,19774,16223,16656,16657,16861,17087,16488,14754,11594,9476,9448,9366,9328,9512,9122,8092,6438,5407,5311,5494,5645,5406,5120,4535,3581,3133,3332,3416,3459,3610,3546,3311,3354,3476,3486,4098,5375,9152,101105,245398,220009,144271,153074,159270,161940,162453,162433,151896,101209,55750,46787,42238,42461,45370,48380,48471,34143,19748,18298,18142,19234,21822,26121,29405,22553,15023,15274,16172,18265,21784,25986,27071,19307,12225,11985,12470,14152,16743,19906,22141,16822,10606,10541,11825,14799,18528,22767,24533,17223,10330,10110,10815,12186,14002,15943,16471,12011,7522,6698,6355,6048,6063,6927,6949,4667,2897,2815,2608,2570,2590,2646,2520,1834,1228,1106,1179,1184,1062,1092,1062,715,421,307,215,197,256,339,279,148,94,88,82,76,77,72,53,17,2,5,8,7,6,14,24,19,19,21,16,11,8,8,7,12,17,15,13,14,10,10,9,3,2,4,4,7,12,10,4,3,4,3,4,4,4,3,1,0,0,0,0,0,0,0,0,0,0,0,0,0,0,0,0,0,0,0,0,0,0,0,0,0,0,0,0,0,0,0,0,0,0,0,0,0,0,0,0,0,0,0,0,0,0,0,0,0,0,0,0,0,0,0,0,0,0,0,0,0,0,0,0,0,0,0,0,0,0,0,5618910,0.0008558778,0.0061308567
minecraft:bubble_column,0,0,0,0,0,0,0,0,0,12,54,109,189,306,486,689,1025,1308,1565,1809,2196,2740,3369,4181,5592,6968,8689,10736,12857,15025,17211,19011,20609,20279,19732,19020,18716,19043,18013,19034,20267,14480,14297,13728,7514,7625,7501,5148,5822,6151,6264,7118,7856,8710,9745,10818,12245,12809,14318,17221,22570,31475,43442,58295,76545,85468,93278,98257,102313,105843,110009,115319,124743,122512,122942,122671,124118,126785,122071,124261,126593,91763,86023,81730,62153,63858,68243,69048,76965,76132,75424,74529,73354,72693,72412,72755,74747,66793,68116,71679,75668,80016,83980,86631,88583,82682,78359,74789,72546,70888,70747,72672,75183,68074,63223,59659,55969,52775,49324,46865,43907,40333,37702,35527,32589,29822,26141,11,7,7,0,0,0,11,7,7,31,45,62,79,83,95,107,118,98,148,170,229,295,351,411,444,371,358,319,291,274,277,242,237,153,112,110,106,15,17,16,0,0,0,0,0,0,0,0,0,0,1,1,2,11,16,24,37,34,33,32,27,31,34,36,29,22,20,21,24,34,36,24,23,7,2,2,1,0,0,0,0,0,0,0,0,0,0,0,0,0,0,0,0,0,0,0,0,0,0,0,0,0,0,0,0,0,0,0,0,0,0,0,0,0,0,0,0,0,0,0,0,0,0,0,0,0,0,0,0,0,0,0,0,0,0,0,0,0,0,0,0,1,2,6,6,4,4,4,4,4,4,1,0,0,0,0,0,0,0,0,0,0,0,0,0,0,0,0,0,0,0,0,0,0,0,0,0,0,0,0,0,0,0,0,0,0,0,0,0,0,0,0,0,0,0,0,0,0,0,0,0,0,0,0,0,0,0,0,0,5599109,0.0008528617,0.0061092516
minecraft:acacia_leaves,0,0,0,0,0,0,0,0,0,0,0,0,0,0,0,0,0,0,0,0,0,0,0,0,0,0,0,0,0,0,0,0,0,0,0,0,0,0,0,0,0,0,0,0,0,0,0,0,0,0,0,0,0,0,0,0,0,0,0,0,0,0,0,0,0,0,0,0,0,0,0,0,0,0,0,0,0,0,0,0,0,0,0,0,0,0,0,0,0,0,0,0,0,0,0,0,0,0,0,0,0,0,0,0,0,0,0,0,0,0,0,0,0,0,0,0,0,20,28,113,35,91,153,145,254,413,741,1395,6547,20878,39349,82428,166092,259177,327358,335229,315530,299609,307014,302723,294185,262996,209802,152723,113236,89261,82690,83250,83672,77148,67526,51724,39501,35457,36337,39221,44586,46958,42401,35358,30496,28806,32654,37747,42288,40811,36582,27271,21601,18648,21745,25316,26468,27842,23610,19381,17044,16085,18860,22906,27007,26996,24055,20880,16476,14167,14096,14773,16421,16638,14494,11532,8946,7143,7743,7749,6360,6420,6715,5237,3999,4084,3970,4070,3590,3803,3186,3010,3181,2421,2513,2321,2344,1899,1398,1147,944,477,566,642,929,1022,646,536,578,416,291,288,261,281,109,119,35,19,115,98,104,160,174,153,115,69,57,76,41,53,139,175,167,98,66,75,22,44,56,13,0,0,0,0,0,47,19,0,0,0,0,0,0,0,0,0,0,0,0,0,0,0,0,0,0,0,19,9,20,48,57,13,0,0,0,0,0,0,0,0,0,0,0,0,0,0,44,13,0,0,0,0,0,0,0,0,0,0,0,0,0,0,0,0,0,0,0,0,0,0,0,0,0,0,0,0,0,0,0,0,5220817,0.0007952399,0.0056964929
minecraft:jungle_log,0,0,0,0,0,0,0,0,0,0,0,0,0,0,0,0,0,0,0,0,0,0,0,0,0,0,0,0,0,0,0,0,0,0,0,0,0,0,0,0,0,0,0,0,0,0,0,0,0,1,0,0,0,0,0,0,0,0,0,0,0,0,0,0,0,0,0,0,0,0,0,0,0,0,0,0,0,0,0,0,0,0,0,0,0,0,0,1,0,3,7,3,4,3,3,3,7,18,10,16,21,34,35,53,87,77,96,92,69,53,47,66,55,83,128,268,244,278,252,252,328,724,792,923,1186,1643,3045,46522,90318,92929,112313,129624,146041,161755,178014,191751,199545,188539,182584,175091,167932,161899,156816,152332,146440,135435,127294,119266,112205,106287,101046,96398,91823,83184,76219,69652,63666,58766,54810,51741,48455,42781,38793,35471,32677,30856,29975,29585,28895,26406,24759,23429,22473,22087,22258,22440,22289,20514,19455,18450,17769,17172,16892,16463,15461,14050,13004,12006,11227,10659,10106,9624,9080,8098,7370,6743,6128,5638,5206,4830,4414,3919,3461,3102,2814,2547,2284,2072,1895,1654,1476,1288,1147,1006,920,838,724,641,554,491,421,385,346,323,299,245,222,202,180,138,135,123,124,105,98,90,76,62,50,41,37,43,36,36,34,25,21,24,26,28,20,19,17,11,9,8,5,2,0,0,0,0,0,0,0,0,0,0,0,0,0,0,0,0,0,0,0,0,0,0,0,0,0,0,0,0,0,0,0,0,0,0,0,0,0,0,0,0,0,0,0,0,0,0,0,0,0,0,0,0,0,0,0,0,0,0,0,0,0,0,0,0,0,0,0,0,0,0,0,0,0,0,0,0,0,0,4860134,0.0007403003,0.0053029476
minecraft:cave_vines,0,0,0,0,1,4,6,8,11,9,36,4041,2692,3462,4617,6270,7750,8105,8499,9204,10144,12104,15452,19995,25007,25537,24526,24303,24612,26813,30117,35136,41957,43360,41345,41663,41001,41813,43538,49462,56063,55856,57293,54435,53168,62318,64250,72448,85818,84555,79672,79314,78113,83465,89890,99907,113177,111967,104339,99520,90967,84855,78670,74327,75286,67346,60211,56927,53992,54260,55082,56742,58425,51382,44457,40323,36926,36247,35633,39855,40636,37001,39652,33995,31596,34705,32047,32708,35866,32027,28774,27725,25922,26183,26263,26980,26808,22928,19098,16450,14057,12861,12480,13023,13846,12817,11725,10297,8829,8103,7571,7430,7470,6179,5198,4393,3777,3532,3443,3744,3930,3690,3485,3029,2634,2472,2389,2668,3506,3136,2691,2424,2089,1964,2312,2484,2562,2270,1913,1591,1451,1387,1412,1493,1733,1542,1351,1118,998,1054,1155,1320,1475,1259,906,765,575,531,483,480,506,426,286,265,213,173,178,184,236,196,148,139,125,124,142,161,174,188,175,148,136,150,177,218,240,210,182,147,100,108,86,90,99,68,77,67,50,57,57,51,67,63,64,53,55,55,57,40,51,47,41,32,39,45,45,36,54,58,46,49,37,27,30,26,15,18,18,11,20,27,37,50,53,45,42,25,20,21,15,5,2,2,1,1,1,1,4,2,8,1,2,0,2,1,1,9,0,0,1,1,0,0,2,1,2,1,1,0,0,1,0,0,0,0,0,0,0,0,0,0,0,0,0,0,0,0,0,0,0,0,0,0,0,0,0,0,0,0,0,0,0,0,0,0,0,0,0,0,0,0,0,0,0,0,0,0,0,0,0,0,0,0,0,0,0,0,0,0,0,0,0,0,0,0,0,0,4262091,0.0006492058,0.004650416
minecraft:moss_carpet,0,0,3,0,1,2,23,10,16,29,4392,5570,7386,8895,9884,10496,11408,10636,12942,15814,19720,22121,23767,24902,25577,16399,18693,21152,24189,26292,29256,32182,38683,24425,27578,30625,33803,38043,42594,48584,57167,41557,44857,48696,57780,63116,68850,77391,91711,55017,61951,65877,69625,73941,77236,82851,95729,52492,55403,56283,56084,55948,55580,57911,69435,39651,43541,44555,46354,47684,49502,51865,59933,32763,35070,36663,36467,36655,39287,39967,44009,28741,29745,30443,34693,33357,32872,33465,35157,20511,22012,22246,22095,22662,21771,21198,20655,12880,12456,12708,12408,12150,12145,11601,11169,6962,7056,7093,7418,7225,7003,6586,5981,4136,4075,4140,4189,4203,4380,4214,3943,2955,2831,2932,3134,3299,3413,28323,39871,49623,56897,52828,51082,39617,30788,23727,18248,13366,10346,8325,6441,4936,3818,3054,2312,1589,1406,1333,1170,1084,1070,1133,994,654,667,674,628,643,643,615,573,457,416,394,359,394,355,372,400,379,330,304,287,281,258,238,267,173,179,190,207,223,195,247,223,85,85,97,125,141,142,93,128,59,62,48,53,57,60,131,130,60,63,73,58,50,33,70,65,50,22,40,50,33,33,35,33,27,20,25,24,33,8,6,3,5,3,3,1,3,9,14,8,16,20,20,12,9,9,13,7,4,6,8,15,10,18,19,16,0,2,2,5,7,7,15,10,7,5,2,4,5,1,2,1,0,0,1,1,0,0,0,0,0,0,0,0,0,0,0,0,0,0,0,0,0,0,0,0,0,0,0,0,0,0,0,0,0,0,0,0,0,0,0,0,0,0,0,0,0,0,0,0,0,0,0,0,0,0,0,0,0,0,0,0,0,0,0,0,0,0,0,0,0,0,0,4047195,0.0006164727,0.0044159406
minecraft:mossy_cobblestone,0,0,0,0,0,416,820,547,1233,34761,32545,36695,37671,44002,45452,45615,37019,36786,38447,37601,42108,51160,60607,48091,38083,36870,37604,36307,38359,41388,48135,48211,37092,34163,36254,38121,36672,42917,50101,44578,36873,40438,38051,39228,43683,45942,55864,55418,42160,39629,37547,38876,40866,46017,54274,48617,36714,39909,37447,34597,38245,39088,42726,17875,11989,12376,12904,11503,11539,14535,15941,14084,10942,11213,10068,11100,10494,12050,16370,14365,12299,12668,10634,12912,13701,14500,16990,15222,13424,13187,11066,12978,12392,14228,15792,12144,10748,9965,7857,9610,9514,10071,11648,9097,8185,7144,6500,6891,8256,8833,9823,6948,7919,7976,7448,7051,7452,7895,8984,8748,9321,10536,12104,15114,20923,32315,54968,71974,71544,56939,52110,53007,53746,53775,51522,44713,34056,24084,18504,16826,16094,16508,16247,14885,12011,9533,8122,8545,9078,10396,11068,11011,9974,7605,7545,8162,8493,9545,10026,10071,8615,6654,5855,6036,6481,7159,7712,7936,6833,5464,4855,5563,6187,6855,7614,6992,5553,4182,3424,3555,3654,4000,4708,4175,3399,2325,2038,1959,1812,1758,1713,1584,1366,1136,1060,986,1018,1338,1480,1186,811,422,289,224,343,267,270,191,122,122,161,92,71,94,53,115,59,165,54,30,11,114,24,28,23,33,35,38,13,83,10,1,28,0,0,0,0,0,0,0,0,0,0,37,0,1,3,4,2,1,49,4,4,1,0,1,3,2,1,0,0,0,0,0,0,0,0,0,0,0,0,5,9,6,5,9,5,0,0,0,0,3,0,0,0,0,0,0,0,0,0,0,0,0,0,0,0,0,0,0,0,0,0,0,0,0,0,0,0,0,0,0,0,0,0,0,0,0,0,0,0,0,0,0,0,0,0,0,0,0,0,0,0,0,0,0,4030459,0.0006139234,0.0043976797
minecraft:red_sand,0,0,0,0,0,0,0,0,0,0,0,0,0,0,0,0,0,0,0,0,0,0,0,0,0,0,0,0,0,0,0,0,0,0,0,0,0,0,0,0,0,0,0,0,0,0,0,0,0,0,0,0,0,0,0,0,0,0,0,0,0,0,0,0,0,0,0,0,0,0,0,0,0,0,0,0,0,0,0,0,0,0,0,2,8,0,3,1,1,0,1,2,1,0,1,1,5,6,8,7,14,10,16,30,45,56,71,99,88,98,103,120,122,333,947,2159,2763,2879,3109,4004,5087,5754,6130,6647,7528,11400,337578,442572,249621,257835,269600,299928,310196,322515,324571,300198,160005,146397,130741,82860,23860,2285,55,0,0,0,0,0,0,0,0,0,0,0,0,0,0,0,0,0,0,0,0,0,0,0,0,0,0,0,0,0,0,0,0,0,0,0,0,0,0,0,0,0,0,0,0,0,0,0,0,0,0,0,0,0,0,0,0,0,0,0,0,0,0,0,0,0,0,0,0,0,0,0,0,0,0,0,0,0,0,0,0,0,0,0,0,0,0,0,0,0,0,0,0,0,0,0,0,0,0,0,0,0,0,0,0,0,0,0,0,0,0,0,0,0,0,0,0,0,0,0,0,0,0,0,0,0,0,0,0,0,0,0,0,0,0,0,0,0,0,0,0,0,0,0,0,0,0,0,0,0,0,0,0,0,0,0,0,0,0,0,0,0,0,0,0,0,0,0,0,0,0,0,0,0,0,0,0,0,0,0,0,0,0,0,0,0,0,0,0,0,0,0,0,0,3720476,0.0005667065,0.0040594538
minecraft:budding_amethyst,0,0,1,29,392,2066,4804,8692,12353,15790,19457,22738,26286,30122,33509,36403,39423,40976,40962,40611,40025,39981,40086,40437,40839,40870,40699,41131,40801,40722,40416,40024,39448,39436,39001,38859,38462,38933,39092,39571,39637,39891,40067,40505,40031,40421,40095,40335,39628,39298,39432,39128,39107,39462,39085,39628,40246,39920,40352,40271,39964,40161,40395,40244,39935,39895,39362,38713,38949,39193,39458,39577,40087,39817,40083,39821,40390,39971,40119,40100,39566,39472,39268,39306,39351,39520,39746,40180,40863,40737,40726,40605,40397,39508,37800,35058,31422,28250,24920,21641,18700,15213,11842,8255,4744,2179,639,107,21,0,0,0,0,0,0,0,0,0,0,0,0,0,0,0,0,0,0,0,0,0,0,0,0,0,0,0,0,0,0,0,0,0,0,0,0,0,0,0,0,0,0,0,0,0,0,0,0,0,0,0,0,0,0,0,0,0,0,0,0,0,0,0,0,0,0,0,0,0,0,0,0,0,0,0,0,0,0,0,0,0,0,0,0,0,0,0,0,0,0,0,0,0,0,0,0,0,0,0,0,0,0,0,0,0,0,0,0,0,0,0,0,0,0,0,0,0,0,0,0,0,0,0,0,0,0,0,0,0,0,0,0,0,0,0,0,0,0,0,0,0,0,0,0,0,0,0,0,0,0,0,0,0,0,0,0,0,0,0,0,0,0,0,0,0,0,0,0,0,0,0,0,0,0,0,0,0,0,0,0,0,0,0,0,0,0,0,0,0,0,0,0,0,0,0,0,0,0,0,0,0,0,0,0,0,0,0,0,0,0,0,0,0,0,0,0,0,0,0,0,0,0,0,0,0,0,0,3566256,0.0005432156,0.0038911826
minecraft:fern,0,0,0,0,0,0,0,0,0,0,0,0,0,0,0,0,0,0,0,0,0,0,0,0,0,0,0,0,0,0,0,0,0,0,0,0,0,0,0,0,0,0,0,0,0,0,0,0,0,0,0,0,0,0,0,0,0,0,0,0,0,0,0,0,0,0,0,0,0,0,0,1,0,0,0,0,0,0,0,1,0,0,0,0,1,0,0,0,0,1,1,2,1,2,0,0,2,1,2,2,2,5,4,1,2,1,3,2,5,4,6,9,8,13,57,167,278,320,344,385,604,1645,1739,2047,2803,4672,11523,234773,361510,167727,177255,183499,186704,191109,193764,188063,165309,70349,57159,50209,47918,49103,51960,54432,51069,24261,21882,20735,20822,23217,27819,33125,34754,17068,17492,18442,19800,21847,25258,28115,26854,13239,12220,11840,12388,14536,16936,19343,19715,9690,9738,9668,11549,13273,15823,17494,15599,7583,6998,7212,7290,8641,9828,9464,8477,4190,3665,3603,3377,3348,3510,3565,3120,1557,1569,1448,1378,1607,2072,2220,1889,871,800,632,621,562,542,423,433,248,228,187,179,164,161,171,143,79,77,71,57,44,35,54,49,28,24,26,21,14,11,15,7,5,1,3,4,2,1,0,2,19,24,5,5,3,1,2,2,3,4,3,2,1,0,2,0,1,2,1,1,0,0,0,0,0,0,1,4,0,3,0,1,1,1,0,1,0,0,0,0,0,0,0,0,0,0,0,0,0,0,0,0,0,0,0,0,0,0,0,0,0,0,0,0,0,0,0,0,0,0,0,0,0,0,0,0,0,0,0,0,0,0,0,0,0,0,0,0,0,0,0,0,0,0,0,3227819,0.0004916645,0.0035219101
minecraft:magma_block,0,0,0,0,0,0,0,8,192,233,274,644,791,1133,1236,1692,1743,1940,2051,2612,3105,3540,4878,5839,6476,9449,10787,11822,13139,13888,14118,11858,10089,10554,11075,11363,12131,13628,13166,10677,9163,7803,7259,5952,7012,5881,6508,6061,6438,6790,7568,6829,7287,7908,8566,8190,8190,11790,16309,24918,36118,47951,61335,59401,53970,53098,52110,52022,53186,55708,61691,54327,48974,53002,55889,57843,58538,56485,54006,41388,30613,29778,29643,30920,36811,41840,44988,41841,38628,38666,38382,38651,39240,39774,40631,40720,43215,46714,50456,52758,53203,51540,48632,41672,37671,36570,37476,38270,40081,41915,42759,36351,30763,27591,25695,24019,22447,20038,18146,15938,14423,13577,11627,9256,6638,4372,3250,1954,1109,1074,1117,1152,1089,1062,860,645,466,382,413,449,407,364,370,311,253,290,390,358,370,422,335,265,207,216,264,221,234,214,179,129,143,133,138,105,94,80,103,93,112,109,118,94,112,126,116,110,67,46,53,99,126,124,111,47,41,22,30,26,31,25,28,43,22,22,32,24,26,30,27,14,15,0,0,0,0,0,1,1,1,2,6,10,7,9,0,0,0,0,0,0,0,0,3,2,0,0,0,0,0,0,0,0,0,0,0,0,0,0,0,0,0,0,0,0,0,0,0,0,0,0,0,0,0,0,0,0,0,0,0,0,0,0,0,0,0,0,0,3,11,4,0,0,0,0,0,0,0,0,0,0,0,0,0,0,0,0,0,0,0,0,0,0,0,0,0,0,0,0,0,0,0,0,0,0,0,0,0,0,0,0,0,0,0,0,0,0,0,0,0,0,0,0,0,0,0,0,0,0,0,0,0,0,0,0,0,0,3028332,0.0004612785,0.0033042475
minecraft:coarse_dirt,0,0,0,0,0,0,0,0,0,0,0,0,0,0,0,0,0,0,0,0,0,0,0,0,0,0,0,0,0,0,0,0,0,0,0,0,0,0,0,0,0,0,0,0,0,0,0,0,0,0,0,0,0,0,0,0,0,0,15,146,102,84,64,87,31,15,6,2,2,1,4,7,4,0,2,0,0,0,0,0,0,0,0,0,6,2,2,2,2,0,2,13,22,35,28,36,20,1,0,3,6,15,27,42,39,31,54,120,280,424,630,870,1337,1714,1836,2476,3904,4011,3743,3968,4631,4883,4901,5466,6216,8749,125205,165340,89358,92569,94054,93848,92350,85578,80470,74255,40622,36037,34361,32755,32090,30577,30338,29815,19380,18175,17636,17788,18955,20460,24051,24711,16655,18523,20078,20348,20938,22024,23087,23410,14767,14887,14953,16776,17784,29501,33876,54538,30029,31789,33848,38604,43114,52151,53239,50684,27684,26444,25622,25522,28833,32670,33933,36489,20788,19526,19750,20658,18470,20228,20671,22322,11929,11810,10616,8834,8479,8910,9498,8204,6347,6100,5798,5022,5019,5203,4855,5042,3332,3049,3011,2850,3417,3558,3769,3882,2339,2218,2110,2077,2024,1870,2028,2449,1489,1180,1173,1072,1087,1178,1225,982,750,686,561,491,499,436,410,519,1321,869,330,203,202,163,204,197,298,223,189,216,236,219,173,156,113,100,80,73,69,58,73,63,75,80,54,81,105,100,83,83,107,120,94,78,73,66,47,35,247,137,73,61,53,40,19,21,19,23,27,51,20,10,5,5,99,0,0,0,0,0,0,0,0,0,0,0,0,0,0,0,0,0,0,0,0,0,0,0,0,0,0,0,0,0,0,0,0,0,0,0,0,0,0,0,2764516,0.0004210938,0.0030163949
minecraft:rail,0,0,349,418,741,953,1876,2427,4304,5083,6664,9503,12400,15268,16846,18971,20878,22865,25053,26214,25296,27835,27664,27830,27597,28581,28803,29954,27653,29812,30659,32376,30412,29123,28565,30284,29364,28534,28195,29488,30332,31376,31284,31396,32364,32890,32364,33852,32682,35035,34338,32634,32573,32692,32357,32724,34334,32387,31274,31951,30965,30559,30326,30381,29180,29069,30474,28522,29217,27750,27710,26914,26971,27413,26954,25775,25617,25085,25069,24856,26357,25533,26106,25668,27277,26582,27432,27418,28108,27639,29519,28880,29692,27821,27549,27228,26537,26635,23643,22272,22011,19980,19288,18226,16755,14532,12284,9480,7599,5083,3340,1641,1532,775,256,6,64,63,71,75,143,336,435,401,542,742,955,1367,1279,1554,1225,1246,1113,1228,1345,1324,1075,941,665,975,915,624,734,448,386,389,479,525,338,215,231,293,314,378,306,177,204,199,211,209,272,279,186,349,306,207,168,168,172,176,194,136,144,109,183,162,217,226,38,82,112,44,87,40,68,87,37,79,59,20,0,5,0,0,0,0,0,0,0,0,0,0,0,0,0,0,0,0,0,0,6,11,35,0,0,36,107,35,25,0,0,18,0,0,0,0,0,0,0,0,0,0,0,0,0,0,0,0,0,0,0,0,0,0,0,0,0,0,0,0,0,0,0,0,0,0,0,0,0,0,0,0,0,0,0,0,0,0,0,0,0,0,0,0,0,0,0,0,0,0,0,0,0,0,0,0,0,0,0,0,0,0,0,0,0,0,0,0,0,0,0,0,0,0,0,0,0,0,0,0,0,0,0,0,0,0,0,0,0,0,0,0,0,0,0,0,0,0,0,0,0,0,0,0,0,0,2700592,0.0004113568,0.0029466467
minecraft:waxed_oxidized_cut_copper,0,0,0,0,0,0,0,0,0,0,0,1129,1219,1484,1188,2345,2895,3376,3262,3068,5028,6941,6216,7017,7557,24759,52664,67644,68828,69328,78277,77987,83388,87125,84494,86900,89695,90272,87325,87887,90338,87137,90259,95535,101906,99431,80555,56857,45000,42107,49048,39997,39532,30540,30545,30935,27817,27266,25100,26295,28216,29029,27440,21526,17709,12817,12474,13382,10079,9622,5936,5882,7024,6013,4853,3595,3821,4027,3746,3576,2173,2527,1476,1656,985,828,1042,374,760,396,298,610,161,276,230,135,276,0,0,0,2,0,0,0,0,0,0,0,0,0,0,0,0,0,0,0,0,0,0,0,0,0,0,0,0,0,0,0,0,0,0,0,0,0,0,0,0,0,0,0,0,0,0,0,0,0,0,0,0,0,0,0,0,0,0,0,0,0,0,0,0,0,0,0,0,0,0,0,0,0,0,0,0,0,0,0,0,0,0,0,0,0,0,0,0,0,0,0,0,0,0,0,0,0,0,0,0,0,0,0,0,0,0,0,0,0,0,0,0,0,0,0,0,0,0,0,0,0,0,0,0,0,0,0,0,0,0,0,0,0,0,0,0,0,0,0,0,0,0,0,0,0,0,0,0,0,0,0,0,0,0,0,0,0,0,0,0,0,0,0,0,0,0,0,0,0,0,0,0,0,0,0,0,0,0,0,0,0,0,0,0,0,0,0,0,0,0,0,0,0,0,0,0,0,0,0,0,0,0,0,0,0,0,0,0,0,0,0,0,0,0,0,0,0,0,0,0,0,0,0,0,0,0,0,0,0,0,0,0,0,0,0,0,0,0,0,2550470,0.0003884901,0.0027828469
minecraft:mangrove_roots,0,0,0,0,0,0,0,0,0,0,0,0,0,0,0,0,0,0,0,0,0,0,0,0,0,0,0,0,0,0,0,0,0,0,4,20,17,18,33,55,55,45,50,64,55,38,49,41,49,55,36,43,67,55,57,53,42,59,59,48,25,17,16,29,30,21,22,32,30,37,34,14,12,17,28,19,18,7,0,0,0,0,0,0,0,0,0,1,3,7,6,6,6,6,7,0,0,0,0,0,0,0,0,0,0,0,0,0,0,0,0,2,11,27,62,135,276,489,754,1211,2363,4302,8878,18012,57243,112889,188537,226926,288152,282386,252877,215726,164271,124718,94985,72177,54815,41137,30335,21569,15083,10259,7029,4853,3766,2852,2504,2028,1714,1550,1463,1360,1263,1179,1069,1020,957,809,738,637,493,439,413,358,258,236,171,160,195,148,107,101,86,68,73,64,69,72,73,67,61,67,83,64,36,39,26,20,22,19,10,14,12,18,10,0,0,0,0,0,0,0,0,0,0,0,0,0,0,0,1,3,5,7,5,5,6,8,6,0,0,0,0,0,0,0,0,0,0,1,1,1,1,7,7,5,5,0,0,0,0,0,0,0,0,0,0,0,0,0,0,0,0,0,0,0,0,0,0,0,0,0,0,0,0,0,0,0,0,0,0,0,0,0,0,0,0,0,0,0,0,0,0,0,0,0,0,0,0,0,0,0,0,0,0,0,0,0,0,0,0,0,0,0,0,0,0,0,0,0,0,0,0,0,0,0,0,0,0,0,0,0,0,0,0,0,0,0,0,0,0,0,0,0,0,0,2333241,0.0003554015,0.0025458258
minecraft:cobweb,0,0,31,213,476,611,949,1435,2193,2867,4004,5510,7578,9991,11520,13875,15816,17263,19288,20734,21827,22204,22187,23478,23216,23644,23885,25053,25127,24774,25108,26106,25834,27080,26394,24894,25169,25467,24408,24637,25220,25923,26158,26907,27063,27483,28017,27667,27143,28066,29827,30045,28634,26650,26182,25967,26317,26268,26932,26715,25984,25976,24971,24533,25412,25814,24497,24602,25549,24434,23954,23465,23373,22099,22850,23428,22578,21136,21591,21602,21494,22004,21817,21448,22302,22318,22293,22607,22685,22946,24464,23551,24417,24423,24597,24187,23562,23377,23244,21287,19776,18982,17836,17522,16138,14664,13329,11127,9260,6839,5083,3475,2334,1379,870,365,143,47,43,43,57,100,166,298,416,396,536,694,790,1034,1123,1303,1189,1051,1053,1229,1179,928,764,787,676,647,449,475,465,344,287,383,467,383,194,256,267,213,202,204,199,150,173,130,80,109,196,168,130,177,159,77,103,137,189,170,147,202,152,83,177,194,129,47,16,33,27,25,33,41,41,74,43,22,4,2,4,2,1,1,2,2,0,0,0,0,0,0,0,0,0,0,0,16,11,11,15,60,51,15,0,12,23,9,10,0,0,2,0,0,0,0,0,0,0,0,0,0,0,0,0,0,0,0,0,0,0,0,0,0,0,0,0,0,0,0,0,0,0,0,0,0,0,0,0,0,0,0,0,0,0,0,0,0,0,0,0,0,0,0,0,0,0,0,0,0,0,0,0,0,0,0,0,0,0,0,0,0,0,0,0,0,0,0,0,0,0,0,0,0,0,0,0,0,0,0,0,0,0,0,0,0,0,0,0,0,0,0,0,0,0,0,0,0,0,0,0,0,0,0,2289247,0.0003487003,0.0024978235
minecraft:wildflowers,0,0,0,0,0,0,0,0,0,0,0,0,0,0,0,0,0,0,0,0,0,0,0,0,0,0,0,0,0,0,0,0,0,0,0,0,0,0,0,0,0,0,0,0,0,0,0,0,0,0,0,0,0,0,0,0,0,0,0,0,0,0,0,0,0,0,0,0,0,0,0,0,0,0,0,0,0,0,0,0,0,1,0,0,0,0,0,2,2,5,2,0,1,2,0,0,0,0,4,7,1,0,1,4,5,1,0,2,0,0,2,7,7,8,23,83,166,145,195,199,272,855,804,961,1133,2288,6509,138175,218685,97278,100312,105927,106714,111223,113093,107427,91177,38889,31883,27382,25695,24999,26165,27613,27274,12458,10828,10345,10911,12621,15218,19701,20630,9791,10068,10587,11764,13401,16794,21350,21184,9321,8684,8748,10095,13021,16267,19958,20851,9456,9978,10986,13902,18224,24159,30035,28132,12116,11272,11631,13181,15969,19560,22722,21116,9083,8373,8314,7671,8194,8762,9844,7713,3831,3350,3323,2903,2943,3286,2890,2587,1595,1361,1236,1147,1439,1577,1707,1223,470,440,366,251,227,204,149,98,83,67,50,36,44,40,30,24,12,8,7,9,7,6,10,5,0,1,0,3,3,0,2,0,0,0,0,0,0,0,0,0,0,0,0,0,0,0,0,0,0,0,0,0,0,0,0,0,0,0,0,0,0,0,0,0,0,0,0,0,0,0,0,0,0,0,0,0,0,0,0,0,0,0,0,0,0,0,0,0,0,0,0,0,0,0,0,0,0,0,0,0,0,0,0,0,0,0,0,0,0,0,0,0,0,0,0,0,0,0,0,0,0,0,0,0,0,0,0,2147647,0.0003271317,0.0023433221
minecraft:deepslate_coal_ore,0,0,0,0,0,0,0,0,0,0,0,0,0,0,0,0,0,0,0,0,0,0,0,0,0,0,0,0,0,0,0,0,0,0,0,0,0,0,0,0,0,0,0,0,0,0,0,0,0,0,0,0,0,0,0,0,0,0,0,0,1,14168,62037,137834,217403,261249,286090,289609,273704,237108,179255,100043,0,0,0,0,0,0,0,0,0,0,0,0,0,0,0,0,0,0,0,0,0,0,0,0,0,0,0,0,0,0,0,0,0,0,0,0,0,0,0,0,0,0,0,0,0,0,0,0,0,0,0,0,0,0,0,0,0,0,0,0,0,0,0,0,0,0,0,0,0,0,0,0,0,0,0,0,0,0,0,0,0,0,0,0,0,0,0,0,0,0,0,0,0,0,0,0,0,0,0,0,0,0,0,0,0,0,0,0,0,0,0,0,0,0,0,0,0,0,0,0,0,0,0,0,0,0,0,0,0,0,0,0,0,0,0,0,0,0,0,0,0,0,0,0,0,0,0,0,0,0,0,0,0,0,0,0,0,0,0,0,0,0,0,0,0,0,0,0,0,0,0,0,0,0,0,0,0,0,0,0,0,0,0,0,0,0,0,0,0,0,0,0,0,0,0,0,0,0,0,0,0,0,0,0,0,0,0,0,0,0,0,0,0,0,0,0,0,0,0,0,0,0,0,0,0,0,0,0,0,0,0,0,0,0,0,0,0,0,0,0,0,0,0,0,0,0,0,0,0,0,0,0,0,0,0,0,0,0,0,0,0,0,0,0,2058501,0.0003135529,0.0022460539
minecraft:cherry_leaves,0,0,0,0,0,0,0,0,0,0,0,0,0,0,0,0,0,0,0,0,0,0,0,0,0,0,0,0,0,0,0,0,0,0,0,0,0,0,0,0,0,0,0,0,0,0,0,0,0,0,0,0,0,0,0,0,0,0,0,0,0,0,0,0,0,0,0,0,0,0,0,0,0,0,0,0,0,0,0,0,0,0,0,0,0,0,0,0,0,0,0,0,0,0,0,0,0,0,0,0,0,0,0,0,0,0,0,0,0,0,0,0,0,0,0,0,0,0,0,0,0,0,0,0,0,0,0,0,0,0,0,0,0,0,0,0,0,0,0,0,6,39,111,262,344,473,608,931,1358,1898,2143,2281,2375,3071,5140,9056,13426,16512,17172,15778,13943,12887,13358,15905,20822,26028,28321,26340,22785,20797,23757,31228,40257,48013,49357,43870,36636,33685,38828,51357,67723,79563,81028,71636,58468,49907,50254,58446,71748,81900,82934,72766,59100,47340,42606,43376,45016,44626,40349,31936,23088,16497,13475,12848,13269,13536,12507,10501,7687,5302,3788,3304,3468,3969,4262,4076,3134,2139,1466,1202,1121,953,750,466,252,161,126,110,106,116,128,92,40,9,0,0,0,0,0,0,0,0,0,0,0,0,0,0,0,0,0,0,0,0,0,0,0,0,0,0,0,0,0,0,0,0,0,0,0,0,0,0,0,0,0,0,0,0,0,0,0,0,0,0,0,0,0,0,0,0,0,0,0,0,0,0,0,0,0,0,0,0,0,0,0,0,0,0,0,0,0,0,0,0,0,0,0,0,0,0,0,0,0,0,0,0,0,0,0,0,0,0,0,0,0,0,2035828,0.0003100993,0.0022213151
minecraft:infested_stone,0,0,0,0,0,0,0,0,0,0,0,0,0,0,0,0,0,0,0,0,0,0,0,0,0,0,0,0,0,0,0,0,0,0,0,0,0,0,0,0,0,0,0,0,0,0,0,0,0,0,0,0,0,0,0,0,0,0,121,551,1414,2501,3673,4966,6221,10940,15031,18870,22033,26089,29795,32961,36273,36829,36438,36255,36449,36341,35118,34655,34656,34706,34285,34010,33842,34025,33643,33455,33155,33410,33238,32908,32253,32142,32469,32386,31430,31683,31986,31280,30934,30948,30822,31245,30919,30799,31504,31638,31563,31716,31596,31860,31612,31333,31671,32342,32340,32722,33020,33380,33929,34210,35184,34948,34716,31657,17849,3471,0,0,0,0,0,0,0,0,0,0,0,0,0,0,0,0,0,0,0,0,0,0,0,0,0,0,0,0,0,0,0,0,0,0,0,0,0,0,0,0,0,0,0,0,0,0,0,0,0,0,0,0,0,0,0,0,0,0,0,0,0,0,0,0,0,0,0,0,0,0,0,0,0,0,0,0,0,0,0,0,0,0,0,0,0,0,0,0,0,0,0,0,0,0,0,0,0,0,0,0,0,0,0,0,0,0,0,0,0,0,0,0,0,0,0,0,0,0,0,0,0,0,0,0,0,0,0,0,0,0,0,0,0,0,0,0,0,0,0,0,0,0,0,0,0,0,0,0,0,0,0,0,0,0,0,0,0,0,0,0,0,0,0,0,0,0,0,0,0,0,0,0,0,0,0,0,0,0,0,0,0,0,0,0,0,0,0,0,0,0,0,0,0,0,0,0,0,0,0,0,0,0,0,0,0,0,0,0,1984414,0.0003022679,0.0021652167
minecraft:infested_deepslate,0,3843,7667,11998,15693,19552,20050,20543,20970,20809,20661,21149,21683,21711,21569,22040,22355,23102,23832,24445,24556,25286,25546,26051,26571,27070,26732,27232,27827,28220,29104,29993,30127,30746,31592,31877,32901,33257,33387,33504,33761,34888,35011,35770,36266,36645,36569,36593,36189,36766,37768,38048,38733,38442,37942,37832,38318,38732,38769,38265,37206,35946,34529,32807,31360,27417,22856,18702,14904,11295,7431,3735,0,0,0,0,0,0,0,0,0,0,0,0,0,0,0,0,0,0,0,0,0,0,0,0,0,0,0,0,0,0,0,0,0,0,0,0,0,0,0,0,0,0,0,0,0,0,0,0,0,0,0,0,0,0,0,0,0,0,0,0,0,0,0,0,0,0,0,0,0,0,0,0,0,0,0,0,0,0,0,0,0,0,0,0,0,0,0,0,0,0,0,0,0,0,0,0,0,0,0,0,0,0,0,0,0,0,0,0,0,0,0,0,0,0,0,0,0,0,0,0,0,0,0,0,0,0,0,0,0,0,0,0,0,0,0,0,0,0,0,0,0,0,0,0,0,0,0,0,0,0,0,0,0,0,0,0,0,0,0,0,0,0,0,0,0,0,0,0,0,0,0,0,0,0,0,0,0,0,0,0,0,0,0,0,0,0,0,0,0,0,0,0,0,0,0,0,0,0,0,0,0,0,0,0,0,0,0,0,0,0,0,0,0,0,0,0,0,0,0,0,0,0,0,0,0,0,0,0,0,0,0,0,0,0,0,0,0,0,0,0,0,0,0,0,0,0,0,0,0,0,0,0,0,0,0,0,0,0,0,0,0,0,0,0,1964746,0.000299272,0.0021437567
minecraft:prismarine_bricks,0,0,0,0,0,0,0,0,0,0,0,0,0,0,0,0,0,0,0,0,0,0,0,0,0,0,0,0,0,0,0,0,0,0,0,0,0,0,0,0,0,0,0,0,0,0,0,0,0,0,0,0,3,9,13,16,20,22,22,23,28,41,57,71,95,120,146,165,179,206,219,246,259,289,335,377,425,460,486,524,545,653,763,880,1005,1142,1294,1451,1574,1775,1978,2238,2539,2769,3005,3444,4360,6385,9866,14959,23077,32923,43745,95530,247332,114301,229727,137116,181710,48930,176596,51767,79569,27429,70713,44723,44685,15582,13507,9351,1039,1039,1039,1039,1039,0,0,0,0,0,0,0,0,0,0,0,0,0,0,0,0,0,0,0,0,0,0,0,0,0,0,0,0,0,0,0,0,0,0,0,0,0,0,0,0,0,0,0,0,0,0,0,0,0,0,0,0,0,0,0,0,0,0,0,0,0,0,0,0,0,0,0,0,0,0,0,0,0,0,0,0,0,0,0,0,0,0,0,0,0,0,0,0,0,0,0,0,0,0,0,0,0,0,0,0,0,0,0,0,0,0,0,0,0,0,0,0,0,0,0,0,0,0,0,0,0,0,0,0,0,0,0,0,0,0,0,0,0,0,0,0,0,0,0,0,0,0,0,0,0,0,0,0,0,0,0,0,0,0,0,0,0,0,0,0,0,0,0,0,0,0,0,0,0,0,0,0,0,0,0,0,0,0,0,0,0,0,0,0,0,0,0,0,0,0,0,0,0,0,0,0,0,0,0,0,0,0,0,0,0,0,0,0,0,0,0,1760989,0.0002682356,0.0019214352
minecraft:prismarine,0,0,0,0,0,0,0,0,0,0,0,0,0,0,0,0,0,0,0,0,0,0,0,0,0,0,0,0,0,0,0,0,0,0,0,0,0,0,0,0,0,0,0,0,0,0,0,0,0,0,0,0,0,0,0,0,0,0,0,0,0,0,0,0,0,0,0,0,0,0,6,3,0,0,0,0,0,0,2,6,5,0,0,0,3,10,12,14,0,12,10,19,12,14,11,12,12,31,20,32,42,28,55,733864,3946,92645,7831,339286,19852,108425,19379,281489,4775,33042,5219,77262,42,14,32,16636,5,8,0,0,2078,0,0,0,0,0,0,0,0,0,0,0,0,0,0,0,0,0,0,0,0,0,0,0,0,0,0,0,0,0,0,0,0,0,0,0,0,0,0,0,0,0,0,0,0,0,0,0,0,0,0,0,0,0,0,0,0,0,0,0,0,0,0,0,0,0,0,0,0,0,0,0,0,0,0,0,0,0,0,0,0,0,0,0,0,0,0,0,0,0,0,0,0,0,0,0,0,0,0,0,0,0,0,0,0,0,0,0,0,0,0,0,0,0,0,0,0,0,0,0,0,0,0,0,0,0,0,0,0,0,0,0,0,0,0,0,0,0,0,0,0,0,0,0,0,0,0,0,0,0,0,0,0,0,0,0,0,0,0,0,0,0,0,0,0,0,0,0,0,0,0,0,0,0,0,0,0,0,0,0,0,0,0,0,0,0,0,0,0,0,0,0,0,0,0,0,0,0,0,0,0,0,0,0,0,0,0,0,0,0,0,0,1746201,0.000265983,0.0019052998
minecraft:waxed_copper_grate,0,0,0,0,0,0,0,0,0,0,0,0,282,773,1258,1527,1314,1717,1948,2166,2448,3351,4205,4661,4553,5479,7903,9352,11068,12793,15833,18381,21494,23837,23517,25601,28251,52695,60425,53026,54908,59619,60551,53099,55772,59974,55797,54398,51092,50688,52393,49325,45886,43946,44845,55421,42915,44953,21362,17203,15940,16727,16712,16600,16470,15209,14612,12674,11507,13179,13736,12548,12238,8358,8053,3507,2991,2555,2145,2317,2557,2525,1964,1663,1546,1322,1302,789,552,629,285,409,213,125,213,63,144,127,81,108,21,30,30,30,0,0,0,0,0,0,0,0,0,0,0,0,0,0,0,0,0,0,0,0,0,0,0,0,0,0,0,0,0,0,0,0,0,0,0,0,0,0,0,0,0,0,0,0,0,0,0,0,0,0,0,0,0,0,0,0,0,0,0,0,0,0,0,0,0,0,0,0,0,0,0,0,0,0,0,0,0,0,0,0,0,0,0,0,0,0,0,0,0,0,0,0,0,0,0,0,0,0,0,0,0,0,0,0,0,0,0,0,0,0,0,0,0,0,0,0,0,0,0,0,0,0,0,0,0,0,0,0,0,0,0,0,0,0,0,0,0,0,0,0,0,0,0,0,0,0,0,0,0,0,0,0,0,0,0,0,0,0,0,0,0,0,0,0,0,0,0,0,0,0,0,0,0,0,0,0,0,0,0,0,0,0,0,0,0,0,0,0,0,0,0,0,0,0,0,0,0,0,0,0,0,0,0,0,0,0,0,0,0,0,0,0,0,0,0,0,0,0,0,0,0,0,0,0,0,0,0,0,0,0,0,0,1608811,0.0002450557,0.001755392
minecraft:powder_snow,0,0,0,0,0,0,0,0,0,0,0,0,1598,1300,2730,570,2430,3094,2177,2662,2657,2601,2878,6250,9575,6010,5453,9568,6630,10286,9237,7686,8075,9703,6845,7850,6292,7610,5288,7208,6294,7206,5887,3497,2481,1367,3587,3019,2953,613,419,1175,1197,1351,1016,623,670,1232,335,284,619,0,0,284,0,278,0,0,335,0,0,0,0,0,0,0,0,335,0,0,335,0,335,0,0,0,0,0,0,0,0,0,0,0,0,0,0,0,0,0,0,0,0,0,0,0,0,0,0,0,0,0,0,0,0,22,34,43,57,84,72,125,223,458,756,1040,1638,1660,1693,2168,2816,3915,5075,5756,6385,6463,5014,5621,6817,8912,10326,11402,11100,9835,7625,8838,10112,12321,14924,16429,17326,17261,14541,16587,18975,22441,25246,25154,25164,22276,15393,16557,18044,19656,20787,21139,20075,16975,12552,13261,14784,16447,18574,20229,19198,17302,13572,14424,16056,18647,20742,22121,21948,21277,15787,16553,17537,19655,20931,21440,20946,18789,13893,15021,15940,17376,18754,18936,18338,16117,11281,12081,13060,14546,15492,15287,14669,13185,10211,10034,10539,11197,11007,10765,10077,8271,5570,5613,5707,5489,5552,5381,5051,4058,2853,2779,2901,3111,3549,3633,3518,3002,2016,2131,2216,2254,2049,1650,1345,998,732,664,655,665,653,676,556,411,293,305,300,296,295,248,225,163,117,112,126,132,162,180,141,93,29,17,20,13,21,11,8,3,2,8,2,5,3,5,3,0,0,0,0,0,0,0,0,0,0,0,0,0,0,0,0,0,0,0,0,0,0,0,0,0,0,0,0,0,0,0,0,0,0,0,0,0,0,0,0,0,0,0,0,0,0,0,0,0,0,0,0,0,0,0,0,0,1584971,0.0002414243,0.0017293799
minecraft:rooted_dirt,0,0,0,0,0,0,0,0,0,0,0,0,0,0,0,0,0,0,0,0,0,0,0,0,0,8,43,75,106,144,190,229,243,288,355,407,510,560,699,743,871,1018,1150,1315,1460,1560,1685,1909,2106,2380,2567,2816,3060,3297,3528,3763,4009,4539,4978,5469,5975,6722,7039,7440,7770,8263,8892,9451,9891,10322,10715,11071,11397,12064,12690,13124,13319,13803,14087,14414,14708,15270,15709,15969,16219,16555,16495,16889,16886,17529,17804,18169,18328,18462,18583,18783,18979,19403,19647,20135,20393,20593,20481,20527,20604,20940,21213,21413,21662,21717,21850,21881,21673,22315,22349,22225,22336,22380,22315,22071,21900,22055,22064,22241,21674,20655,18658,15668,14349,13397,12515,11317,10140,9039,8015,7083,6561,6229,5856,5625,5279,5057,4825,4573,4314,4304,4158,4025,3947,3835,3611,3259,3040,2963,2876,2749,2512,2400,2193,2070,1951,1857,1808,1681,1514,1499,1300,1209,1128,1085,1005,923,849,757,694,651,592,537,518,464,379,346,289,244,235,228,198,189,190,199,186,156,169,179,188,170,179,150,132,140,143,150,147,144,126,115,114,124,118,106,103,97,96,65,66,63,61,53,47,47,37,37,36,37,31,37,42,37,43,41,40,35,33,27,29,33,30,36,38,36,35,38,36,35,31,29,26,24,25,11,4,4,1,0,0,0,0,0,0,0,0,0,0,0,0,0,0,0,0,0,0,0,0,0,0,0,0,0,0,0,0,0,0,0,0,0,0,0,0,0,0,0,0,0,0,0,0,0,0,0,0,0,0,0,0,0,0,0,0,0,0,0,0,0,0,0,0,0,0,0,0,0,0,0,0,0,0,0,0,0,0,0,0,0,0,0,1424187,0.0002169335,0.0015539467
minecraft:mangrove_log,0,0,0,0,0,0,0,0,0,0,0,0,0,0,0,0,0,0,0,0,0,0,0,0,0,0,0,0,0,0,0,0,0,0,2,11,15,20,24,41,51,52,49,55,57,50,46,41,49,48,47,45,52,57,61,52,50,52,54,56,38,26,16,23,26,27,23,26,29,35,33,26,17,13,22,21,22,11,7,0,0,0,0,0,0,0,0,0,0,0,0,0,0,0,1,2,2,2,2,3,1,1,0,0,0,0,0,0,0,0,0,0,0,0,0,0,0,1,2,3,3,3,5,117,432,1813,4876,11506,21622,36330,52299,69877,84861,96288,103528,106973,106063,102092,95884,87863,78222,67689,56401,45763,36009,27637,20782,15725,11687,8788,6474,4713,3598,2696,2030,1604,1263,1084,944,830,742,664,603,527,480,412,365,325,297,263,230,211,192,168,151,131,108,92,79,83,76,68,63,58,47,44,43,32,35,33,26,23,21,22,19,16,15,12,10,9,9,7,8,5,5,4,2,1,1,1,0,0,0,0,0,0,0,0,1,2,2,2,0,0,0,0,0,0,0,0,0,0,0,0,0,0,1,1,1,2,2,2,3,3,3,4,2,1,0,0,0,0,0,0,0,0,0,0,0,0,0,0,0,0,0,0,0,0,0,0,0,0,0,0,0,0,0,0,0,0,0,0,0,0,0,0,0,0,0,0,0,0,0,0,0,0,0,0,0,0,0,0,0,0,0,0,0,0,0,0,0,0,0,0,0,0,0,0,0,0,0,0,0,0,0,0,0,0,0,0,0,0,0,0,0,0,1384842,0.0002109405,0.0015110169
minecraft:blue_ice,0,0,0,0,0,0,0,0,0,0,0,0,0,0,560,160,80,0,160,0,0,0,0,0,0,0,0,0,0,0,0,0,0,0,0,0,0,0,0,0,0,0,0,0,0,0,0,0,0,0,0,0,0,0,0,0,0,0,0,0,0,0,0,0,0,0,0,0,0,0,0,0,0,0,0,0,0,0,0,0,0,0,0,0,0,0,0,0,0,1,5,22,47,99,141,214,244,267,447,776,1261,2066,3213,4386,5842,7004,8332,9658,11240,13338,17322,24315,35481,45652,56364,66789,75915,84243,89520,92820,94967,96824,98359,91345,81634,65338,46903,31083,20569,13858,10807,8008,5621,4016,3233,2215,1297,668,383,336,298,260,225,168,139,100,65,53,43,55,56,27,40,26,17,8,0,0,8,8,4,6,2,8,8,9,14,9,4,0,0,2,0,0,0,0,0,1,1,0,1,5,5,4,0,1,2,5,5,4,0,0,0,0,0,0,0,0,0,0,0,0,0,0,2,1,0,0,0,0,0,0,0,0,0,0,0,0,0,0,0,0,0,0,0,0,0,0,0,0,0,0,0,0,0,0,0,0,0,0,0,0,0,0,0,0,0,0,0,0,0,0,0,0,0,0,0,0,0,0,0,0,0,0,0,0,0,0,0,0,0,0,0,0,0,0,0,0,0,0,0,0,0,0,0,0,0,0,0,0,0,0,0,0,0,0,0,0,0,0,0,0,0,0,0,0,0,0,0,0,0,0,0,0,0,0,0,0,0,0,0,0,0,0,0,0,0,0,0,0,0,0,0,0,0,0,1337147,0.0002036755,0.0014589763
minecraft:pale_oak_leaves,0,0,0,0,0,0,0,0,0,0,0,0,0,0,0,0,0,0,0,0,0,0,0,0,0,0,0,0,0,0,0,0,0,0,0,0,0,0,0,0,0,0,0,0,0,0,0,0,0,0,0,0,0,0,0,0,0,0,0,0,0,0,0,0,0,0,0,0,0,0,0,0,0,0,0,0,0,0,0,0,0,0,0,0,0,0,0,0,0,0,0,0,0,0,0,0,0,0,0,0,0,0,0,0,0,0,0,0,0,0,0,0,0,0,0,0,0,0,0,0,0,0,0,0,0,0,0,0,0,0,44,52,24,0,0,0,46,54,24,50,51,24,82,280,326,311,519,628,1064,1359,1674,2044,2997,4290,5494,8022,11971,15436,16216,14175,12894,13755,16006,20053,23960,24508,21463,18423,15549,14885,17870,22689,29114,33209,34875,31644,25224,22399,25465,32785,42340,50887,51239,42575,34090,33330,37477,42898,45792,45005,40158,33505,27977,25459,24009,22609,21948,21848,19378,14355,9536,7305,7199,7797,8693,9712,9255,6932,4856,3697,3409,3333,2707,1907,1197,818,585,498,470,635,621,489,277,104,12,53,56,24,4,0,0,0,0,0,0,0,0,0,0,0,0,0,0,0,0,0,0,0,0,0,0,0,0,0,0,0,0,0,0,0,0,0,0,0,0,0,0,0,0,0,0,0,0,0,0,0,0,0,0,0,0,0,0,0,0,0,0,0,0,0,0,0,0,0,0,0,0,0,0,0,0,0,0,0,0,0,0,0,0,0,0,0,0,0,0,0,0,0,0,0,0,0,0,0,0,0,0,0,0,0,0,0,0,0,0,0,1313087,0.0002000107,0.0014327242
minecraft:muddy_mangrove_roots,0,0,0,0,0,0,0,0,0,0,0,0,0,0,0,0,0,0,0,0,0,0,0,0,0,0,0,0,0,0,0,0,0,2,9,4,7,13,21,17,14,18,23,16,11,19,11,19,18,9,17,25,15,21,16,13,23,18,15,5,6,5,12,9,6,8,12,9,14,10,2,5,6,11,4,7,0,0,0,0,0,0,0,0,0,0,0,0,0,0,0,0,0,0,0,0,0,0,0,0,0,0,0,0,0,0,0,0,0,0,0,1,3,6,37,135,498,1397,3812,9496,21915,46007,84919,133730,160377,158430,122225,106646,60039,49625,39908,31041,23454,17282,12288,8268,5119,3327,2485,1811,1453,1245,1067,871,708,685,638,568,520,490,462,406,361,339,271,229,178,150,133,99,77,83,70,58,56,55,55,48,36,43,39,33,30,25,24,25,34,31,26,29,13,9,7,6,13,9,12,9,8,3,3,3,1,0,0,0,0,0,0,0,0,0,0,0,0,0,0,0,2,2,1,2,2,0,0,0,0,0,0,0,0,0,0,0,0,0,1,1,1,0,3,4,5,0,0,0,0,0,0,0,0,0,0,0,0,0,0,0,0,0,0,0,0,0,0,0,0,0,0,0,0,0,0,0,0,0,0,0,0,0,0,0,0,0,0,0,0,0,0,0,0,0,0,0,0,0,0,0,0,0,0,0,0,0,0,0,0,0,0,0,0,0,0,0,0,0,0,0,0,0,0,0,0,0,0,0,0,0,0,0,0,0,0,0,0,0,0,0,0,0,0,0,0,0,0,0,1116676,0.0001700932,0.0012184179
minecraft:diamond_ore,0,0,0,0,0,0,0,0,0,0,0,0,0,0,0,0,0,0,0,0,0,0,0,0,0,1,0,0,0,0,1,0,0,0,0,0,1,0,2,0,0,1,0,2,1,1,0,0,0,0,4,2,0,0,0,1,1,0,1372,6347,10439,15930,22916,28383,32167,53191,68355,80411,88456,93721,96868,97389,94753,83003,70469,58403,44986,32316,19279,7522,1085,0,0,0,0,0,0,0,0,0,0,0,0,0,0,0,0,0,0,0,0,0,0,0,0,0,0,0,0,0,0,0,0,0,0,0,0,0,0,0,0,0,0,0,0,0,0,0,0,0,0,0,0,0,0,0,0,0,0,0,0,0,0,0,0,0,0,0,0,0,0,0,0,0,0,0,0,0,0,0,0,0,0,0,0,0,0,0,0,0,0,0,0,0,0,0,0,0,0,0,0,0,0,0,0,0,0,0,0,0,0,0,0,0,0,0,0,0,0,0,0,0,0,0,0,0,0,0,0,0,0,0,0,0,0,0,0,0,0,0,0,0,0,0,0,0,0,0,0,0,0,0,0,0,0,0,0,0,0,0,0,0,0,0,0,0,0,0,0,0,0,0,0,0,0,0,0,0,0,0,0,0,0,0,0,0,0,0,0,0,0,0,0,0,0,0,0,0,0,0,0,0,0,0,0,0,0,0,0,0,0,0,0,0,0,0,0,0,0,0,0,0,0,0,0,0,0,0,0,0,0,0,0,0,0,0,0,0,0,0,0,0,0,0,0,0,0,0,0,0,0,0,0,0,0,0,1107779,0.000168738,0.0012087103
minecraft:azalea,0,0,1,0,1,0,6,0,1,6,1214,1630,2028,2500,2774,2952,3210,2844,3510,4388,5560,6100,6650,6990,7295,4544,5400,6004,6657,7452,8189,8987,10768,6988,7719,8655,9582,10586,12236,13861,16197,11594,12582,13622,16030,17686,19321,21635,25672,15267,17578,18543,19111,20413,21936,22991,26789,14921,15690,15908,15591,15606,15648,16221,19354,11007,12069,12523,12790,13241,13947,14734,16639,9036,9737,10321,10318,10350,10884,11178,12178,8159,8414,8590,9826,9282,9193,9230,9703,5735,6003,6163,6240,6405,6137,5897,5849,3552,3442,3503,3359,3452,3378,3255,3219,1957,2015,1938,2111,2162,2027,1867,1681,1144,1162,1148,1164,1145,1213,1178,1101,759,771,800,896,941,987,1094,970,564,549,684,723,640,724,674,595,340,338,389,358,398,401,336,352,210,227,230,219,203,225,235,199,96,107,152,139,128,147,134,124,112,111,88,73,88,95,89,114,109,64,88,81,75,85,75,69,57,36,57,63,64,43,54,61,26,27,30,30,36,24,35,33,15,14,16,18,16,10,43,32,20,16,12,15,17,16,19,7,14,8,13,10,5,9,10,13,4,4,8,4,6,4,4,1,0,1,0,1,0,3,1,4,1,9,6,2,3,6,2,2,1,1,2,3,5,5,10,4,0,0,4,1,3,4,3,1,2,1,1,2,0,1,1,0,0,0,1,0,0,0,0,0,0,0,0,0,0,0,0,0,0,0,0,0,0,0,0,0,0,0,0,0,0,0,0,0,0,0,0,0,0,0,0,0,0,0,0,0,0,0,0,0,0,0,0,0,0,0,0,0,0,0,0,0,0,0,0,0,0,0,0,0,0,0,0,1017795,0.0001550315,0.0011105277
minecraft:netherrack,0,0,0,0,0,0,6,14,33,67,143,303,621,1200,2133,2928,2720,2675,2794,2726,2694,2620,2505,2197,1931,2276,2908,3317,3783,3338,2821,2313,1889,1688,1857,2163,2899,3253,2867,2508,2789,3183,3346,3578,3261,3795,3533,3203,2964,2234,2027,2224,2742,3144,3057,1997,1984,2364,2863,2790,2420,2022,1671,2073,2540,2675,2528,2365,2677,3197,3615,3224,3038,2765,3162,3382,3165,2702,2624,2654,2758,2760,2695,2937,3091,3252,3820,4065,3692,3441,2904,2680,2967,3352,4220,5621,7681,9684,11720,13695,14443,14123,12901,10358,8572,9161,11115,14763,20897,28675,34238,29897,20822,18741,17490,15345,12755,9636,7766,6778,6466,7977,10790,15452,24322,38054,41854,23342,15489,14768,14793,15426,15053,13966,10853,7248,5590,4807,4756,5221,4965,4447,3866,2954,2199,1684,1614,1594,1879,2099,2109,1690,1676,1939,1936,1908,1950,1899,1612,1467,1458,1578,1622,1275,1151,1237,1381,1403,1493,1514,1483,1572,1650,1676,1511,1230,632,558,745,1032,1374,1273,849,457,438,448,342,291,320,322,217,263,248,156,146,174,243,396,441,284,141,2,1,4,8,15,36,62,91,160,231,275,300,269,263,206,112,109,102,72,81,111,165,188,125,23,7,0,0,0,0,0,0,0,0,0,0,0,0,0,0,0,0,0,0,0,0,0,0,0,0,0,0,0,0,0,0,0,0,0,0,0,0,0,0,0,0,0,0,0,0,0,0,0,0,0,0,0,0,0,0,0,0,0,0,0,0,0,0,0,0,0,0,0,0,0,0,0,0,0,0,0,0,0,0,0,0,0,0,0,0,0,0,0,0,0,0,0,0,0,0,0,0,0,0,0,0,0,0,0,0,0,0,0,0,0,977034,0.0001488228,0.0010660529
minecraft:gray_wool,0,0,0,0,0,0,0,0,0,0,0,0,0,245983,289330,48385,46431,65384,193271,11647,2061,2703,0,0,0,0,0,0,0,0,0,0,0,0,0,0,0,0,0,0,0,0,0,0,0,0,0,0,0,0,0,0,0,0,0,0,0,0,0,0,0,0,0,0,0,0,0,0,0,0,0,0,0,0,0,0,0,0,0,0,0,0,0,0,0,0,0,0,0,0,0,0,0,0,0,0,0,0,0,0,0,0,0,0,0,0,0,0,0,0,0,0,0,0,0,0,0,0,0,0,0,0,0,0,0,0,0,0,0,0,10,20,0,0,5,5,0,5,0,0,0,0,2,0,0,0,0,0,0,15,5,0,0,7,5,0,5,0,7,0,0,0,2,0,0,0,0,0,0,0,0,0,0,0,0,0,0,0,0,0,0,0,0,0,0,0,0,0,0,0,0,0,0,5,0,0,0,0,0,0,0,0,0,0,0,0,0,0,0,0,0,0,5,0,0,0,0,0,0,0,0,0,0,0,0,0,0,0,0,0,0,0,0,0,0,0,0,0,0,0,0,0,0,0,0,0,0,0,0,0,0,0,0,0,0,0,0,0,0,0,0,0,0,0,0,0,0,0,0,0,0,0,0,0,0,0,0,0,0,0,0,0,0,0,0,0,0,0,0,0,0,0,0,0,0,0,0,0,0,0,0,0,0,0,0,0,0,0,0,0,0,0,0,0,0,0,0,0,0,0,0,0,0,0,0,0,0,0,0,0,0,0,0,0,0,0,905298,0.0001378959,0.000987781
minecraft:deepslate_bricks,0,0,0,0,0,0,0,0,0,0,0,0,0,156536,134896,43273,47553,46272,146156,91026,56684,14059,3551,8896,9078,9647,9808,3214,2016,2407,2348,1526,1240,1245,1314,1596,1868,2189,4915,9204,8907,6700,3451,0,0,0,0,0,0,0,0,0,0,0,0,0,0,0,0,0,0,0,0,0,0,0,0,0,0,0,0,0,0,0,0,0,0,0,0,0,0,0,0,0,0,0,0,0,0,0,0,0,0,0,0,0,0,0,0,0,0,0,0,0,0,0,0,0,0,0,0,0,0,0,0,0,0,0,0,0,0,0,0,0,0,0,0,0,0,0,0,0,0,0,0,0,0,0,0,0,0,0,0,0,0,0,0,0,0,0,0,0,0,0,0,0,0,0,0,0,0,0,0,0,0,0,0,0,0,0,0,0,0,0,0,0,0,0,0,0,0,0,0,0,0,0,0,0,0,0,0,0,0,0,0,0,0,0,0,0,0,0,0,0,0,0,0,0,0,0,0,0,0,0,0,0,0,0,0,0,0,0,0,0,0,0,0,0,0,0,0,0,0,0,0,0,0,0,0,0,0,0,0,0,0,0,0,0,0,0,0,0,0,0,0,0,0,0,0,0,0,0,0,0,0,0,0,0,0,0,0,0,0,0,0,0,0,0,0,0,0,0,0,0,0,0,0,0,0,0,0,0,0,0,0,0,0,0,0,0,0,0,0,0,0,0,0,0,0,0,0,0,0,0,0,0,0,0,0,0,0,0,0,0,0,0,0,0,0,0,0,0,0,0,0,0,831575,0.0001266663,0.000907341
minecraft:large_fern,0,0,0,0,0,0,0,0,0,0,0,0,0,0,0,0,0,0,0,0,0,0,0,0,0,0,0,0,0,0,0,0,0,0,0,0,0,0,0,0,0,0,0,0,0,0,0,0,0,0,0,0,0,0,0,0,0,0,0,0,0,0,0,0,0,0,0,0,0,0,0,0,0,0,0,0,0,0,0,0,0,0,0,0,0,0,0,0,0,0,0,0,0,0,0,0,0,0,0,0,0,0,0,0,0,0,1,2,1,0,0,2,2,0,7,18,28,52,79,79,68,193,385,476,572,873,1905,33134,80217,69548,44312,47324,48179,48407,48117,46124,41946,28006,15074,12432,11181,10593,10685,11179,11136,7899,4702,4389,4260,4514,5418,6680,7469,5809,3868,3877,4384,4881,5544,6544,6678,4697,3031,2923,2889,3145,3721,4241,4411,3328,2170,2329,2832,3353,3804,4297,4466,3338,2160,1947,1901,2008,2252,2413,2282,1655,1016,982,998,1022,941,788,646,451,360,339,325,353,497,642,679,541,388,310,221,223,215,202,173,122,113,93,78,73,55,39,20,10,5,2,1,2,1,0,0,0,0,0,0,0,0,0,0,0,0,1,1,0,5,6,2,1,0,0,0,0,0,0,0,0,0,0,0,0,1,2,2,2,4,6,4,1,0,0,0,0,0,0,0,0,0,0,0,0,0,0,0,0,0,0,0,0,0,0,0,0,0,0,0,0,0,0,0,0,0,0,0,0,0,0,0,0,0,0,0,0,0,0,0,0,0,0,0,0,0,0,0,0,0,0,0,0,0,0,0,0,0,0,0,0,0,0,0,0,0,0,797810,0.0001215232,0.0008704996
minecraft:waxed_oxidized_cut_copper_stairs,0,0,0,0,0,0,0,0,0,0,0,26,125,332,501,773,1061,1302,1673,1920,2223,2664,2978,3367,4017,6107,11277,16538,17926,18414,20918,22507,22314,22528,23455,24476,25521,25959,25693,26770,26951,26540,26448,27096,28506,28208,25151,21550,17522,16256,15424,14259,13182,12279,12231,11749,10451,9348,8484,8547,8301,8085,7595,6678,5621,4570,4008,3681,3251,2829,2240,1976,1660,1568,1505,1337,1226,1135,1106,980,880,847,605,546,502,288,206,155,56,9,2,3,0,0,0,1,3,3,3,3,4,3,9,0,0,0,0,0,0,0,0,0,0,0,0,0,0,0,0,0,0,0,0,0,0,0,0,0,0,0,0,0,0,0,0,0,0,0,0,0,0,0,0,0,0,0,0,0,0,0,0,0,0,0,0,0,0,0,0,0,0,0,0,0,0,0,0,0,0,0,0,0,0,0,0,0,0,0,0,0,0,0,0,0,0,0,0,0,0,0,0,0,0,0,0,0,0,0,0,0,0,0,0,0,0,0,0,0,0,0,0,0,0,0,0,0,0,0,0,0,0,0,0,0,0,0,0,0,0,0,0,0,0,0,0,0,0,0,0,0,0,0,0,0,0,0,0,0,0,0,0,0,0,0,0,0,0,0,0,0,0,0,0,0,0,0,0,0,0,0,0,0,0,0,0,0,0,0,0,0,0,0,0,0,0,0,0,0,0,0,0,0,0,0,0,0,0,0,0,0,0,0,0,0,0,0,0,0,0,0,0,0,0,0,0,0,0,0,0,0,0,0,0,0,0,0,0,0,0,0,0,0,0,0,0,0,767027,0.0001168343,0.0008369119
minecraft:big_dripleaf_stem,0,0,0,0,0,0,1,1,4,284,718,1210,1709,2028,2234,2280,2232,2457,2921,3676,4567,5132,5515,5233,4366,3876,3814,4208,4659,5397,6234,7125,6638,6027,6073,6438,7172,8287,9479,11039,10701,10026,10164,10710,11998,13685,15411,17590,16267,14560,13708,13329,13972,14815,15790,17152,15239,12654,11406,10321,10353,10514,11027,12475,11594,10359,9745,9133,9108,9829,10463,11488,10188,8461,7556,7196,7418,7713,7995,8408,7659,6833,6270,5962,6206,6371,6380,6330,5502,4617,4186,4096,4177,4257,4140,3785,3156,2550,2398,2348,2406,2522,2488,2279,1850,1543,1317,1361,1533,1608,1597,1419,1063,889,728,708,763,809,824,758,622,545,523,567,680,747,725,658,534,434,435,480,505,512,435,400,328,279,229,240,282,299,284,252,198,159,133,133,145,158,159,153,121,88,92,114,137,153,153,133,105,75,73,70,65,66,65,63,51,40,41,47,52,52,37,30,24,24,35,53,60,63,75,65,49,34,31,24,16,20,21,21,19,19,20,13,17,13,23,16,13,7,7,6,6,5,3,5,7,6,10,9,4,4,3,5,6,1,1,4,7,11,14,6,4,2,3,2,3,4,5,2,1,0,0,0,0,0,0,1,0,0,1,1,4,3,3,1,0,0,0,0,0,0,0,0,0,0,0,0,0,0,0,0,0,0,1,2,2,2,0,0,0,0,0,0,0,0,0,0,0,0,0,0,0,0,0,0,0,0,0,0,0,0,0,0,0,0,0,0,0,0,0,0,0,0,0,0,0,0,0,0,0,0,0,0,0,0,0,0,0,0,0,0,0,0,0,0,0,0,0,0,0,0,0,0,744351,0.0001133803,0.0008121699
minecraft:pink_petals,0,0,0,0,0,0,0,0,0,0,0,0,0,0,0,0,0,0,0,0,0,0,0,0,0,0,0,0,0,0,0,0,0,0,0,0,0,0,0,0,0,0,0,0,0,0,0,0,0,0,0,0,0,0,0,0,0,0,0,0,0,0,0,0,0,0,0,0,0,0,0,0,0,0,0,0,0,0,0,0,0,0,0,0,0,0,0,0,0,0,0,0,0,0,0,0,0,0,0,0,0,0,0,0,0,0,0,0,0,0,0,0,0,0,0,0,0,0,1,0,0,0,0,1,2,1,0,7,3,21,20,34,67,64,52,57,73,178,302,282,341,374,551,1002,1538,1096,1437,1877,2505,3992,6134,7972,7168,3917,4699,5460,5934,7634,10209,12960,14046,7251,7599,9036,10786,13305,18542,20969,21591,10306,10969,13464,17934,21304,27156,32728,35338,15949,16784,17712,19052,21935,26585,31189,34099,14114,13301,13693,14121,14003,15943,15235,11763,5498,4396,4204,4171,4372,4659,4559,3815,2218,1741,1440,1085,1160,1093,1850,1666,1000,519,501,404,408,493,435,233,96,68,60,58,37,43,44,79,13,10,5,7,7,5,4,3,4,1,2,2,2,4,3,2,0,0,1,0,0,0,0,1,0,0,0,0,0,0,0,0,0,0,0,0,0,0,0,0,0,0,0,0,0,0,0,0,0,0,0,0,0,0,0,0,0,0,0,0,0,0,0,0,0,0,0,0,0,0,0,0,0,0,0,0,0,0,0,0,0,0,0,0,0,0,0,0,0,0,0,0,0,0,0,0,0,0,0,0,0,0,0,0,0,0,0,0,0,0,0,728248,0.0001109274,0.0007945997
minecraft:bubble_coral_block,0,0,0,0,0,0,0,0,0,0,0,0,0,0,0,0,0,0,0,0,0,0,0,0,0,0,0,0,0,0,0,0,0,0,0,0,0,0,0,0,0,0,0,0,0,0,0,0,0,0,2,5,4,8,7,7,16,32,35,22,15,18,28,30,43,46,39,49,31,19,17,26,32,42,45,57,58,71,70,71,65,116,171,207,246,302,354,372,442,640,752,828,809,752,765,987,1635,3040,5706,9891,15650,22323,27729,31247,31360,27315,21863,17758,15195,14738,19815,33281,54798,56995,53238,45215,38693,33984,30239,25970,21185,17373,14091,10972,8101,5756,0,0,0,0,0,0,0,0,0,0,0,0,0,0,0,0,0,0,0,0,0,0,0,0,0,0,0,0,0,0,0,0,0,0,0,0,0,0,0,0,0,0,0,0,0,0,0,0,0,0,0,0,0,0,0,0,0,0,0,0,0,0,0,0,0,0,0,0,0,0,0,0,0,0,0,0,0,0,0,0,0,0,0,0,0,0,0,0,0,0,0,0,0,0,0,0,0,0,0,0,0,0,0,0,0,0,0,0,0,0,0,0,0,0,0,0,0,0,0,0,0,0,0,0,0,0,0,0,0,0,0,0,0,0,0,0,0,0,0,0,0,0,0,0,0,0,0,0,0,0,0,0,0,0,0,0,0,0,0,0,0,0,0,0,0,0,0,0,0,0,0,0,0,0,0,0,0,0,0,0,0,0,0,0,0,0,0,0,0,0,0,0,0,0,0,0,0,0,0,0,0,0,0,0,0,0,0,0,0,0,723909,0.0001102665,0.0007898654
minecraft:horn_coral_block,0,0,0,0,0,0,0,0,0,0,0,0,0,0,0,0,0,0,0,0,0,0,0,0,0,0,0,0,0,0,0,0,0,0,0,0,0,0,0,0,0,0,0,0,0,0,0,0,0,1,1,3,11,11,9,14,13,11,8,14,29,29,33,24,24,17,30,37,39,40,42,29,23,31,44,54,50,63,66,75,100,135,172,238,259,288,342,414,470,542,639,715,728,821,1065,1246,1768,3518,6297,10131,15545,21925,27409,30447,30299,26281,21636,17185,14960,14372,18587,32730,53999,57277,54274,46965,39506,34395,30477,25819,20822,17406,14399,11019,8086,5815,0,0,0,0,0,0,0,0,0,0,0,0,0,0,0,0,0,0,0,0,0,0,0,0,0,0,0,0,0,0,0,0,0,0,0,0,0,0,0,0,0,0,0,0,0,0,0,0,0,0,0,0,0,0,0,0,0,0,0,0,0,0,0,0,0,0,0,0,0,0,0,0,0,0,0,0,0,0,0,0,0,0,0,0,0,0,0,0,0,0,0,0,0,0,0,0,0,0,0,0,0,0,0,0,0,0,0,0,0,0,0,0,0,0,0,0,0,0,0,0,0,0,0,0,0,0,0,0,0,0,0,0,0,0,0,0,0,0,0,0,0,0,0,0,0,0,0,0,0,0,0,0,0,0,0,0,0,0,0,0,0,0,0,0,0,0,0,0,0,0,0,0,0,0,0,0,0,0,0,0,0,0,0,0,0,0,0,0,0,0,0,0,0,0,0,0,0,0,0,0,0,0,0,0,0,0,0,0,0,0,722398,0.0001100364,0.0007882167
minecraft:fire_coral_block,0,0,0,0,0,0,0,0,0,0,0,0,0,0,0,0,0,0,0,0,0,0,0,0,0,0,0,0,0,0,0,0,0,0,0,0,0,0,0,0,0,0,0,0,0,0,0,0,0,0,0,0,0,0,1,5,10,14,6,6,10,20,33,34,20,23,25,22,23,25,32,36,41,31,56,57,76,105,99,79,84,136,183,211,237,310,315,412,479,672,708,804,861,843,970,1105,1711,3272,5709,9581,15327,21563,26792,30571,30969,26578,21788,17314,14299,13981,19117,33145,54059,57162,53960,46269,40036,35398,30874,25820,20790,17053,13779,10628,7679,5545,0,0,0,0,0,0,0,0,0,0,0,0,0,0,0,0,0,0,0,0,0,0,0,0,0,0,0,0,0,0,0,0,0,0,0,0,0,0,0,0,0,0,0,0,0,0,0,0,0,0,0,0,0,0,0,0,0,0,0,0,0,0,0,0,0,0,0,0,0,0,0,0,0,0,0,0,0,0,0,0,0,0,0,0,0,0,0,0,0,0,0,0,0,0,0,0,0,0,0,0,0,0,0,0,0,0,0,0,0,0,0,0,0,0,0,0,0,0,0,0,0,0,0,0,0,0,0,0,0,0,0,0,0,0,0,0,0,0,0,0,0,0,0,0,0,0,0,0,0,0,0,0,0,0,0,0,0,0,0,0,0,0,0,0,0,0,0,0,0,0,0,0,0,0,0,0,0,0,0,0,0,0,0,0,0,0,0,0,0,0,0,0,0,0,0,0,0,0,0,0,0,0,0,0,0,0,0,0,0,0,719988,0.0001096693,0.0007855871
minecraft:brain_coral_block,0,0,0,0,0,0,0,0,0,0,0,0,0,0,0,0,0,0,0,0,0,0,0,0,0,0,0,0,0,0,0,0,0,0,0,0,0,0,0,0,0,0,0,0,0,0,1,1,1,3,13,10,19,37,52,43,16,13,25,28,19,23,34,46,51,56,51,41,52,32,27,18,18,36,39,37,52,35,48,65,80,108,150,165,189,262,328,393,408,524,584,638,651,733,835,1099,1718,3200,5713,9521,15333,21877,27031,30349,30766,26205,21268,16747,14355,14105,19264,33136,54113,56477,52848,45624,39016,34905,30957,26238,21521,18141,14587,11329,8140,5722,0,0,0,0,0,0,0,0,0,0,0,0,0,0,0,0,0,0,0,0,0,0,0,0,0,0,0,0,0,0,0,0,0,0,0,0,0,0,0,0,0,0,0,0,0,0,0,0,0,0,0,0,0,0,0,0,0,0,0,0,0,0,0,0,0,0,0,0,0,0,0,0,0,0,0,0,0,0,0,0,0,0,0,0,0,0,0,0,0,0,0,0,0,0,0,0,0,0,0,0,0,0,0,0,0,0,0,0,0,0,0,0,0,0,0,0,0,0,0,0,0,0,0,0,0,0,0,0,0,0,0,0,0,0,0,0,0,0,0,0,0,0,0,0,0,0,0,0,0,0,0,0,0,0,0,0,0,0,0,0,0,0,0,0,0,0,0,0,0,0,0,0,0,0,0,0,0,0,0,0,0,0,0,0,0,0,0,0,0,0,0,0,0,0,0,0,0,0,0,0,0,0,0,0,0,0,0,0,0,0,718395,0.0001094266,0.000783849
minecraft:tube_coral_block,0,0,0,0,0,0,0,0,0,0,0,0,0,0,0,0,0,0,0,0,0,0,0,0,0,0,0,0,0,0,0,0,0,0,0,0,0,0,0,0,0,0,0,0,0,0,0,0,0,0,0,4,12,19,25,20,31,19,20,13,11,27,33,30,27,40,47,57,50,22,22,20,21,24,18,32,46,58,59,93,104,150,201,216,233,260,304,317,378,467,613,741,842,904,1035,1064,1640,3321,5998,9710,15007,21491,26691,29989,30617,26626,21962,17728,14609,14364,18471,31466,53076,56437,53252,45870,39233,34753,30681,26000,21619,17635,14232,10921,8002,5951,0,0,0,0,0,0,0,0,0,0,0,0,0,0,0,0,0,0,0,0,0,0,0,0,0,0,0,0,0,0,0,0,0,0,0,0,0,0,0,0,0,0,0,0,0,0,0,0,0,0,0,0,0,0,0,0,0,0,0,0,0,0,0,0,0,0,0,0,0,0,0,0,0,0,0,0,0,0,0,0,0,0,0,0,0,0,0,0,0,0,0,0,0,0,0,0,0,0,0,0,0,0,0,0,0,0,0,0,0,0,0,0,0,0,0,0,0,0,0,0,0,0,0,0,0,0,0,0,0,0,0,0,0,0,0,0,0,0,0,0,0,0,0,0,0,0,0,0,0,0,0,0,0,0,0,0,0,0,0,0,0,0,0,0,0,0,0,0,0,0,0,0,0,0,0,0,0,0,0,0,0,0,0,0,0,0,0,0,0,0,0,0,0,0,0,0,0,0,0,0,0,0,0,0,0,0,0,0,0,0,716081,0.0001090742,0.0007813241
minecraft:red_mushroom_block,0,0,0,0,0,0,0,0,0,0,0,0,0,0,0,0,0,0,0,0,0,0,0,0,0,0,0,0,0,0,0,0,0,0,0,0,0,0,0,0,0,0,0,0,0,0,0,0,0,0,0,0,0,0,0,0,0,0,0,0,0,0,0,0,0,0,0,0,0,0,0,0,0,0,0,0,0,0,0,0,0,0,0,0,0,0,0,0,0,0,0,0,0,0,0,0,0,0,0,0,0,0,0,0,0,0,0,0,0,0,0,0,0,0,0,0,0,27,65,97,121,147,162,221,269,364,438,836,4769,13579,25853,36297,40953,41877,40402,40323,41452,41961,40165,35819,29535,23265,18624,16012,14629,13365,12113,10616,9239,7797,6731,6154,5798,5930,5718,5637,5174,4879,4722,4857,5259,5373,5321,4895,4100,3384,2890,2593,2716,2874,2819,2624,2280,1912,1673,1608,1562,1539,1454,1350,1221,1056,966,890,832,833,755,657,628,539,520,488,451,428,365,326,310,277,278,208,209,180,195,217,157,174,143,136,129,135,183,158,167,129,80,75,62,95,109,124,105,65,42,21,18,23,36,45,45,45,33,33,21,12,9,12,12,12,9,12,12,12,9,0,0,0,0,0,0,0,0,0,0,7,11,12,9,0,0,0,5,9,9,9,0,0,0,0,0,0,0,0,0,0,0,0,0,0,0,0,0,0,0,0,0,0,0,0,0,0,0,0,0,0,0,0,0,0,0,0,0,0,0,0,0,0,0,0,0,0,0,0,0,0,0,0,0,0,0,0,0,0,0,0,0,0,0,0,0,0,0,0,0,0,0,0,690817,0.0001052259,0.0007537583
minecraft:dirt_path,0,0,0,0,0,0,0,0,0,0,0,0,0,0,0,0,0,0,0,0,0,0,0,0,0,0,0,0,0,0,0,0,0,0,0,0,0,0,0,0,0,0,0,0,0,0,0,0,0,0,0,0,0,0,0,0,0,0,0,1,0,0,0,0,0,0,0,0,0,0,0,0,0,0,0,0,0,0,0,0,0,0,0,4,6,3,4,2,3,3,16,47,5,2,33,30,25,0,5,13,22,19,81,28,12,34,57,46,83,108,147,153,237,281,249,179,189,223,205,365,687,610,733,987,1416,2697,114205,50089,28416,29359,31041,31633,31284,29899,29860,26616,13924,12058,10483,11005,11307,12216,11786,10942,6349,5396,4836,4875,5227,6418,6461,7353,4099,3165,3276,3900,4216,4552,5265,5693,3260,3436,3276,3748,4142,4802,4450,4305,2990,2249,2121,1880,2631,3705,3458,3555,1851,1381,1693,1953,2011,1737,1705,1896,957,653,650,592,696,852,1030,602,383,487,573,503,442,354,447,224,269,44,62,99,162,262,180,189,45,46,107,78,89,71,150,93,12,7,15,1,4,27,114,118,16,10,6,6,1,6,48,11,3,4,14,3,2,1,3,6,1,2,8,1,11,6,4,14,14,3,0,0,1,5,20,0,0,0,0,0,0,0,0,0,0,0,0,0,0,0,0,0,0,0,0,0,0,0,0,0,0,0,0,0,0,0,0,0,0,0,0,0,0,0,0,0,0,0,0,0,0,0,0,0,0,0,0,0,0,0,0,0,0,0,0,0,0,0,0,0,0,0,0,0,0,0,0,0,0,0,0,0,0,0,0,0,667408,0.0001016602,0.0007282165
minecraft:dead_bush,0,0,0,0,0,0,0,0,0,0,0,0,0,0,0,0,0,0,0,0,0,0,0,0,0,0,0,0,0,0,0,0,0,0,9,9,9,6,8,17,19,8,14,12,10,16,14,19,20,20,12,29,21,15,22,13,12,20,18,13,14,9,13,8,9,6,10,9,7,3,6,8,7,4,6,0,1,0,0,0,0,0,0,0,0,0,0,0,0,0,0,0,0,0,0,0,0,0,0,0,0,1,0,1,0,2,0,0,0,0,0,1,0,2,3,10,16,17,23,30,55,130,144,171,230,315,838,32229,45493,20574,20375,20445,21670,22399,22882,22552,19693,9084,7619,7059,7135,7693,8806,10107,9813,4558,4552,4707,5369,6860,8809,11746,12623,6015,6316,6918,7553,9663,11913,13221,12678,5517,4921,4951,5338,6209,7920,9438,8949,3889,3890,4338,5265,6493,8098,9155,9143,4179,3857,4026,4590,5616,6673,6779,7053,3049,2558,2682,2790,2960,3167,3775,3675,1726,1551,1265,1226,1326,1788,1908,1594,685,650,684,697,881,864,889,859,451,367,389,428,570,555,616,551,349,321,292,336,333,448,534,414,203,177,201,180,203,179,243,188,89,90,97,95,126,113,89,68,43,31,43,44,45,37,39,28,19,20,21,13,19,17,9,19,6,7,10,10,7,12,9,3,0,0,0,2,1,1,2,0,1,0,0,0,0,0,0,0,1,0,1,1,0,0,0,0,0,0,0,0,0,0,0,0,0,0,0,0,0,0,0,0,0,0,0,0,0,0,0,0,0,0,0,0,0,0,0,0,0,0,0,0,0,0,0,0,0,0,0,0,0,0,0,650975,0.0000991571,0.0007102862
minecraft:big_dripleaf,0,0,0,0,0,0,1,0,2,273,606,888,1205,1477,1714,1976,2039,2118,2600,3126,3681,3912,4174,4681,4009,3425,3513,3623,3905,4341,5042,6191,5427,5244,5281,5717,6002,6793,7722,9194,8723,8576,8695,9091,9827,10927,12147,15048,13731,12139,12123,11699,11770,12342,13064,15265,13402,11718,10478,10081,9158,9280,9549,11329,9907,8718,8430,8267,7907,8179,8850,10075,8542,7415,6921,6495,6161,6274,6562,7413,6399,5883,5533,5416,5103,5238,5331,5598,4904,4139,3885,3755,3518,3612,3548,3547,3005,2599,2215,2214,2024,2038,2102,2031,1755,1443,1341,1299,1235,1312,1283,1234,1050,804,744,654,636,630,651,670,575,507,480,492,509,529,603,584,521,405,377,378,395,393,362,320,296,223,240,216,198,241,225,198,209,147,142,136,126,121,120,125,121,97,76,89,79,108,113,99,91,74,49,58,62,48,46,62,57,44,37,45,46,36,43,39,27,13,27,34,43,56,42,48,44,29,28,24,32,11,17,20,13,20,9,16,12,15,22,21,11,12,5,6,2,4,6,4,4,10,2,4,5,2,3,3,2,5,2,6,2,6,3,8,3,4,4,1,3,1,3,6,1,1,1,1,1,0,0,0,1,0,0,1,0,4,2,2,1,0,0,0,0,0,2,1,2,0,0,0,0,0,0,0,0,0,0,1,0,2,2,0,0,0,0,0,0,0,0,0,0,0,0,0,0,0,0,0,0,0,0,0,0,0,0,0,0,0,0,0,0,0,0,0,0,0,0,0,0,0,0,0,0,0,0,0,0,0,0,0,0,0,0,0,0,0,0,0,0,0,0,0,0,0,0,0,639361,0.0000973881,0.0006976141
minecraft:acacia_log,0,0,0,0,0,0,0,0,0,0,0,0,0,0,0,0,0,0,0,0,0,0,0,0,0,0,0,0,0,0,0,0,0,0,0,0,0,0,0,0,0,0,0,0,0,0,0,0,0,0,0,0,0,0,0,0,0,0,0,0,0,0,0,0,0,0,0,0,0,0,0,0,0,0,0,0,0,0,0,0,0,0,0,0,0,0,0,0,0,0,0,0,0,0,0,0,0,0,0,0,0,0,0,0,0,0,0,0,0,0,0,0,0,1,8,5,20,23,41,35,55,84,92,117,116,175,933,8487,15782,20788,24801,29550,34229,36714,37422,36723,35449,32475,29248,25099,21055,16983,13835,11680,10571,9416,8514,7660,6752,5800,5193,4926,4985,4850,4848,4617,4379,4159,4014,4253,4425,4355,4195,3964,3624,3122,2952,2850,2952,2896,2807,2630,2409,2224,2210,2489,2684,2660,2691,2612,2413,2137,1929,1861,1829,1710,1635,1546,1420,1230,1048,928,841,780,740,657,591,558,503,508,463,463,427,394,349,337,311,300,280,244,222,182,150,118,93,83,87,83,83,81,74,63,51,47,41,30,24,21,15,11,8,9,8,12,14,15,14,14,12,9,6,8,10,13,12,14,16,14,10,6,5,4,2,3,2,1,1,1,1,1,2,2,0,0,0,0,0,0,0,0,0,0,0,0,0,0,0,0,0,0,1,2,4,3,3,2,1,0,0,0,0,0,0,0,0,0,0,1,1,1,1,1,1,0,0,0,0,0,0,0,0,0,0,0,0,0,0,0,0,0,0,0,0,0,0,0,0,0,0,0,0,0,0,0,0,0,617975,0.0000941306,0.0006742796
minecraft:iron_chain,0,0,0,0,0,0,0,0,0,0,0,0,128,260,325,394,490,616,732,883,980,1118,1371,1752,2126,2434,2698,3031,3211,3686,4289,4815,5332,5752,6441,7199,7593,8105,8730,8965,9266,9590,9856,10689,11053,11567,12021,12317,12249,12606,12819,13195,13308,13308,13103,12843,12960,12605,12231,11680,11179,10381,9706,9011,8533,8166,7660,7366,7156,7035,7032,6935,6590,6122,5674,5407,5141,5046,4685,4500,4242,4107,4167,4205,4109,4080,4139,4171,4162,4126,4246,4327,4284,4107,4026,3883,3711,3358,3103,2859,2671,2498,2395,2379,2365,2283,2096,1911,1722,1527,1340,1167,1019,797,665,579,505,459,412,389,350,301,268,244,217,214,226,222,197,167,139,129,119,107,94,95,111,101,98,94,93,73,64,70,58,53,43,37,17,14,11,18,16,13,9,8,9,7,3,2,2,6,9,10,9,20,25,25,34,43,45,43,36,37,61,63,64,68,70,69,69,69,69,74,74,73,72,71,66,67,67,66,66,64,63,61,60,58,56,54,53,52,49,45,45,43,37,31,27,23,18,11,6,5,3,2,0,0,0,0,0,0,0,0,0,0,0,0,0,0,0,0,0,0,0,0,0,0,0,0,0,0,0,0,0,0,0,0,0,0,0,0,0,0,0,0,0,0,0,0,0,0,0,0,0,0,0,0,0,0,0,0,0,0,0,0,0,0,0,0,0,0,0,0,0,0,0,0,0,0,0,0,0,0,0,0,0,0,0,0,0,0,0,0,0,0,0,0,0,0,0,0,0,0,0,0,0,0,0,0,0,0,0,0,0,0,0,0,0,0,0,0,0,0,0,0,591257,0.0000900608,0.0006451272
minecraft:flowering_azalea,0,0,0,0,0,0,3,4,3,5,729,880,1184,1414,1489,1674,1850,1668,1964,2473,3172,3638,3820,3928,4186,2637,2995,3356,3803,4207,4665,5145,6349,3979,4333,5138,5431,6079,6941,7788,9382,6672,7154,7836,9086,10081,11003,12450,14696,8681,10053,10366,11223,11750,12498,13212,15153,8350,8910,8970,8940,8841,8943,9317,11414,6392,6865,7175,7523,7599,7818,8212,9636,5300,5585,5805,5971,5889,6393,6375,6902,4697,4737,4759,5475,5267,5122,5458,5524,3363,3422,3549,3528,3556,3644,3396,3339,1957,2046,2004,1981,1959,1972,1780,1794,1110,1082,1105,1179,1205,1129,1030,996,647,648,668,684,690,637,649,626,466,404,461,487,560,557,642,560,309,363,365,418,375,426,370,354,212,225,236,226,204,228,206,202,132,131,124,126,129,107,136,126,70,67,93,73,72,93,80,67,57,59,49,59,52,44,54,57,46,41,38,54,39,41,45,32,40,27,34,27,32,27,41,31,17,12,18,16,19,27,17,14,4,13,11,12,8,8,12,16,7,11,9,6,8,6,10,14,7,4,3,9,3,3,4,2,2,1,8,2,3,1,0,1,0,0,0,0,1,0,1,1,1,4,4,2,1,2,4,1,1,0,1,1,6,7,8,4,1,1,1,2,2,2,3,1,0,0,1,1,0,0,0,0,0,0,0,0,0,0,0,0,0,0,0,0,0,0,0,0,0,0,0,0,0,0,0,0,0,0,0,0,0,0,0,0,0,0,0,0,0,0,0,0,0,0,0,0,0,0,0,0,0,0,0,0,0,0,0,0,0,0,0,0,0,0,0,0,0,0,0,0,0,0,0,581686,0.000088603,0.0006346842
minecraft:stone_bricks,0,0,36,32,48,116,317,263,450,1180,1083,926,1395,1486,1025,1165,1603,1253,2103,1798,1865,2481,2977,2538,2409,2652,2076,2318,2527,3509,2937,3975,3180,4104,3170,4245,2937,4054,2809,3794,3474,4304,2759,3522,3469,3751,3058,7261,4089,5114,4163,6459,3940,5536,3904,4598,3841,4827,4293,5914,5787,5583,5666,7439,6010,4755,6158,6452,7315,7497,6889,7565,8061,5793,5892,5892,4296,6732,5956,5985,7389,8071,6357,8049,8054,7570,8309,8768,9280,6820,8620,6929,7858,7544,8966,5616,8824,7147,7678,6901,6885,5585,7161,6558,6326,7272,6957,5416,5508,5463,3962,3159,3987,3957,3552,3098,2768,2392,1930,1532,1287,1084,876,799,601,588,496,576,1392,582,491,333,303,315,227,317,270,221,184,163,242,191,170,229,233,231,196,243,106,132,128,197,173,102,49,59,109,139,131,73,64,33,33,70,58,81,82,59,43,42,31,65,66,64,111,109,74,41,28,33,24,37,58,60,30,16,14,15,15,15,9,11,12,14,10,6,4,4,4,13,10,8,5,4,0,0,1,1,1,16,8,21,31,33,5,5,4,6,5,12,6,4,4,4,5,13,5,4,4,5,5,5,4,5,5,4,6,11,6,4,4,4,4,4,4,0,0,0,0,0,0,0,0,0,0,0,0,0,0,0,0,0,0,0,0,0,0,0,0,0,0,0,0,0,0,0,0,0,0,0,0,0,0,0,0,0,0,0,0,0,0,0,0,0,0,0,0,0,0,0,0,0,0,0,0,0,0,0,0,0,0,0,0,0,0,0,0,0,0,0,0,0,0,0,0,0,0,0,0,0,0,0,0,0,0,0,555154,0.0000845616,0.0006057349
minecraft:deepslate_tiles,0,0,0,0,0,0,0,0,0,0,0,0,0,189583,92708,54961,20909,38080,27419,14328,6254,16671,7576,61,7289,10271,4947,9047,7361,3093,2831,6910,830,844,1099,864,925,6639,5514,1461,1499,3447,2692,0,0,0,0,0,0,0,0,0,0,0,0,0,0,0,0,0,0,0,0,0,0,0,0,0,0,0,0,0,0,0,0,0,0,0,0,0,0,0,0,0,0,0,0,0,0,0,0,0,0,0,0,0,0,0,0,0,0,0,0,0,0,0,0,0,0,0,0,0,0,0,0,0,0,0,0,0,0,0,0,0,0,0,0,0,0,0,0,0,0,0,0,0,0,0,0,0,0,0,0,0,0,0,0,0,0,0,0,0,0,0,0,0,0,0,0,0,0,0,0,0,0,0,0,0,0,0,0,0,0,0,0,0,0,0,0,0,0,0,0,0,0,0,0,0,0,0,0,0,0,0,0,0,0,0,0,0,0,0,0,0,0,0,0,0,0,0,0,0,0,0,0,0,0,0,0,0,0,0,0,0,0,0,0,0,0,0,0,0,0,0,0,0,0,0,0,0,0,0,0,0,0,0,0,0,0,0,0,0,0,0,0,0,0,0,0,0,0,0,0,0,0,0,0,0,0,0,0,0,0,0,0,0,0,0,0,0,0,0,0,0,0,0,0,0,0,0,0,0,0,0,0,0,0,0,0,0,0,0,0,0,0,0,0,0,0,0,0,0,0,0,0,0,0,0,0,0,0,0,0,0,0,0,0,0,0,0,0,0,0,0,0,0,546113,0.0000831845,0.0005958701
minecraft:pale_moss_block,0,0,0,0,0,0,0,0,0,0,0,0,0,0,0,0,0,0,0,0,0,0,0,0,0,0,0,0,0,0,0,0,0,0,0,0,0,0,0,0,0,0,0,0,0,0,0,0,0,0,0,0,0,0,0,0,0,0,0,0,0,0,0,0,0,0,0,0,0,0,0,0,0,0,0,0,0,0,0,0,0,0,0,0,0,0,0,0,0,0,0,0,0,0,0,0,0,0,0,0,0,0,0,0,0,0,0,0,0,0,0,0,0,0,0,0,0,0,6,7,11,13,11,13,14,14,34,27,36,42,57,69,57,110,90,104,144,127,161,236,354,583,811,1173,1181,1751,2068,2584,3474,5339,7272,8125,4713,5602,5732,6752,8952,9317,9573,10456,6070,5966,6077,6675,8553,10818,15495,18214,8708,8627,8112,9395,13551,18890,24298,23256,10986,12020,12899,14751,17351,17618,18101,16493,9408,9685,9672,8944,7814,8036,7930,8970,3358,2599,2643,2272,2648,3526,4615,3107,1663,1528,913,1062,1190,1043,578,332,242,264,222,173,271,203,154,46,35,31,16,0,0,0,0,0,0,0,0,0,0,0,0,0,0,0,0,0,0,0,0,0,0,0,0,0,0,0,0,0,0,0,0,0,0,0,0,0,0,0,0,0,0,0,0,0,0,0,0,0,0,0,0,0,0,0,0,0,0,0,0,0,0,0,0,0,0,0,0,0,0,0,0,0,0,0,0,0,0,0,0,0,0,0,0,0,0,0,0,0,0,0,0,0,0,0,0,0,0,0,0,0,0,0,0,0,0,0,0,0,0,0,0,0,0,0,0,0,515312,0.0000784928,0.0005622628
minecraft:pale_oak_log,0,0,0,0,0,0,0,0,0,0,0,0,0,0,0,0,0,0,0,0,0,0,0,0,0,0,0,0,0,0,0,0,0,0,0,0,0,0,0,0,0,0,0,0,0,0,0,0,0,0,0,0,0,0,0,0,0,0,0,0,0,0,0,0,0,0,0,0,0,0,0,0,0,0,0,0,0,0,0,0,0,0,0,0,0,0,0,0,0,0,0,0,0,0,0,0,0,0,0,0,0,0,0,0,0,0,0,0,0,0,0,0,0,0,0,0,0,0,0,0,0,0,0,0,4,4,4,5,6,8,8,4,4,7,10,15,16,29,37,54,66,85,144,221,263,336,446,620,807,1112,1636,2459,3257,3755,4359,4973,5376,5711,5808,6129,6934,7388,7714,7727,7348,6893,6798,7481,8752,9434,10211,10795,10887,10877,10905,11737,12893,13779,14920,15977,16448,16097,14930,14479,14866,15159,15230,14685,13538,11955,10430,9409,8904,8076,7317,6546,5703,4819,3861,3304,3026,2992,2975,2840,2636,2320,1842,1370,1119,927,782,602,418,308,246,204,190,179,160,140,94,47,23,7,9,9,4,0,0,0,0,0,0,0,0,0,0,0,0,0,0,0,0,0,0,0,0,0,0,0,0,0,0,0,0,0,0,0,0,0,0,0,0,0,0,0,0,0,0,0,0,0,0,0,0,0,0,0,0,0,0,0,0,0,0,0,0,0,0,0,0,0,0,0,0,0,0,0,0,0,0,0,0,0,0,0,0,0,0,0,0,0,0,0,0,0,0,0,0,0,0,0,0,0,0,0,0,0,0,0,0,0,0,0,0,0,488453,0.0000744016,0.0005329566
minecraft:bush,0,0,0,0,0,0,0,0,0,0,0,0,0,0,0,0,0,0,0,0,0,0,0,0,0,0,0,0,0,0,0,0,0,0,0,0,0,0,0,0,0,0,0,0,0,0,0,0,0,0,0,0,0,0,0,0,0,0,0,0,0,0,0,0,0,0,0,0,0,0,0,0,0,0,0,0,0,0,0,0,0,0,0,0,0,0,0,0,2,1,2,1,0,0,0,1,2,1,0,2,0,1,1,1,0,2,2,1,0,1,0,0,0,5,14,32,51,74,54,59,121,277,262,297,441,688,1625,40670,55863,26313,27110,27596,27081,27795,27256,26524,24118,10650,8688,7696,7397,7840,8154,8868,8259,4080,3677,3597,3532,3812,3974,4836,4820,2496,2688,2685,2888,3050,3632,3913,3758,1972,1855,1829,1816,1929,2217,2472,2402,1205,1187,1318,1401,1490,1557,1663,1710,859,794,727,761,909,1100,1037,977,489,476,430,405,356,353,327,302,179,167,148,131,166,120,118,103,68,60,54,35,55,33,55,40,13,20,8,18,16,12,17,12,6,10,6,8,11,4,5,8,4,6,2,2,3,2,0,3,0,4,6,1,5,1,8,3,6,1,2,3,5,2,0,0,0,1,0,0,0,0,0,0,0,0,0,0,0,0,0,0,0,0,0,0,0,0,0,0,0,0,0,0,0,0,0,0,0,0,0,0,0,0,0,0,0,0,0,0,0,0,0,0,0,0,0,0,0,0,0,0,0,0,0,0,0,0,0,0,0,0,0,0,0,0,0,0,0,0,0,0,0,0,0,0,0,0,0,0,0,0,0,479438,0.0000730285,0.0005231203
minecraft:dandelion,0,0,0,0,0,0,0,0,0,0,0,0,0,0,0,0,0,0,0,0,0,0,0,0,0,0,0,0,0,0,0,0,0,0,0,0,0,0,0,0,0,0,0,0,0,0,0,0,0,0,0,0,0,0,0,0,0,0,0,0,0,0,0,0,0,0,0,0,0,0,0,0,0,0,0,0,0,0,0,0,0,0,0,0,0,0,2,1,0,0,0,0,0,0,0,0,0,0,0,0,0,0,0,0,0,0,0,0,0,0,0,0,1,3,4,15,25,27,36,52,62,191,161,166,277,409,1138,26791,41015,18372,19303,20317,21203,21773,21698,20769,18936,7643,6024,5541,5451,5340,5884,6277,6050,2943,2677,2482,2543,3095,4027,4465,4846,2119,2212,2459,2752,3414,3990,5030,5497,2263,2189,2367,2566,3140,4232,5407,5411,2579,2669,3036,3605,4913,6397,7323,7161,3013,3011,3085,3636,4263,4774,5798,5293,2273,2200,2073,2143,2146,2374,2953,2718,1158,1151,1135,858,838,999,920,865,448,395,358,428,578,562,500,354,128,116,63,66,43,65,46,11,25,14,15,6,15,3,1,1,1,0,2,1,1,0,2,1,4,0,0,0,0,0,0,0,0,0,0,4,4,2,0,0,0,0,0,0,0,0,0,0,0,0,0,0,0,0,0,0,0,0,0,0,0,0,0,0,0,0,0,0,0,0,0,0,0,0,0,0,0,0,0,0,0,0,0,0,0,0,0,0,0,0,0,0,0,0,0,0,0,0,0,0,0,0,0,0,0,0,0,0,0,0,0,0,0,0,0,0,0,0,0,0,0,0,0,0,0,0,0,464706,0.0000707845,0.000507046
minecraft:bubble_coral_wall_fan,0,0,0,0,0,0,0,0,0,0,0,0,0,0,0,0,0,0,0,0,0,0,0,0,0,0,0,0,0,0,0,0,0,0,0,0,0,0,0,0,0,0,0,0,0,0,0,0,0,0,0,0,5,12,11,13,8,8,11,6,8,16,29,19,16,17,33,26,24,22,18,13,15,19,28,25,32,28,49,40,48,77,97,112,148,190,176,213,247,350,393,398,453,438,531,651,944,1896,3377,5661,9175,13444,16829,18907,19112,16500,13772,10989,9393,8994,11883,20360,33462,34609,32714,28631,24845,22490,19741,16584,13448,11186,9044,7188,5243,3733,0,0,0,0,0,0,0,0,0,0,0,0,0,0,0,0,0,0,0,0,0,0,0,0,0,0,0,0,0,0,0,0,0,0,0,0,0,0,0,0,0,0,0,0,0,0,0,0,0,0,0,0,0,0,0,0,0,0,0,0,0,0,0,0,0,0,0,0,0,0,0,0,0,0,0,0,0,0,0,0,0,0,0,0,0,0,0,0,0,0,0,0,0,0,0,0,0,0,0,0,0,0,0,0,0,0,0,0,0,0,0,0,0,0,0,0,0,0,0,0,0,0,0,0,0,0,0,0,0,0,0,0,0,0,0,0,0,0,0,0,0,0,0,0,0,0,0,0,0,0,0,0,0,0,0,0,0,0,0,0,0,0,0,0,0,0,0,0,0,0,0,0,0,0,0,0,0,0,0,0,0,0,0,0,0,0,0,0,0,0,0,0,0,0,0,0,0,0,0,0,0,0,0,0,0,0,0,0,0,0,449227,0.0000684267,0.0004901567
minecraft:fire_coral_wall_fan,0,0,0,0,0,0,0,0,0,0,0,0,0,0,0,0,0,0,0,0,0,0,0,0,0,0,0,0,0,0,0,0,0,0,0,0,0,0,0,0,0,0,0,0,0,0,0,0,0,0,1,3,5,6,8,10,13,13,7,8,13,12,21,16,30,24,18,24,17,14,15,16,14,17,21,34,48,38,38,57,64,71,103,116,135,131,186,205,258,318,372,451,445,468,544,628,964,1945,3442,5819,9360,13129,16432,18874,19249,16270,13818,10990,9222,8911,11958,19910,33113,34738,32936,28956,25012,22063,19740,16683,13737,11179,9229,7155,5332,3755,0,0,0,0,0,0,0,0,0,0,0,0,0,0,0,0,0,0,0,0,0,0,0,0,0,0,0,0,0,0,0,0,0,0,0,0,0,0,0,0,0,0,0,0,0,0,0,0,0,0,0,0,0,0,0,0,0,0,0,0,0,0,0,0,0,0,0,0,0,0,0,0,0,0,0,0,0,0,0,0,0,0,0,0,0,0,0,0,0,0,0,0,0,0,0,0,0,0,0,0,0,0,0,0,0,0,0,0,0,0,0,0,0,0,0,0,0,0,0,0,0,0,0,0,0,0,0,0,0,0,0,0,0,0,0,0,0,0,0,0,0,0,0,0,0,0,0,0,0,0,0,0,0,0,0,0,0,0,0,0,0,0,0,0,0,0,0,0,0,0,0,0,0,0,0,0,0,0,0,0,0,0,0,0,0,0,0,0,0,0,0,0,0,0,0,0,0,0,0,0,0,0,0,0,0,0,0,0,0,0,448977,0.0000683886,0.0004898839
minecraft:brain_coral_wall_fan,0,0,0,0,0,0,0,0,0,0,0,0,0,0,0,0,0,0,0,0,0,0,0,0,0,0,0,0,0,0,0,0,0,0,0,0,0,0,0,0,0,0,0,0,0,0,0,0,0,0,1,1,9,11,13,15,7,10,15,12,15,11,16,23,16,18,35,19,27,19,19,16,13,19,23,28,28,52,40,34,51,75,100,135,140,174,183,223,245,335,371,419,430,436,536,627,1060,1894,3503,5919,9053,13207,16550,18733,19060,16603,13605,10952,9387,9046,11908,20178,33299,34871,33101,28560,25002,21923,19586,16270,13695,11403,9039,7053,5185,3665,0,0,0,0,0,0,0,0,0,0,0,0,0,0,0,0,0,0,0,0,0,0,0,0,0,0,0,0,0,0,0,0,0,0,0,0,0,0,0,0,0,0,0,0,0,0,0,0,0,0,0,0,0,0,0,0,0,0,0,0,0,0,0,0,0,0,0,0,0,0,0,0,0,0,0,0,0,0,0,0,0,0,0,0,0,0,0,0,0,0,0,0,0,0,0,0,0,0,0,0,0,0,0,0,0,0,0,0,0,0,0,0,0,0,0,0,0,0,0,0,0,0,0,0,0,0,0,0,0,0,0,0,0,0,0,0,0,0,0,0,0,0,0,0,0,0,0,0,0,0,0,0,0,0,0,0,0,0,0,0,0,0,0,0,0,0,0,0,0,0,0,0,0,0,0,0,0,0,0,0,0,0,0,0,0,0,0,0,0,0,0,0,0,0,0,0,0,0,0,0,0,0,0,0,0,0,0,0,0,0,448355,0.0000682939,0.0004892052
minecraft:horn_coral_wall_fan,0,0,0,0,0,0,0,0,0,0,0,0,0,0,0,0,0,0,0,0,0,0,0,0,0,0,0,0,0,0,0,0,0,0,0,0,0,0,0,0,0,0,0,0,0,0,0,2,0,3,3,3,4,4,15,10,18,10,7,6,11,16,27,20,13,14,25,27,13,17,20,14,14,20,24,25,38,38,49,35,52,79,92,103,137,163,198,225,242,308,387,413,398,526,554,631,1026,1892,3533,5822,9203,13361,16416,18714,19085,16723,13527,11209,9389,8949,11795,20155,33302,34907,32937,28781,24696,21972,19547,16414,13427,10933,9323,7129,5144,3720,0,0,0,0,0,0,0,0,0,0,0,0,0,0,0,0,0,0,0,0,0,0,0,0,0,0,0,0,0,0,0,0,0,0,0,0,0,0,0,0,0,0,0,0,0,0,0,0,0,0,0,0,0,0,0,0,0,0,0,0,0,0,0,0,0,0,0,0,0,0,0,0,0,0,0,0,0,0,0,0,0,0,0,0,0,0,0,0,0,0,0,0,0,0,0,0,0,0,0,0,0,0,0,0,0,0,0,0,0,0,0,0,0,0,0,0,0,0,0,0,0,0,0,0,0,0,0,0,0,0,0,0,0,0,0,0,0,0,0,0,0,0,0,0,0,0,0,0,0,0,0,0,0,0,0,0,0,0,0,0,0,0,0,0,0,0,0,0,0,0,0,0,0,0,0,0,0,0,0,0,0,0,0,0,0,0,0,0,0,0,0,0,0,0,0,0,0,0,0,0,0,0,0,0,0,0,0,0,0,0,448084,0.0000682526,0.0004889096
minecraft:tube_coral_wall_fan,0,0,0,0,0,0,0,0,0,0,0,0,0,0,0,0,0,0,0,0,0,0,0,0,0,0,0,0,0,0,0,0,0,0,0,0,0,0,0,0,0,0,0,0,0,0,0,0,0,0,1,3,5,11,13,9,11,11,13,12,11,15,21,26,18,16,28,27,19,14,10,7,11,22,25,29,38,30,46,39,51,65,109,116,145,164,180,229,254,309,372,452,462,464,521,607,937,1917,3439,5824,9235,13139,16634,18756,19070,16356,13502,11044,9428,9051,11660,20050,33133,34583,32994,28569,25022,22335,19496,16387,13655,11388,9126,7176,5255,3837,0,0,0,0,0,0,0,0,0,0,0,0,0,0,0,0,0,0,0,0,0,0,0,0,0,0,0,0,0,0,0,0,0,0,0,0,0,0,0,0,0,0,0,0,0,0,0,0,0,0,0,0,0,0,0,0,0,0,0,0,0,0,0,0,0,0,0,0,0,0,0,0,0,0,0,0,0,0,0,0,0,0,0,0,0,0,0,0,0,0,0,0,0,0,0,0,0,0,0,0,0,0,0,0,0,0,0,0,0,0,0,0,0,0,0,0,0,0,0,0,0,0,0,0,0,0,0,0,0,0,0,0,0,0,0,0,0,0,0,0,0,0,0,0,0,0,0,0,0,0,0,0,0,0,0,0,0,0,0,0,0,0,0,0,0,0,0,0,0,0,0,0,0,0,0,0,0,0,0,0,0,0,0,0,0,0,0,0,0,0,0,0,0,0,0,0,0,0,0,0,0,0,0,0,0,0,0,0,0,0,448039,0.0000682457,0.0004888605
minecraft:waxed_copper_bulb,0,0,0,0,0,0,0,0,0,0,0,0,27,385,453,493,556,709,804,1127,1119,1257,1882,2074,2287,2643,2716,5076,5730,6092,7130,7170,8478,8747,10903,12138,11493,12220,12358,14440,14361,13488,14074,13790,13788,14046,13970,14643,11987,12051,11678,11179,11907,10324,10116,8231,7633,7820,6769,6913,5066,4849,5161,4883,5015,4029,3929,3187,3223,3438,2841,2462,1586,1657,1780,1623,1373,933,954,1063,985,1030,711,653,571,502,381,273,263,141,134,92,65,85,33,52,52,55,54,22,5,14,14,0,1,0,0,0,0,0,0,0,0,0,0,0,0,0,0,0,0,0,0,0,0,0,0,0,0,0,0,0,0,0,0,0,0,0,0,0,0,0,0,0,0,0,0,0,0,0,0,0,0,0,0,0,0,0,0,0,0,0,0,0,0,0,0,0,0,0,0,0,0,0,0,0,0,0,0,0,0,0,0,0,0,0,0,0,0,0,0,0,0,0,0,0,0,0,0,0,0,0,0,0,0,0,0,0,0,0,0,0,0,0,0,0,0,0,0,0,0,0,0,0,0,0,0,0,0,0,0,0,0,0,0,0,0,0,0,0,0,0,0,0,0,0,0,0,0,0,0,0,0,0,0,0,0,0,0,0,0,0,0,0,0,0,0,0,0,0,0,0,0,0,0,0,0,0,0,0,0,0,0,0,0,0,0,0,0,0,0,0,0,0,0,0,0,0,0,0,0,0,0,0,0,0,0,0,0,0,0,0,0,0,0,0,0,0,0,0,0,0,0,0,0,0,0,0,0,0,0,0,0,0,0,0,434515,0.0000661857,0.0004741043
minecraft:mycelium,0,0,0,0,0,0,0,0,0,0,0,0,0,0,0,0,0,0,0,0,0,0,0,0,0,0,0,0,0,0,0,0,0,0,0,0,0,0,0,0,0,0,0,0,0,0,0,0,0,0,0,0,0,0,0,0,0,0,0,0,0,0,0,0,0,0,0,0,0,0,0,0,0,0,0,0,0,0,0,0,0,0,0,1,0,1,0,2,28,3,1,0,0,1,1,3,0,0,0,0,0,1,0,0,0,0,0,0,2,5,14,7,13,33,223,452,526,567,574,737,893,834,785,766,742,920,16837,17562,10722,11888,17480,25801,46503,53850,52719,53946,20363,16577,12930,11209,9191,7330,6378,5948,4625,3302,1922,1523,1044,664,323,132,90,0,0,0,0,0,0,0,0,0,0,0,0,0,0,0,0,0,0,0,0,0,0,0,0,0,0,0,0,0,0,0,0,0,0,0,0,0,0,0,0,0,0,0,0,0,0,0,0,0,0,0,0,0,0,0,0,0,0,0,0,0,0,0,0,0,0,0,0,0,0,0,0,0,0,0,0,0,0,0,0,0,0,0,0,0,0,0,0,0,0,0,0,0,0,0,0,0,0,0,0,0,0,0,0,0,0,0,0,0,0,0,0,0,0,0,0,0,0,0,0,0,0,0,0,0,0,0,0,0,0,0,0,0,0,0,0,0,0,0,0,0,0,0,0,0,0,0,0,0,0,0,0,0,0,0,0,0,0,0,0,0,0,0,0,0,0,0,0,0,0,0,0,0,0,0,0,0,0,0,0,0,0,0,418994,0.0000638216,0.0004571691
minecraft:mangrove_propagule,0,0,0,0,0,0,0,0,0,0,0,0,0,0,0,0,0,0,0,0,0,0,0,0,0,0,0,0,0,0,0,0,0,0,0,0,0,0,0,0,0,0,0,0,0,0,0,0,0,0,0,0,0,0,0,0,0,0,0,0,0,0,0,0,0,0,0,0,0,0,0,0,0,0,0,0,0,0,0,0,0,0,0,0,0,0,0,0,0,0,0,0,0,1,1,1,1,1,1,0,0,0,0,0,0,0,0,0,0,0,0,0,0,0,0,0,0,0,1,1,1,1,3,7,8,12,21,30,13918,20610,26175,29888,32191,32114,31050,29653,27451,25408,22900,20420,17515,14868,12191,9770,7691,5793,4343,3254,2500,1809,1451,1009,802,595,478,402,342,287,252,208,193,185,175,123,132,123,88,82,83,62,80,60,49,52,33,37,28,23,22,29,22,13,16,23,17,12,16,13,9,7,5,2,2,11,7,3,2,6,1,5,2,3,4,1,3,0,2,1,0,0,0,0,0,0,0,0,0,0,1,0,0,0,0,0,0,0,0,0,0,0,0,0,0,0,0,0,0,2,1,1,0,0,2,1,1,0,0,0,0,0,0,0,0,0,0,0,0,0,0,0,0,0,0,0,0,0,0,0,0,0,0,0,0,0,0,0,0,0,0,0,0,0,0,0,0,0,0,0,0,0,0,0,0,0,0,0,0,0,0,0,0,0,0,0,0,0,0,0,0,0,0,0,0,0,0,0,0,0,0,0,0,0,0,0,0,0,0,0,0,0,0,0,0,0,0,0,399305,0.0000608225,0.0004356862
minecraft:dark_oak_planks,0,0,0,0,0,0,0,0,0,0,0,0,0,0,320,3552,804,2200,9893,3123,658,593,0,1336,1786,1400,455,326,0,0,0,0,0,0,0,0,0,0,0,0,0,0,0,0,0,0,0,0,0,0,0,0,0,0,0,0,0,2,0,0,0,0,7,0,2,0,0,20,7,4,1,34,0,5,0,0,0,4,15,16,3,8,10,8,16,16,25,62,29,39,32,18,61,43,82,87,218,246,320,557,877,1084,1507,1980,2085,2256,2473,2289,2275,2191,2104,2958,3873,4501,5203,5728,5651,5715,5295,4927,4060,3558,3719,3758,4426,3891,3751,5954,7068,7028,6570,7905,7859,8162,6574,7436,8924,8725,7182,7117,7578,7739,7184,6286,7623,11303,9126,5313,5571,6346,6677,4579,6286,4958,5979,4528,7946,3325,1993,2418,4055,3745,1960,3087,1442,3445,996,1260,981,808,639,497,1088,752,692,539,805,551,721,639,217,499,264,357,452,268,293,244,206,220,822,740,750,573,700,720,782,8,688,491,486,385,516,521,718,456,479,688,2380,423,283,202,178,248,278,400,211,495,444,1542,47,0,4,16,60,96,69,0,0,0,0,0,0,0,0,0,0,0,0,0,0,0,0,0,0,0,0,0,0,0,20,8,8,8,16,16,12,16,0,0,0,0,4,14,60,96,69,0,0,0,0,0,0,0,0,0,0,0,0,0,0,0,0,0,0,0,0,0,0,0,0,0,0,0,0,0,0,0,0,0,0,0,0,0,0,0,0,0,0,0,0,0,0,0,0,0,0,0,0,0,0,0,0,0,0,0,0,0,0,0,0,0,0,0,0,0,389808,0.0000593759,0.0004253239
minecraft:mossy_stone_bricks,0,0,23,15,28,72,211,139,242,708,645,564,814,916,602,670,1002,747,1284,1005,1141,1437,1820,1473,1502,1538,1271,1452,1467,1945,1506,2299,1633,2314,1805,2394,1621,2415,1444,2083,1989,2489,1516,1922,1716,2121,1711,4138,2073,2854,2117,3705,2301,3354,2327,2839,2069,2779,2495,3575,3392,2999,3111,4300,3466,2784,3618,3764,4463,4466,4000,4486,4885,3382,3618,3495,2540,4123,3531,3640,4562,4946,3656,4936,4939,4562,5009,5468,5643,4180,5337,4320,4829,4626,5338,3452,5608,4631,5428,4880,5322,4788,6355,6662,6562,7261,6544,5277,4729,4579,3732,3804,6095,8174,7753,7135,5785,4662,3949,2899,2372,2034,1736,1456,1021,727,476,435,395,187,139,112,97,118,81,65,47,36,25,37,48,67,44,31,55,34,11,7,41,10,9,11,11,3,4,4,2,2,14,12,9,2,4,10,21,4,1,1,3,1,3,1,34,3,7,8,8,6,0,0,18,1,3,3,2,1,0,1,0,0,2,0,0,3,5,0,0,0,0,4,0,0,0,0,0,0,0,0,1,0,17,0,0,0,2,1,0,0,0,3,0,0,0,0,0,0,1,0,0,0,0,0,1,1,0,0,0,1,0,0,0,0,0,0,0,0,0,0,0,0,0,0,0,0,0,0,0,0,0,0,0,0,0,0,0,0,0,0,0,0,0,0,0,0,0,0,0,0,0,0,0,0,0,0,0,0,0,0,0,0,0,0,0,0,0,0,0,0,0,0,0,0,0,0,0,0,0,0,0,0,0,0,0,0,0,0,0,0,0,0,0,0,0,0,0,0,0,0,0,0,0,0,0,0,0,0,389030,0.0000592574,0.0004244751
minecraft:cracked_deepslate_bricks,0,0,0,0,0,0,0,0,0,0,0,0,0,70848,62290,19651,21763,21327,67013,40333,25134,6536,1929,3834,3845,4220,4228,1372,828,1007,1027,633,548,550,601,689,780,851,2067,3949,3778,2821,1530,0,0,0,0,0,0,0,0,0,0,0,0,0,0,0,0,0,0,0,0,0,0,0,0,0,0,0,0,0,0,0,0,0,0,0,0,0,0,0,0,0,0,0,0,0,0,0,0,0,0,0,0,0,0,0,0,0,0,0,0,0,0,0,0,0,0,0,0,0,0,0,0,0,0,0,0,0,0,0,0,0,0,0,0,0,0,0,0,0,0,0,0,0,0,0,0,0,0,0,0,0,0,0,0,0,0,0,0,0,0,0,0,0,0,0,0,0,0,0,0,0,0,0,0,0,0,0,0,0,0,0,0,0,0,0,0,0,0,0,0,0,0,0,0,0,0,0,0,0,0,0,0,0,0,0,0,0,0,0,0,0,0,0,0,0,0,0,0,0,0,0,0,0,0,0,0,0,0,0,0,0,0,0,0,0,0,0,0,0,0,0,0,0,0,0,0,0,0,0,0,0,0,0,0,0,0,0,0,0,0,0,0,0,0,0,0,0,0,0,0,0,0,0,0,0,0,0,0,0,0,0,0,0,0,0,0,0,0,0,0,0,0,0,0,0,0,0,0,0,0,0,0,0,0,0,0,0,0,0,0,0,0,0,0,0,0,0,0,0,0,0,0,0,0,0,0,0,0,0,0,0,0,0,0,0,0,0,0,0,0,0,0,0,375982,0.0000572699,0.0004102382
minecraft:cobbled_deepslate,0,0,0,0,0,0,0,0,0,0,0,0,35,73536,54768,42815,38320,14224,8926,1868,1875,2406,1918,5576,3903,2437,3044,3158,3414,1630,1811,2661,4941,5659,4493,4612,5880,5370,3145,2270,1890,1219,1259,1173,1080,1196,1368,1465,1430,1331,1337,1563,1596,1576,1161,903,599,544,480,522,507,522,552,561,498,457,381,380,313,276,239,157,101,47,52,44,32,33,24,31,20,18,17,11,6,0,0,0,0,0,0,0,0,0,0,0,0,0,0,0,0,0,0,0,0,0,0,0,0,0,0,0,0,0,0,0,0,0,0,0,0,0,0,0,0,0,0,0,0,0,0,0,0,0,0,0,0,0,0,0,0,0,0,0,0,0,0,0,0,0,0,0,0,0,0,0,0,0,0,0,0,0,0,0,0,0,0,0,0,0,0,0,0,0,0,0,0,0,0,0,0,0,0,0,0,0,0,0,0,0,0,0,0,0,0,0,0,0,0,0,0,0,0,0,0,0,0,0,0,0,0,0,0,0,0,0,0,0,0,0,0,0,0,0,0,0,0,0,0,0,0,0,0,0,0,0,0,0,0,0,0,0,0,0,0,0,0,0,0,0,0,0,0,0,0,0,0,0,0,0,0,0,0,0,0,0,0,0,0,0,0,0,0,0,0,0,0,0,0,0,0,0,0,0,0,0,0,0,0,0,0,0,0,0,0,0,0,0,0,0,0,0,0,0,0,0,0,0,0,0,0,0,0,0,0,0,0,0,0,0,0,0,0,0,0,0,0,0,0,0,0,0,0,0,0,0,333666,0.0000508243,0.0003640668
minecraft:waxed_chiseled_copper,0,0,0,0,0,0,0,0,0,0,0,16,8,42,80,108,335,414,537,514,680,836,743,810,786,1638,1965,2166,3015,3531,4158,4857,6151,7679,7780,8238,9104,9426,9866,10642,10792,10479,11089,11037,11028,11294,10405,10636,10754,9775,10472,9441,8881,7524,7154,6251,5589,5477,4696,4298,3875,3493,3678,3354,3245,3131,3229,3269,2683,2759,1700,1795,1780,1617,1605,1174,1038,1074,1016,914,651,544,480,454,483,396,365,269,230,156,135,151,109,188,111,92,130,13,1,0,4,0,12,1,0,0,0,0,0,0,0,0,0,0,0,0,0,0,0,0,0,0,0,0,0,0,0,0,0,0,0,0,0,0,0,0,0,0,0,0,0,0,0,0,0,0,0,0,0,0,0,0,0,0,0,0,0,0,0,0,0,0,0,0,0,0,0,0,0,0,0,0,0,0,0,0,0,0,0,0,0,0,0,0,0,0,0,0,0,0,0,0,0,0,0,0,0,0,0,0,0,0,0,0,0,0,0,0,0,0,0,0,0,0,0,0,0,0,0,0,0,0,0,0,0,0,0,0,0,0,0,0,0,0,0,0,0,0,0,0,0,0,0,0,0,0,0,0,0,0,0,0,0,0,0,0,0,0,0,0,0,0,0,0,0,0,0,0,0,0,0,0,0,0,0,0,0,0,0,0,0,0,0,0,0,0,0,0,0,0,0,0,0,0,0,0,0,0,0,0,0,0,0,0,0,0,0,0,0,0,0,0,0,0,0,0,0,0,0,0,0,0,0,0,0,0,0,0,0,0,0,0,0,0,0,0,324601,0.0000494435,0.0003541758
minecraft:chiseled_tuff,0,0,0,0,0,0,0,0,0,0,0,0,0,16,29,40,107,118,106,134,292,382,440,309,380,571,668,807,1718,2366,4815,5822,5198,5716,6018,9746,10169,9110,9598,10309,10729,9571,9981,10807,10848,10454,10339,10854,12159,10103,10177,7391,7527,9885,7707,8466,4775,4373,4481,4488,4191,4220,4324,4627,4209,3714,3455,3672,3228,3132,3004,2427,2244,1212,1116,1020,977,835,901,658,727,582,414,352,271,255,278,195,210,118,118,109,45,53,54,72,71,53,68,29,12,0,4,1,0,0,0,0,0,0,0,0,0,0,0,0,0,0,0,0,0,0,0,0,0,0,0,0,0,0,0,0,0,0,0,0,0,0,0,0,0,0,0,0,0,0,0,0,0,0,0,0,0,0,0,0,0,0,0,0,0,0,0,0,0,0,0,0,0,0,0,0,0,0,0,0,0,0,0,0,0,0,0,0,0,0,0,0,0,0,0,0,0,0,0,0,0,0,0,0,0,0,0,0,0,0,0,0,0,0,0,0,0,0,0,0,0,0,0,0,0,0,0,0,0,0,0,0,0,0,0,0,0,0,0,0,0,0,0,0,0,0,0,0,0,0,0,0,0,0,0,0,0,0,0,0,0,0,0,0,0,0,0,0,0,0,0,0,0,0,0,0,0,0,0,0,0,0,0,0,0,0,0,0,0,0,0,0,0,0,0,0,0,0,0,0,0,0,0,0,0,0,0,0,0,0,0,0,0,0,0,0,0,0,0,0,0,0,0,0,0,0,0,0,0,0,0,0,0,0,0,0,0,0,0,0,317356,0.00004834,0.0003462707
minecraft:small_dripleaf,0,0,0,0,0,0,0,1,2,133,391,621,807,892,897,910,938,1057,1354,1784,2100,2166,2192,2170,1794,1443,1552,1855,2143,2447,2719,3167,2999,2355,2381,2743,3208,3600,4072,4885,4849,4137,4245,4636,5090,5834,6557,7749,7416,5732,5458,5639,5872,6320,6742,7682,6989,5081,4597,4447,4466,4669,4851,5597,5346,4084,3663,3843,3995,4166,4518,5077,4468,3194,2976,3061,3128,3287,3408,3643,3323,2647,2475,2480,2565,2653,2653,2628,2315,1835,1710,1721,1782,1833,1744,1647,1378,1076,982,1046,1086,1041,1050,956,759,636,599,625,713,723,639,553,419,319,289,285,342,352,330,335,295,245,223,225,271,296,296,271,200,149,148,195,215,187,171,153,124,91,85,102,101,105,113,127,101,60,59,65,66,59,59,69,64,49,38,38,53,67,61,40,35,26,18,25,23,19,22,27,23,21,29,30,25,21,20,16,6,5,7,12,28,31,24,18,11,7,3,5,10,8,3,9,11,8,5,1,4,10,13,6,1,6,6,3,3,2,3,3,1,1,1,0,0,1,2,5,4,1,3,6,6,5,3,1,1,2,2,0,0,1,2,1,0,0,0,0,0,0,0,0,0,1,1,0,0,0,2,2,0,0,0,0,0,0,0,2,2,0,0,0,0,0,0,0,0,0,0,0,0,0,0,0,0,0,0,0,0,0,0,0,0,0,0,0,0,0,0,0,0,0,0,0,0,0,0,0,0,0,0,0,0,0,0,0,0,0,0,0,0,0,0,0,0,0,0,0,0,0,0,0,0,0,0,0,0,0,0,0,0,0,0,0,0,0,0,0,316881,0.0000482676,0.0003457525
minecraft:emerald_ore,0,0,0,0,0,0,0,0,0,0,0,0,0,0,0,0,0,0,0,0,0,0,0,0,0,0,0,0,0,0,0,0,0,0,0,0,0,0,0,0,0,0,0,0,0,0,0,0,0,0,0,0,0,0,0,0,0,0,0,3,12,35,74,69,108,198,322,390,513,586,739,842,983,1053,1061,1055,1032,1077,1137,1141,1174,1196,1305,1296,1345,1293,1290,1372,1362,1466,1464,1447,1514,1511,1551,1577,1590,1579,1735,1740,1769,1708,1682,1776,1789,1855,1866,1902,1971,1997,2096,2085,2071,2011,2244,2303,2335,2313,2327,2346,2533,2623,2640,2719,2882,2890,2734,2897,2984,3118,3005,3166,3213,3221,3287,3193,3339,3488,3427,3500,3538,3485,3531,3505,3425,3459,3543,3423,3549,3476,3419,3313,3446,3277,3303,3265,3244,3171,3206,3160,3118,3160,3149,3002,2954,2901,2790,2805,2826,2821,2646,2559,2422,2296,2325,2209,2218,2019,2030,1886,1715,1711,1525,1534,1469,1492,1408,1306,1303,1285,1233,1180,1127,1075,1061,1093,1009,932,971,958,879,821,902,800,770,676,733,670,661,662,633,603,581,571,527,484,479,452,409,423,384,397,363,352,350,362,288,289,289,298,245,230,243,279,262,238,203,204,186,162,166,163,167,164,150,138,126,119,106,120,111,102,75,69,85,69,68,80,59,84,80,69,77,63,53,68,45,69,55,45,50,42,58,41,29,31,46,35,40,35,23,27,26,29,23,31,18,25,19,27,23,26,22,16,22,16,18,7,18,11,8,9,13,10,17,13,12,4,5,2,1,4,6,2,2,4,0,0,0,0,0,0,0,0,0,0,0,0,0,0,0,0,0,0,0,0,309954,0.0000472125,0.0003381943
minecraft:raw_iron_block,0,0,0,0,1,89,714,1872,3047,3305,3738,4070,4492,4485,4702,4848,4910,5332,5986,6292,6780,7325,7358,7415,7257,7656,7852,8144,7941,7962,7737,7820,7178,7467,7558,7706,7645,7283,6702,6261,5570,5759,5675,5573,5467,5261,5021,4638,4176,4286,4292,4325,4042,3878,3609,3304,3023,0,0,0,0,0,0,0,0,0,0,0,0,0,0,0,0,0,0,0,0,0,0,0,0,0,0,0,0,0,0,0,0,0,0,0,0,0,0,0,0,0,0,0,0,0,0,0,0,0,0,0,0,0,0,0,0,0,0,0,0,0,0,0,0,0,0,0,0,0,0,0,0,0,0,0,0,0,0,0,0,0,0,0,0,0,0,0,0,0,0,0,0,0,0,0,0,0,0,0,0,0,0,0,0,0,0,0,0,0,0,0,0,0,0,0,0,0,0,0,0,0,0,0,0,0,0,0,0,0,0,0,0,0,0,0,0,0,0,0,0,0,0,0,0,0,0,0,0,0,0,0,0,0,0,0,0,0,0,0,0,0,0,0,0,0,0,0,0,0,0,0,0,0,0,0,0,0,0,0,0,0,0,0,0,0,0,0,0,0,0,0,0,0,0,0,0,0,0,0,0,0,0,0,0,0,0,0,0,0,0,0,0,0,0,0,0,0,0,0,0,0,0,0,0,0,0,0,0,0,0,0,0,0,0,0,0,0,0,0,0,0,0,0,0,0,0,0,0,0,0,0,0,0,0,0,0,0,0,0,0,0,0,0,0,0,0,0,0,0,0,0,0,0,0,0,0,0,0,0,284829,0.0000433854,0.0003107802
minecraft:brown_mushroom,0,0,0,0,0,0,0,0,0,0,0,0,0,0,0,0,0,0,0,0,0,0,0,0,0,0,0,0,0,0,0,0,0,0,1,0,1,0,0,0,0,0,0,0,0,0,0,0,0,0,0,0,0,0,0,0,0,0,0,0,0,0,0,0,0,0,0,1,0,3,2,2,2,2,1,0,4,3,2,0,0,1,2,7,2,2,2,4,3,2,4,4,7,6,6,3,3,2,5,5,2,2,0,8,4,3,3,2,8,10,32,16,20,52,33,34,32,39,31,43,61,124,169,189,256,383,795,28315,46323,18249,17053,16469,14861,14944,13891,13396,11442,5066,3808,3276,2944,2724,2882,2936,2649,1224,1039,1190,1219,1324,1663,2002,2061,1114,1063,1138,1426,1408,1543,2058,2038,995,900,794,794,881,1049,1284,1353,584,641,676,842,928,1170,1297,1224,511,530,535,542,658,683,698,768,361,307,267,351,323,271,254,230,153,132,117,116,134,160,207,294,95,85,85,54,49,35,45,26,18,14,15,11,17,24,29,8,8,14,3,0,1,0,0,0,7,7,9,4,3,1,2,0,1,0,0,0,0,0,0,0,0,0,0,0,0,0,0,0,0,0,2,1,0,0,0,0,0,0,0,0,0,0,0,0,0,0,0,0,0,0,0,0,0,0,0,0,0,0,0,0,0,0,0,0,0,0,0,0,0,0,0,0,0,0,0,0,0,0,0,0,0,0,0,0,0,0,0,0,0,0,0,0,0,0,0,0,0,0,0,0,0,0,0,0,0,0,0,0,0,0,0,0,0,0,0,271870,0.0000414115,0.0002966405
minecraft:raw_copper_block,0,0,0,0,0,0,0,0,0,0,0,0,0,0,0,0,0,0,0,0,0,0,0,0,0,0,0,0,0,0,0,0,0,0,0,0,0,0,0,0,0,0,0,0,0,0,0,0,0,0,0,0,0,0,0,0,0,0,0,0,0,0,0,0,2985,3366,3740,3777,3927,4212,4212,4211,4181,4592,5092,5325,5528,5958,5925,6026,6024,6524,7152,7493,8093,8002,7973,7875,7568,7676,8005,8165,8040,7946,7751,7005,6637,6495,6454,6291,5808,5321,4686,4060,3535,3496,3483,3366,3113,3003,2519,2296,1916,1044,343,0,0,0,0,0,0,0,0,0,0,0,0,0,0,0,0,0,0,0,0,0,0,0,0,0,0,0,0,0,0,0,0,0,0,0,0,0,0,0,0,0,0,0,0,0,0,0,0,0,0,0,0,0,0,0,0,0,0,0,0,0,0,0,0,0,0,0,0,0,0,0,0,0,0,0,0,0,0,0,0,0,0,0,0,0,0,0,0,0,0,0,0,0,0,0,0,0,0,0,0,0,0,0,0,0,0,0,0,0,0,0,0,0,0,0,0,0,0,0,0,0,0,0,0,0,0,0,0,0,0,0,0,0,0,0,0,0,0,0,0,0,0,0,0,0,0,0,0,0,0,0,0,0,0,0,0,0,0,0,0,0,0,0,0,0,0,0,0,0,0,0,0,0,0,0,0,0,0,0,0,0,0,0,0,0,0,0,0,0,0,0,0,0,0,0,0,0,0,0,0,0,0,0,0,0,0,0,0,0,0,0,0,0,0,0,0,0,0,0,0,0,268215,0.0000408548,0.0002926524
minecraft:cracked_stone_bricks,0,0,21,13,19,45,137,100,193,478,437,340,573,585,460,482,687,493,846,721,741,1043,1204,1017,1031,1051,829,998,1039,1353,1133,1566,1159,1631,1230,1602,1138,1646,1003,1469,1374,1685,981,1327,1263,1425,1199,2768,1435,1908,1401,2460,1530,2242,1505,1874,1402,1909,1808,2346,2330,2119,2111,2943,2326,1975,2418,2603,2945,2878,2685,2959,3294,2282,2396,2378,1679,2776,2403,2354,2951,3195,2434,3163,3308,2893,3389,3543,3815,2818,3396,2672,3194,3079,3495,2210,3529,2807,3317,3095,3224,2691,3586,3543,3641,4096,3623,2861,2754,2750,2209,2316,3327,3882,3784,3466,2936,2343,2014,1501,1285,1076,888,695,542,452,338,324,682,312,215,155,155,137,80,143,149,108,105,105,138,111,95,101,91,79,61,90,17,56,32,65,84,68,28,32,67,90,82,35,23,3,5,23,13,35,22,10,10,9,9,17,15,19,31,15,34,15,6,5,0,7,15,12,7,2,3,2,1,0,0,0,2,5,8,1,0,0,0,3,3,1,0,1,1,1,0,0,1,2,0,7,0,1,3,2,1,0,1,3,0,0,0,0,1,3,0,0,0,0,0,0,1,0,1,1,0,1,0,0,0,0,0,0,0,0,0,0,0,0,0,0,0,0,0,0,0,0,0,0,0,0,0,0,0,0,0,0,0,0,0,0,0,0,0,0,0,0,0,0,0,0,0,0,0,0,0,0,0,0,0,0,0,0,0,0,0,0,0,0,0,0,0,0,0,0,0,0,0,0,0,0,0,0,0,0,0,0,0,0,0,0,0,0,0,0,0,0,0,0,0,0,0,0,0,0,246850,0.0000376004,0.0002693408
minecraft:cracked_deepslate_tiles,0,0,0,0,0,0,0,0,0,0,0,0,0,86951,41387,25441,9904,15705,12537,6565,2891,7500,3475,17,3367,4574,2211,3961,3297,1359,1258,3210,347,358,480,354,397,2770,2296,670,617,1498,1223,0,0,0,0,0,0,0,0,0,0,0,0,0,0,0,0,0,0,0,0,0,0,0,0,0,0,0,0,0,0,0,0,0,0,0,0,0,0,0,0,0,0,0,0,0,0,0,0,0,0,0,0,0,0,0,0,0,0,0,0,0,0,0,0,0,0,0,0,0,0,0,0,0,0,0,0,0,0,0,0,0,0,0,0,0,0,0,0,0,0,0,0,0,0,0,0,0,0,0,0,0,0,0,0,0,0,0,0,0,0,0,0,0,0,0,0,0,0,0,0,0,0,0,0,0,0,0,0,0,0,0,0,0,0,0,0,0,0,0,0,0,0,0,0,0,0,0,0,0,0,0,0,0,0,0,0,0,0,0,0,0,0,0,0,0,0,0,0,0,0,0,0,0,0,0,0,0,0,0,0,0,0,0,0,0,0,0,0,0,0,0,0,0,0,0,0,0,0,0,0,0,0,0,0,0,0,0,0,0,0,0,0,0,0,0,0,0,0,0,0,0,0,0,0,0,0,0,0,0,0,0,0,0,0,0,0,0,0,0,0,0,0,0,0,0,0,0,0,0,0,0,0,0,0,0,0,0,0,0,0,0,0,0,0,0,0,0,0,0,0,0,0,0,0,0,0,0,0,0,0,0,0,0,0,0,0,0,0,0,0,0,0,0,246620,0.0000375654,0.0002690899
minecraft:waxed_oxidized_copper_grate,0,0,0,0,0,0,0,0,0,0,0,0,56,133,192,189,238,320,766,1248,1629,1483,1530,1783,2110,2267,2390,2681,3025,3268,4071,4735,4804,5888,6052,6261,6606,8034,8685,7787,7406,7221,7808,7432,7886,7610,7638,7553,7502,7086,6954,6709,5835,5629,5098,5140,4033,3713,2640,2363,2376,2648,2774,2264,2081,1614,1395,1441,1418,1465,1256,1096,887,748,864,554,537,455,505,609,490,462,273,258,283,234,205,129,129,80,99,34,48,60,42,72,60,30,72,0,0,6,0,0,0,0,0,0,0,0,0,0,0,0,0,0,0,0,0,0,0,0,0,0,0,0,0,0,0,0,0,0,0,0,0,0,0,0,0,0,0,0,0,0,0,0,0,0,0,0,0,0,0,0,0,0,0,0,0,0,0,0,0,0,0,0,0,0,0,0,0,0,0,0,0,0,0,0,0,0,0,0,0,0,0,0,0,0,0,0,0,0,0,0,0,0,0,0,0,0,0,0,0,0,0,0,0,0,0,0,0,0,0,0,0,0,0,0,0,0,0,0,0,0,0,0,0,0,0,0,0,0,0,0,0,0,0,0,0,0,0,0,0,0,0,0,0,0,0,0,0,0,0,0,0,0,0,0,0,0,0,0,0,0,0,0,0,0,0,0,0,0,0,0,0,0,0,0,0,0,0,0,0,0,0,0,0,0,0,0,0,0,0,0,0,0,0,0,0,0,0,0,0,0,0,0,0,0,0,0,0,0,0,0,0,0,0,0,0,0,0,0,0,0,0,0,0,0,0,0,0,0,0,0,0,0,241540,0.0000367916,0.000263547
minecraft:brown_mushroom_block,0,0,0,0,0,0,0,0,0,0,0,0,0,0,0,0,0,0,0,0,0,0,0,0,0,0,0,0,0,0,0,0,0,0,0,0,0,0,0,0,0,0,0,0,0,0,0,0,0,0,0,0,0,0,0,0,0,0,0,0,0,0,0,0,0,0,0,0,0,0,0,0,0,0,0,0,0,0,0,0,0,0,0,0,0,0,0,0,0,0,0,0,0,0,0,0,0,0,0,0,0,0,0,0,0,0,0,0,0,0,0,0,0,0,0,0,0,0,0,0,0,0,45,0,0,90,0,135,135,90,315,5182,13782,17244,15279,12957,12922,15103,15371,16243,16450,13089,9870,6202,5937,4362,4587,4993,4493,2696,2475,2115,1935,1080,2250,1800,1918,1486,1258,1167,1817,1530,1614,1978,1260,1752,942,855,1215,900,312,855,1618,675,990,855,358,360,356,540,360,225,450,269,135,270,180,225,312,270,135,90,135,315,270,90,135,45,0,45,0,86,180,90,0,0,45,45,0,0,90,0,45,0,0,45,0,0,45,0,0,0,0,0,45,0,45,0,45,0,45,0,0,0,0,0,0,45,0,0,0,0,45,0,0,0,0,0,0,0,0,0,0,0,0,0,0,0,0,0,0,0,0,0,0,0,0,0,0,0,0,0,0,0,0,0,0,0,0,0,0,0,0,0,0,0,0,0,0,0,0,0,0,0,0,0,0,0,0,0,0,0,0,0,0,0,0,0,0,0,0,0,0,0,0,0,0,0,0,0,0,0,0,0,0,0,0,0,0,0,0,0,0,0,0,0,240735,0.000036669,0.0002626687
minecraft:deepslate_tile_stairs,0,0,0,0,0,0,0,0,0,0,0,0,0,24782,22315,6772,45751,38343,23566,27162,19769,2329,0,0,10850,3948,14673,0,0,0,0,0,0,0,0,0,0,0,0,0,0,0,0,0,0,0,0,0,0,0,0,0,0,0,0,0,0,0,0,0,0,0,0,0,0,0,0,0,0,0,0,0,0,0,0,0,0,0,0,0,0,0,0,0,0,0,0,0,0,0,0,0,0,0,0,0,0,0,0,0,0,0,0,0,0,0,0,0,0,0,0,0,0,0,0,0,0,0,0,0,0,0,0,0,0,0,0,0,0,0,0,0,0,0,0,0,0,0,0,0,0,0,0,0,0,0,0,0,0,0,0,0,0,0,0,0,0,0,0,0,0,0,0,0,0,0,0,0,0,0,0,0,0,0,0,0,0,0,0,0,0,0,0,0,0,0,0,0,0,0,0,0,0,0,0,0,0,0,0,0,0,0,0,0,0,0,0,0,0,0,0,0,0,0,0,0,0,0,0,0,0,0,0,0,0,0,0,0,0,0,0,0,0,0,0,0,0,0,0,0,0,0,0,0,0,0,0,0,0,0,0,0,0,0,0,0,0,0,0,0,0,0,0,0,0,0,0,0,0,0,0,0,0,0,0,0,0,0,0,0,0,0,0,0,0,0,0,0,0,0,0,0,0,0,0,0,0,0,0,0,0,0,0,0,0,0,0,0,0,0,0,0,0,0,0,0,0,0,0,0,0,0,0,0,0,0,0,0,0,0,0,0,0,0,0,0,240260,0.0000365966,0.0002621504
minecraft:lily_pad,0,0,0,0,0,0,0,0,0,0,0,0,0,0,0,0,0,0,0,0,0,0,0,0,0,0,0,0,0,0,0,0,0,0,0,0,0,0,0,0,0,0,0,0,0,0,0,0,0,0,0,0,0,0,0,0,0,0,0,0,0,0,0,0,0,0,0,0,0,0,0,0,0,0,0,0,0,0,0,0,0,0,0,0,0,0,0,0,0,0,0,0,0,0,0,0,0,0,0,0,0,0,0,0,0,0,0,0,0,0,0,0,0,0,0,0,0,0,0,0,29,0,0,0,0,3,37,236422,9,0,0,0,8,0,0,0,0,0,0,0,0,0,0,0,0,0,0,0,0,0,0,0,0,0,0,0,0,0,0,0,0,0,0,0,0,0,0,0,0,0,0,0,0,0,0,0,0,0,0,0,0,0,0,0,0,0,0,0,0,0,0,8,0,0,0,0,0,0,0,0,0,0,0,0,0,0,0,0,0,0,0,0,0,0,0,0,0,0,0,0,0,0,0,0,0,0,0,0,0,0,0,0,0,0,0,0,0,0,0,0,0,0,0,0,0,0,0,0,0,0,0,0,0,0,0,0,0,0,0,0,0,0,0,0,0,0,0,0,0,0,0,0,0,0,0,0,0,0,0,0,0,0,0,0,0,0,0,0,0,0,0,0,0,0,0,0,0,0,0,0,0,0,0,0,0,0,0,0,0,0,0,0,0,0,0,0,0,0,0,0,0,0,0,0,0,0,0,0,0,0,0,0,0,0,0,0,236516,0.0000360263,0.0002580653
minecraft:waxed_cut_copper_slab,0,0,0,0,0,0,0,0,0,0,0,0,179,389,364,393,483,554,670,687,754,1071,1092,945,1078,1322,1936,2314,2226,2404,2609,3219,3698,4089,4792,4894,4776,5012,5781,6444,6381,6003,5854,6057,6079,6233,6573,6130,5582,6265,6502,6323,5860,5444,5163,4573,4416,4115,4122,3518,2977,3515,3700,3623,3223,3142,2872,2655,2644,2378,2047,1677,1390,1609,1658,1486,1292,1254,1520,1662,1454,1234,744,614,553,499,343,274,170,115,180,53,93,120,113,162,146,105,132,0,0,15,10,0,0,0,0,0,0,0,0,0,0,0,0,0,0,0,0,0,0,0,0,0,0,0,0,0,0,0,0,0,0,0,0,0,0,0,0,0,0,0,0,0,0,0,0,0,0,0,0,0,0,0,0,0,0,0,0,0,0,0,0,0,0,0,0,0,0,0,0,0,0,0,0,0,0,0,0,0,0,0,0,0,0,0,0,0,0,0,0,0,0,0,0,0,0,0,0,0,0,0,0,0,0,0,0,0,0,0,0,0,0,0,0,0,0,0,0,0,0,0,0,0,0,0,0,0,0,0,0,0,0,0,0,0,0,0,0,0,0,0,0,0,0,0,0,0,0,0,0,0,0,0,0,0,0,0,0,0,0,0,0,0,0,0,0,0,0,0,0,0,0,0,0,0,0,0,0,0,0,0,0,0,0,0,0,0,0,0,0,0,0,0,0,0,0,0,0,0,0,0,0,0,0,0,0,0,0,0,0,0,0,0,0,0,0,0,0,0,0,0,0,0,0,0,0,0,0,0,0,0,0,0,0,0,228821,0.0000348542,0.0002496692
minecraft:bone_block,0,0,0,0,0,0,0,0,0,0,11405,9910,10243,14034,9923,1288,1794,1599,1477,1711,1718,1516,1346,1647,1306,1253,1673,1580,1642,1936,2062,2016,2086,2476,1991,2368,2164,1984,1852,1707,1548,1292,1254,1291,1030,1343,1181,1167,1335,1214,1434,1224,1108,992,955,1015,914,860,743,787,950,900,765,901,872,964,806,922,835,815,522,643,782,663,675,556,619,632,531,482,335,411,437,527,548,831,609,621,577,637,506,772,859,849,748,931,909,1120,1096,1038,1228,1743,2010,2585,3290,4105,4811,4807,5236,5756,4958,5092,4332,4759,4171,3267,2373,2147,1552,1109,1054,687,586,547,451,401,266,198,140,170,161,67,119,46,99,22,22,72,31,26,21,45,13,33,21,22,40,0,0,0,0,0,0,0,0,0,0,0,0,0,0,0,0,4,7,7,6,0,0,0,0,0,0,0,0,0,0,0,0,0,0,0,0,0,0,0,0,0,0,0,0,0,0,0,0,0,0,0,0,0,0,0,0,0,0,0,0,0,0,0,0,0,0,0,0,0,0,0,0,0,0,0,0,0,0,0,0,0,0,0,0,0,0,0,0,0,0,0,0,0,0,0,0,0,0,0,0,0,0,0,0,0,0,0,0,0,0,0,0,0,0,0,0,0,0,0,0,0,0,0,0,0,0,0,0,0,0,0,0,0,0,0,0,0,0,0,0,0,0,0,0,0,0,0,0,0,0,0,0,0,0,0,0,0,0,0,0,0,0,0,0,0,0,0,0,0,0,0,0,0,0,0,0,0,0,0,0,0,0,0,0,0,0,0,0,0,226305,0.000034471,0.000246924
minecraft:sunflower,0,0,0,0,0,0,0,0,0,0,0,0,0,0,0,0,0,0,0,0,0,0,0,0,0,0,0,0,0,0,0,0,0,0,0,0,0,0,0,0,0,0,0,0,0,0,0,0,0,0,0,0,0,0,0,0,0,0,0,0,0,0,0,0,0,0,0,0,0,0,0,0,0,0,0,0,0,0,0,0,0,0,0,0,0,0,0,0,0,0,0,0,0,1,1,0,0,0,0,0,0,0,0,0,0,0,0,0,0,0,0,0,0,0,8,8,8,17,15,19,29,84,117,124,163,259,602,8367,20701,18271,11190,11661,12322,12561,12850,13878,13617,9227,5165,4330,3889,3818,4032,4130,4199,3131,1745,1539,1479,1508,1542,1562,1802,1523,1195,1485,1770,1913,1984,2182,2128,1429,864,841,928,1095,1359,1532,1433,932,574,582,640,719,779,883,805,464,233,173,195,216,240,257,209,173,151,134,125,122,86,41,30,29,34,34,47,36,8,7,4,4,9,11,11,9,8,6,3,2,1,0,0,0,0,0,0,0,0,0,0,0,0,0,0,0,0,0,0,0,0,0,0,0,0,0,0,0,0,0,0,0,0,0,0,0,0,0,0,0,0,0,0,0,0,0,0,0,0,0,0,0,0,0,0,0,0,0,0,0,0,0,0,0,0,0,0,0,0,0,0,0,0,0,0,0,0,0,0,0,0,0,0,0,0,0,0,0,0,0,0,0,0,0,0,0,0,0,0,0,0,0,0,0,0,0,0,0,0,0,0,0,0,0,0,0,0,0,0,0,0,0,0,0,0,0,222658,0.0000339155,0.0002429447
minecraft:spruce_planks,0,0,0,0,0,0,0,0,0,0,0,0,0,0,0,0,0,0,0,0,0,0,0,0,0,0,0,0,0,0,0,0,0,0,0,0,0,0,0,0,0,0,0,0,0,0,0,0,0,0,0,0,0,0,0,0,0,1,0,0,0,0,7,0,0,0,0,8,44,24,36,10,7,3,0,0,0,0,18,8,1,3,9,6,11,14,12,44,60,33,59,35,99,159,167,263,277,397,553,887,1363,1967,2687,3365,3893,4358,4283,3764,3590,3048,3514,4805,6838,7650,8609,10073,10566,9844,9020,7848,6549,5563,4870,4338,4111,3395,9091,4138,4215,4141,3776,4135,3813,3593,2690,2526,2497,1946,1686,1609,1273,863,838,742,672,568,543,451,351,313,266,324,297,247,266,282,322,292,256,247,174,157,186,180,170,163,116,151,122,141,115,94,87,57,38,60,100,105,109,106,92,106,114,84,140,182,197,173,139,107,82,42,41,28,16,15,21,33,54,29,38,46,27,36,32,18,26,14,0,0,0,0,0,0,0,0,0,0,0,0,0,0,0,0,0,0,0,0,0,0,0,0,0,0,0,0,0,0,0,0,0,0,0,0,0,0,0,0,0,0,0,0,0,0,0,0,0,0,0,0,0,0,0,0,0,0,0,0,0,0,0,0,0,0,0,0,0,0,0,0,0,0,0,0,0,0,0,0,0,0,0,0,0,0,0,0,0,0,0,0,0,0,0,0,0,0,0,0,0,0,0,0,0,0,0,0,0,0,0,0,0,0,0,0,0,0,0,0,0,0,0,0,0,0,0,0,206798,0.0000314997,0.0002256397
minecraft:oak_stairs,0,0,0,0,0,0,0,0,0,0,0,0,0,0,0,0,0,0,0,0,0,0,0,0,0,0,0,0,0,0,0,0,0,0,0,0,0,0,0,0,0,0,0,0,0,0,0,0,0,0,0,0,0,0,0,0,0,0,0,0,0,0,0,0,0,0,0,0,0,0,0,0,0,0,0,0,0,0,0,0,0,0,0,0,0,0,0,2,4,4,4,8,3,83,99,104,144,108,196,330,524,821,885,1190,1372,1422,1364,1275,1124,961,1053,1533,2157,2880,3044,3090,3350,3486,3283,2727,2147,1773,1631,1590,1557,1020,1111,1239,1248,1039,4884,12709,15170,12769,8197,7642,7432,7035,6889,6724,6119,4573,3482,2599,2492,2015,2295,2287,2339,2019,1686,1189,807,893,1014,1366,1146,922,593,465,737,880,943,1037,892,800,651,573,636,748,767,902,966,878,629,454,518,516,543,580,733,771,702,580,526,567,531,425,355,244,191,134,116,121,153,166,157,197,322,184,111,87,104,92,60,67,35,24,1,71,47,34,24,16,17,35,76,76,42,26,18,14,0,0,0,0,0,16,16,12,0,0,0,0,0,0,0,0,0,0,0,0,0,0,0,0,0,0,0,0,0,0,0,0,0,0,0,0,0,0,0,0,0,0,0,0,0,0,0,0,0,0,0,0,0,0,0,0,0,0,0,0,0,0,0,0,0,0,0,0,0,0,0,0,0,0,0,0,0,0,0,0,0,0,0,0,0,0,0,0,0,0,0,0,0,0,0,0,0,0,0,0,0,0,0,0,0,0,0,0,0,0,0,0,0,0,205683,0.0000313298,0.0002244231
minecraft:azure_bluet,0,0,0,0,0,0,0,0,0,0,0,0,0,0,0,0,0,0,0,0,0,0,0,0,0,0,0,0,0,0,0,0,0,0,0,0,0,0,0,0,0,0,0,0,0,0,0,0,0,0,0,0,0,0,0,0,0,0,0,0,0,0,0,0,0,0,0,0,0,0,0,0,0,0,0,0,0,0,0,0,0,0,0,0,0,1,0,0,0,0,0,0,0,1,0,0,0,0,0,1,0,1,0,0,0,0,0,0,0,0,0,0,0,1,0,12,20,15,23,10,10,38,40,35,68,92,250,6134,9667,4624,4961,5546,5681,6166,5918,5574,4732,2029,1587,1454,1283,1217,1478,1798,1634,745,678,665,777,1036,1455,1886,2026,977,1046,1103,1363,1764,2154,2932,2855,1215,1261,1399,1673,1914,3011,3729,3458,1614,1759,1858,2238,3283,5227,6411,6270,2431,2423,2539,2933,3682,5049,6141,5805,2342,2424,2407,2127,2249,2431,2178,1895,995,1062,1004,723,769,783,852,809,413,404,335,492,313,447,606,388,140,149,89,34,12,5,7,6,6,2,4,5,4,0,0,0,0,0,0,0,0,0,0,0,0,0,0,0,0,0,0,0,0,0,0,0,0,0,0,0,0,0,0,0,0,0,0,0,0,0,0,0,0,0,0,0,0,0,0,0,0,0,0,0,0,0,0,0,0,0,0,0,0,0,0,0,0,0,0,0,0,0,0,0,0,0,0,0,0,0,0,0,0,0,0,0,0,0,0,0,0,0,0,0,0,0,0,0,0,0,0,0,0,0,0,0,0,0,0,0,0,0,0,0,0,0,0,201797,0.0000307379,0.000220183
minecraft:obsidian,0,0,0,0,0,0,1,12,1183,147802,3,0,0,0,0,0,22,20,44,49,93,55,49,61,53,52,40,59,53,51,57,74,92,100,479,69,85,2530,67,102,6423,94,99,6142,67,69,2675,68,88,388,65,65,88,47,99,70,47,64,27,40,59,60,117,116,86,230,151,130,266,202,170,126,235,237,261,246,100,218,281,179,152,204,80,196,146,290,131,222,125,160,182,253,205,190,287,360,431,292,234,227,370,494,405,387,435,605,896,379,613,388,674,924,951,1100,1171,822,644,567,667,522,692,511,253,193,247,130,189,559,478,686,477,503,400,367,492,274,285,227,266,168,200,153,190,123,113,93,88,68,53,45,46,42,52,64,118,100,47,75,39,37,50,99,58,37,45,30,65,34,34,30,30,39,38,19,29,43,35,39,38,23,20,29,21,25,13,16,8,9,8,16,9,8,3,1,12,7,2,2,2,7,4,5,3,3,3,2,5,0,0,0,0,3,0,5,7,8,4,3,3,2,9,0,1,1,1,5,7,2,1,1,1,1,1,2,2,3,0,0,0,0,0,0,0,0,0,0,0,0,0,0,0,0,0,0,0,0,0,0,0,0,0,0,0,0,0,0,0,0,0,0,0,0,0,0,0,0,0,0,0,0,0,0,0,0,0,0,0,0,0,0,0,0,0,0,0,0,0,0,0,0,0,0,0,0,0,0,0,0,0,0,0,0,0,0,0,0,0,0,0,0,0,0,0,0,0,0,0,0,0,0,0,0,0,0,0,0,201207,0.000030648,0.0002195393
minecraft:sea_pickle,0,0,0,0,0,0,0,0,0,0,0,0,0,0,0,0,0,0,0,0,0,0,0,0,0,0,0,0,0,0,0,0,0,0,0,0,0,0,0,0,0,0,0,0,0,0,0,0,1,0,0,1,2,1,7,2,5,2,6,2,9,8,7,8,13,15,7,14,13,20,6,14,8,10,11,10,20,19,13,18,27,63,65,67,74,65,95,100,115,146,168,221,225,210,236,281,384,821,1375,2357,4025,5463,6886,7942,8552,7097,6175,5162,4415,4035,5583,8912,14176,13172,13410,12935,11297,9782,8451,7375,6033,5082,4161,3389,2514,1767,1307,0,13,5,2,0,3,2,0,3,2,3,0,0,0,1,0,0,1,1,0,0,1,0,0,0,1,0,0,0,0,0,0,0,0,0,0,0,0,0,0,0,0,0,0,0,0,0,0,0,0,0,0,0,0,0,0,0,0,0,0,0,0,0,0,0,0,0,0,0,0,0,0,0,0,0,0,0,0,0,0,0,0,0,0,0,0,0,0,0,0,0,0,0,0,0,0,0,0,0,0,0,0,0,0,0,0,0,0,0,0,0,0,0,0,0,0,0,0,0,0,0,0,0,0,0,0,0,0,0,0,0,0,0,0,0,0,0,0,0,0,0,0,0,0,0,0,0,0,0,0,0,0,0,0,0,0,0,0,0,0,0,0,0,0,0,0,0,0,0,0,0,0,0,0,0,0,0,0,0,0,0,0,0,0,0,0,0,0,0,0,0,0,0,0,0,0,0,0,0,0,0,0,0,0,0,0,0,0,0,196503,0.0000299315,0.0002144067
minecraft:waxed_weathered_copper_bulb,0,0,0,0,0,0,0,0,0,0,0,0,0,132,184,186,153,261,273,553,531,431,756,787,900,1002,970,2068,2301,2810,3068,3090,3477,3477,4623,5077,4653,5324,5233,6501,6600,6147,6380,6470,6301,6416,6470,6897,5607,5743,5210,5102,5713,4908,4933,3724,3698,3983,3518,3581,2335,2281,2243,2234,2407,1854,1888,1473,1555,1624,1295,1211,724,750,874,682,642,287,318,355,320,351,206,258,164,138,161,65,63,33,26,23,18,22,6,10,10,9,11,0,0,0,1,0,0,0,0,0,0,0,0,0,0,0,0,0,0,0,0,0,0,0,0,0,0,0,0,0,0,0,0,0,0,0,0,0,0,0,0,0,0,0,0,0,0,0,0,0,0,0,0,0,0,0,0,0,0,0,0,0,0,0,0,0,0,0,0,0,0,0,0,0,0,0,0,0,0,0,0,0,0,0,0,0,0,0,0,0,0,0,0,0,0,0,0,0,0,0,0,0,0,0,0,0,0,0,0,0,0,0,0,0,0,0,0,0,0,0,0,0,0,0,0,0,0,0,0,0,0,0,0,0,0,0,0,0,0,0,0,0,0,0,0,0,0,0,0,0,0,0,0,0,0,0,0,0,0,0,0,0,0,0,0,0,0,0,0,0,0,0,0,0,0,0,0,0,0,0,0,0,0,0,0,0,0,0,0,0,0,0,0,0,0,0,0,0,0,0,0,0,0,0,0,0,0,0,0,0,0,0,0,0,0,0,0,0,0,0,0,0,0,0,0,0,0,0,0,0,0,0,0,0,0,0,0,0,195149,0.0000297253,0.0002129293
minecraft:waxed_exposed_copper_bulb,0,0,0,0,0,0,0,0,0,0,0,0,0,139,199,204,166,265,296,555,495,446,758,874,834,1027,947,1985,2261,2681,2973,3057,3562,3489,4573,5151,4798,5262,5265,6413,6429,6078,6477,6427,6506,6249,6306,7010,5606,5716,5211,5115,5715,4809,4986,3805,3569,4015,3322,3496,2303,2244,2187,2252,2469,1784,1919,1523,1602,1695,1235,1190,662,756,849,734,601,267,360,383,303,364,210,246,188,129,164,71,56,42,37,22,19,33,8,11,11,6,11,0,0,0,5,0,0,0,0,0,0,0,0,0,0,0,0,0,0,0,0,0,0,0,0,0,0,0,0,0,0,0,0,0,0,0,0,0,0,0,0,0,0,0,0,0,0,0,0,0,0,0,0,0,0,0,0,0,0,0,0,0,0,0,0,0,0,0,0,0,0,0,0,0,0,0,0,0,0,0,0,0,0,0,0,0,0,0,0,0,0,0,0,0,0,0,0,0,0,0,0,0,0,0,0,0,0,0,0,0,0,0,0,0,0,0,0,0,0,0,0,0,0,0,0,0,0,0,0,0,0,0,0,0,0,0,0,0,0,0,0,0,0,0,0,0,0,0,0,0,0,0,0,0,0,0,0,0,0,0,0,0,0,0,0,0,0,0,0,0,0,0,0,0,0,0,0,0,0,0,0,0,0,0,0,0,0,0,0,0,0,0,0,0,0,0,0,0,0,0,0,0,0,0,0,0,0,0,0,0,0,0,0,0,0,0,0,0,0,0,0,0,0,0,0,0,0,0,0,0,0,0,0,0,0,0,0,0,194473,0.0000296223,0.0002121917
minecraft:pale_hanging_moss,0,0,0,0,0,0,0,0,0,0,0,0,0,0,0,0,0,0,0,0,0,0,0,0,0,0,0,0,0,0,0,0,0,0,0,0,0,0,0,0,0,0,0,0,0,0,0,0,0,0,0,0,0,0,0,0,0,0,0,0,0,0,0,0,0,0,0,0,0,0,0,0,0,0,0,0,0,0,0,0,0,0,0,0,0,0,0,0,0,0,0,0,0,0,0,0,0,0,0,0,0,0,0,0,0,0,0,0,0,0,0,0,0,0,0,0,0,0,0,0,0,0,2,0,0,1,2,4,4,8,1,0,1,4,5,12,8,10,16,15,13,38,49,60,114,142,185,277,316,455,593,827,1204,1551,1956,2136,2180,2020,1964,2300,2797,3127,3372,3159,2855,2505,2429,2550,3290,4023,4679,4950,4624,4363,3650,3759,4841,5852,6953,7292,6772,5504,4942,5373,6269,6591,6584,6050,5273,4391,3979,3653,3539,3296,2983,2834,2371,1704,1178,1097,1221,1283,1260,1270,1176,845,590,532,459,414,323,208,138,99,89,82,87,78,89,36,29,9,5,6,11,1,0,0,0,0,0,0,0,0,0,0,0,0,0,0,0,0,0,0,0,0,0,0,0,0,0,0,0,0,0,0,0,0,0,0,0,0,0,0,0,0,0,0,0,0,0,0,0,0,0,0,0,0,0,0,0,0,0,0,0,0,0,0,0,0,0,0,0,0,0,0,0,0,0,0,0,0,0,0,0,0,0,0,0,0,0,0,0,0,0,0,0,0,0,0,0,0,0,0,0,0,0,0,0,0,0,0,0,0,0,0,194266,0.0000295908,0.0002119658
minecraft:polished_deepslate,0,0,0,0,0,0,0,0,0,0,0,0,0,8193,10818,28779,35975,28003,11171,21233,4047,14414,3959,12640,3604,1201,0,0,0,0,0,0,0,0,0,0,0,0,0,0,0,0,0,0,0,0,0,0,0,0,0,0,0,0,0,0,0,0,0,0,0,0,0,0,0,0,0,0,0,0,0,0,0,0,0,0,0,0,0,0,0,0,0,0,0,0,0,0,0,0,0,0,0,0,0,0,0,0,0,0,0,0,0,0,0,0,0,0,0,0,0,0,0,0,0,0,0,0,0,0,0,0,0,0,0,0,0,0,0,0,0,0,0,0,0,0,0,0,0,0,0,0,0,0,0,0,0,0,0,0,0,0,0,0,0,0,0,0,0,0,0,0,0,0,0,0,0,0,0,0,0,0,0,0,0,0,0,0,0,0,0,0,0,0,0,0,0,0,0,0,0,0,0,0,0,0,0,0,0,0,0,0,0,0,0,0,0,0,0,0,0,0,0,0,0,0,0,0,0,0,0,0,0,0,0,0,0,0,0,0,0,0,0,0,0,0,0,0,0,0,0,0,0,0,0,0,0,0,0,0,0,0,0,0,0,0,0,0,0,0,0,0,0,0,0,0,0,0,0,0,0,0,0,0,0,0,0,0,0,0,0,0,0,0,0,0,0,0,0,0,0,0,0,0,0,0,0,0,0,0,0,0,0,0,0,0,0,0,0,0,0,0,0,0,0,0,0,0,0,0,0,0,0,0,0,0,0,0,0,0,0,0,0,0,0,0,184037,0.0000280327,0.0002008049
minecraft:ladder,0,0,0,0,0,0,0,0,0,0,2,3,108,531,1431,2656,2462,2470,2562,2646,1803,1982,1211,1237,1238,1223,1269,1417,1566,1973,2314,2772,3257,3703,4078,4421,4881,5331,5693,5657,5619,5716,5708,5604,5618,5821,5963,5895,5837,5419,5138,4761,4340,3941,3650,3274,2811,2210,1730,1368,1367,1393,1412,1392,1367,1296,1175,1064,936,848,768,655,508,351,194,75,15,18,22,23,21,13,12,11,13,10,10,10,9,9,9,11,13,13,15,18,16,16,15,18,21,21,25,27,26,27,26,31,30,28,29,22,21,38,49,47,47,47,44,43,46,44,43,43,42,40,32,39,142,136,124,114,121,110,115,136,123,140,84,71,57,45,48,50,44,42,41,35,28,36,30,31,27,22,25,22,18,17,17,17,15,16,14,12,12,16,17,18,18,20,20,15,13,16,15,14,15,13,12,8,7,9,9,9,7,7,5,6,6,6,7,8,8,8,7,5,6,5,5,4,3,2,2,2,1,1,0,0,0,0,0,1,1,1,1,1,1,1,1,1,1,1,1,1,1,1,1,1,1,1,1,1,1,1,1,1,1,1,1,1,1,1,1,1,1,0,0,0,0,0,0,0,0,0,0,0,0,0,0,0,0,0,0,0,0,0,0,0,0,0,0,0,0,0,0,0,0,0,0,0,0,0,0,0,0,0,0,0,0,0,0,0,0,0,0,0,0,0,0,0,0,0,0,0,0,0,0,0,0,0,0,0,0,0,0,0,0,0,0,0,0,0,0,0,0,0,0,0,0,0,0,0,0,0,0,0,180985,0.0000275678,0.0001974748
minecraft:sculk_sensor,0,0,0,0,0,3,9,6,12,20,4372,4536,4647,16746,8991,8046,6788,6442,4991,8063,6845,5307,5235,4645,5061,2726,3091,2790,3072,2733,2771,2727,3223,1762,1970,1878,1731,1723,1967,1873,2138,1270,1294,1328,1159,1129,1139,1201,1282,769,761,772,754,668,777,778,912,506,552,616,575,546,599,609,720,392,381,411,395,401,393,414,436,283,286,298,272,288,270,233,304,183,179,171,183,176,163,180,164,104,135,131,99,128,100,86,90,58,56,54,58,57,62,44,52,22,37,22,22,21,16,15,20,16,25,18,16,16,24,16,16,15,14,19,11,6,10,9,15,11,6,13,8,13,8,16,7,6,4,4,4,11,12,9,3,2,2,3,1,5,2,0,4,1,0,0,3,1,7,10,1,0,1,1,0,0,0,0,0,0,0,0,0,0,0,0,0,0,0,0,0,0,0,0,0,0,0,0,0,0,0,0,0,0,0,0,0,0,0,0,0,0,0,0,0,0,0,0,0,0,0,0,0,0,0,0,0,0,0,0,0,0,0,0,0,0,0,0,0,0,0,0,0,0,0,0,0,0,0,0,0,0,0,0,0,0,0,0,0,0,0,0,0,0,0,0,0,0,0,0,0,0,0,0,0,0,0,0,0,0,0,0,0,0,0,0,0,0,0,0,0,0,0,0,0,0,0,0,0,0,0,0,0,0,0,0,0,0,0,0,0,0,0,0,0,0,0,0,0,0,0,0,0,0,0,0,0,0,0,0,0,0,0,0,0,0,0,0,0,0,0,0,0,0,0,0,168426,0.0000256548,0.0001837715
minecraft:small_amethyst_bud,0,0,0,0,0,4,58,190,373,578,850,1077,1303,1499,1771,1787,1810,1880,1859,1726,1859,1811,1798,1716,1748,1775,1803,1836,1770,1816,1783,1784,1708,1738,1783,1708,1773,1778,1750,1727,1792,1841,1794,1799,1734,1723,1754,1787,1790,1755,1770,1767,1781,1743,1799,1747,1719,1709,1794,1787,1790,1828,1740,1822,1745,1744,1831,1724,1877,1770,1735,1707,1754,1782,1770,1782,1745,1764,1713,1798,1650,1682,1819,1750,1852,1803,1804,1771,1784,1782,1741,1741,1859,1860,1746,1704,1548,1472,1241,976,780,554,330,152,43,2,0,0,0,0,0,0,0,0,0,0,0,0,0,0,0,0,0,0,0,0,0,0,0,0,0,0,0,0,0,0,0,0,0,0,0,0,0,0,0,0,0,0,0,0,0,0,0,0,0,0,0,0,0,0,0,0,0,0,0,0,0,0,0,0,0,0,0,0,0,0,0,0,0,0,0,0,0,0,0,0,0,0,0,0,0,0,0,0,0,0,0,0,0,0,0,0,0,0,0,0,0,0,0,0,0,0,0,0,0,0,0,0,0,0,0,0,0,0,0,0,0,0,0,0,0,0,0,0,0,0,0,0,0,0,0,0,0,0,0,0,0,0,0,0,0,0,0,0,0,0,0,0,0,0,0,0,0,0,0,0,0,0,0,0,0,0,0,0,0,0,0,0,0,0,0,0,0,0,0,0,0,0,0,0,0,0,0,0,0,0,0,0,0,0,0,0,0,0,0,0,0,0,0,0,0,0,0,0,0,0,0,0,0,0,0,0,0,0,0,0,0,0,0,0,0,0,0,0,0,0,158481,0.00002414,0.0001729204
minecraft:large_amethyst_bud,0,0,0,0,0,0,49,175,371,612,831,1026,1286,1524,1660,1772,1822,1860,1777,1782,1763,1924,1781,1779,1768,1793,1850,1775,1784,1770,1825,1747,1775,1752,1734,1690,1687,1715,1830,1731,1732,1708,1720,1734,1719,1783,1731,1812,1783,1817,1716,1667,1756,1804,1787,1777,1705,1697,1775,1772,1722,1809,1842,1808,1754,1718,1724,1798,1736,1734,1691,1771,1734,1726,1689,1729,1748,1808,1830,1732,1797,1722,1717,1709,1762,1684,1800,1750,1702,1830,1826,1747,1798,1789,1763,1655,1596,1354,1212,977,798,549,333,157,35,0,0,0,0,0,0,0,0,0,0,0,0,0,0,0,0,0,0,0,0,0,0,0,0,0,0,0,0,0,0,0,0,0,0,0,0,0,0,0,0,0,0,0,0,0,0,0,0,0,0,0,0,0,0,0,0,0,0,0,0,0,0,0,0,0,0,0,0,0,0,0,0,0,0,0,0,0,0,0,0,0,0,0,0,0,0,0,0,0,0,0,0,0,0,0,0,0,0,0,0,0,0,0,0,0,0,0,0,0,0,0,0,0,0,0,0,0,0,0,0,0,0,0,0,0,0,0,0,0,0,0,0,0,0,0,0,0,0,0,0,0,0,0,0,0,0,0,0,0,0,0,0,0,0,0,0,0,0,0,0,0,0,0,0,0,0,0,0,0,0,0,0,0,0,0,0,0,0,0,0,0,0,0,0,0,0,0,0,0,0,0,0,0,0,0,0,0,0,0,0,0,0,0,0,0,0,0,0,0,0,0,0,0,0,0,0,0,0,0,0,0,0,0,0,0,0,0,0,0,0,0,157180,0.0000239418,0.0001715009
minecraft:medium_amethyst_bud,0,0,0,0,0,1,49,204,378,621,821,1024,1241,1441,1666,1745,1841,1831,1884,1843,1773,1743,1755,1742,1726,1805,1687,1755,1857,1741,1714,1785,1710,1768,1657,1603,1735,1776,1755,1755,1855,1686,1795,1734,1749,1745,1807,1729,1773,1676,1747,1772,1770,1760,1698,1723,1699,1752,1665,1780,1731,1760,1813,1741,1811,1752,1661,1657,1701,1693,1701,1689,1775,1754,1721,1782,1722,1762,1772,1759,1691,1772,1696,1755,1745,1733,1799,1790,1814,1795,1776,1748,1727,1722,1705,1735,1593,1375,1219,1042,762,541,328,159,39,3,0,0,0,0,0,0,0,0,0,0,0,0,0,0,0,0,0,0,0,0,0,0,0,0,0,0,0,0,0,0,0,0,0,0,0,0,0,0,0,0,0,0,0,0,0,0,0,0,0,0,0,0,0,0,0,0,0,0,0,0,0,0,0,0,0,0,0,0,0,0,0,0,0,0,0,0,0,0,0,0,0,0,0,0,0,0,0,0,0,0,0,0,0,0,0,0,0,0,0,0,0,0,0,0,0,0,0,0,0,0,0,0,0,0,0,0,0,0,0,0,0,0,0,0,0,0,0,0,0,0,0,0,0,0,0,0,0,0,0,0,0,0,0,0,0,0,0,0,0,0,0,0,0,0,0,0,0,0,0,0,0,0,0,0,0,0,0,0,0,0,0,0,0,0,0,0,0,0,0,0,0,0,0,0,0,0,0,0,0,0,0,0,0,0,0,0,0,0,0,0,0,0,0,0,0,0,0,0,0,0,0,0,0,0,0,0,0,0,0,0,0,0,0,0,0,0,0,0,0,0,156168,0.0000237877,0.0001703967
minecraft:amethyst_cluster,0,0,0,0,0,1,43,165,377,590,808,1111,1314,1455,1692,1801,1876,1817,1775,1771,1775,1754,1713,1761,1749,1810,1779,1853,1797,1717,1725,1797,1789,1774,1670,1758,1786,1724,1742,1717,1748,1712,1733,1802,1741,1787,1742,1746,1735,1697,1762,1715,1734,1723,1710,1753,1724,1734,1799,1776,1820,1648,1751,1669,1729,1793,1724,1703,1726,1697,1765,1674,1673,1704,1700,1794,1741,1665,1763,1689,1675,1703,1724,1688,1814,1747,1818,1735,1779,1755,1846,1770,1752,1755,1761,1690,1620,1383,1189,958,747,554,329,154,41,2,0,0,0,0,0,0,0,0,0,0,0,0,0,0,0,0,0,0,0,0,0,0,0,0,0,0,0,0,0,0,0,0,0,0,0,0,0,0,0,0,0,0,0,0,0,0,0,0,0,0,0,0,0,0,0,0,0,0,0,0,0,0,0,0,0,0,0,0,0,0,0,0,0,0,0,0,0,0,0,0,0,0,0,0,0,0,0,0,0,0,0,0,0,0,0,0,0,0,0,0,0,0,0,0,0,0,0,0,0,0,0,0,0,0,0,0,0,0,0,0,0,0,0,0,0,0,0,0,0,0,0,0,0,0,0,0,0,0,0,0,0,0,0,0,0,0,0,0,0,0,0,0,0,0,0,0,0,0,0,0,0,0,0,0,0,0,0,0,0,0,0,0,0,0,0,0,0,0,0,0,0,0,0,0,0,0,0,0,0,0,0,0,0,0,0,0,0,0,0,0,0,0,0,0,0,0,0,0,0,0,0,0,0,0,0,0,0,0,0,0,0,0,0,0,0,0,0,0,0,0,156076,0.0000237736,0.0001702963
minecraft:wall_torch,0,0,0,0,17,17,46,49,90,151,193,262,322,502,600,736,773,905,955,1064,1152,1168,1129,1213,1223,1235,1211,1261,1237,1330,1288,1313,1309,1506,1336,1315,1241,1320,1280,1275,1288,1333,1409,1380,1398,1381,1436,1484,1453,1397,1514,1545,1501,1394,1390,1336,1433,1519,1500,1476,1464,1424,1365,1383,1270,1468,1377,1329,1446,1345,1304,1335,1331,1197,1285,1265,1341,1204,1131,1187,1213,1170,1221,1212,1250,1234,1209,1148,1318,1302,1362,1262,1322,1390,1385,1296,1427,1305,1304,1237,1218,1107,1063,1005,957,891,768,710,604,493,435,259,187,94,81,58,20,10,5,7,10,4,14,22,32,38,33,47,432,1914,3258,1619,1042,1102,1094,1255,1167,1046,1007,855,505,477,376,308,381,395,336,255,195,163,154,90,186,189,168,168,80,90,87,110,105,128,173,121,76,84,70,93,103,120,140,126,86,93,71,56,85,86,98,91,67,57,51,55,64,47,66,27,23,21,26,16,18,21,26,13,13,26,9,21,20,6,10,5,3,2,0,1,5,3,2,6,3,9,7,3,1,0,2,1,0,0,0,0,0,0,5,4,0,0,4,0,0,0,0,0,0,0,0,0,0,0,0,0,0,0,0,0,0,0,0,0,0,0,0,0,0,0,0,0,0,0,0,0,0,0,0,0,0,0,0,0,0,0,0,0,0,0,0,0,0,0,0,0,0,0,0,0,0,0,0,0,0,0,0,0,0,0,0,0,0,0,0,0,0,0,0,0,0,0,0,0,0,0,0,0,0,0,0,0,0,0,0,0,0,0,0,0,0,0,0,0,0,0,0,0,146059,0.0000222478,0.0001593666
minecraft:poppy,0,0,0,0,0,0,0,0,0,0,0,0,0,0,0,0,0,0,0,0,0,0,0,0,0,0,0,0,0,0,0,0,0,0,0,0,0,0,0,0,0,0,0,0,0,0,0,0,0,0,0,0,0,0,0,0,0,0,0,0,0,0,0,0,0,0,0,0,0,0,0,0,0,0,0,0,0,0,0,0,0,0,0,0,0,0,0,0,0,0,0,0,0,0,0,0,0,0,0,0,0,0,0,0,0,1,0,0,1,0,0,0,1,0,1,5,6,7,13,15,11,34,34,37,48,72,224,4576,6930,3219,3526,3711,3734,3902,3893,3681,3427,1441,1121,1064,1058,1055,1185,1303,1265,683,673,629,708,901,1207,1618,1684,831,859,843,995,1294,1674,2025,2104,999,994,950,1259,1616,2086,2200,2493,1248,1316,1457,1906,2771,3839,4755,4618,1875,1737,1766,2088,2587,3118,2894,2928,1317,1108,1021,917,1162,1209,1224,1239,571,576,603,647,632,611,751,566,364,354,320,283,384,467,381,318,99,103,155,134,80,77,49,42,22,9,9,3,4,4,17,14,8,8,4,6,6,1,2,3,6,4,5,1,1,0,2,0,0,1,0,0,1,0,0,0,0,0,0,0,0,0,0,0,0,0,0,0,0,0,0,0,0,0,0,0,0,0,0,0,0,0,0,0,0,0,0,0,0,0,0,0,0,0,0,0,0,0,0,0,0,0,0,0,0,0,0,0,0,0,0,0,0,0,0,0,0,0,0,0,0,0,0,0,0,0,0,0,0,0,0,0,0,0,0,0,0,0,0,0,0,0,0,140734,0.0000214367,0.0001535565
minecraft:cherry_log,0,0,0,0,0,0,0,0,0,0,0,0,0,0,0,0,0,0,0,0,0,0,0,0,0,0,0,0,0,0,0,0,0,0,0,0,0,0,0,0,0,0,0,0,0,0,0,0,0,0,0,0,0,0,0,0,0,0,0,0,0,0,0,0,0,0,0,0,0,0,0,0,0,0,0,0,0,0,0,0,0,0,0,0,0,0,0,0,0,0,0,0,0,0,0,0,0,0,0,0,0,0,0,0,0,0,0,0,0,0,0,0,0,0,0,0,0,0,0,0,0,0,0,0,0,0,0,0,0,0,0,0,0,0,0,0,1,2,5,8,14,28,29,47,63,83,111,135,154,182,275,399,576,809,1043,1083,1040,990,951,993,1134,1352,1598,1748,1721,1641,1663,1749,2105,2509,2920,3110,3047,2752,2678,2839,3445,4218,4891,5253,4840,4318,3841,3707,4078,4456,5080,5351,4878,4310,3636,3066,2889,2966,2849,2587,2249,1774,1304,1019,869,876,855,833,695,534,418,294,238,230,254,272,253,239,168,117,90,70,61,52,34,25,9,8,8,7,10,5,7,3,1,0,0,0,0,0,0,0,0,0,0,0,0,0,0,0,0,0,0,0,0,0,0,0,0,0,0,0,0,0,0,0,0,0,0,0,0,0,0,0,0,0,0,0,0,0,0,0,0,0,0,0,0,0,0,0,0,0,0,0,0,0,0,0,0,0,0,0,0,0,0,0,0,0,0,0,0,0,0,0,0,0,0,0,0,0,0,0,0,0,0,0,0,0,0,0,0,0,0,0,0,0,0,0,0,0,138127,0.0000210396,0.0001507119
minecraft:chiseled_deepslate,0,0,0,0,0,0,0,0,0,0,0,0,0,6367,2466,30870,10000,17961,39673,12547,6484,338,4583,0,2042,1330,0,0,93,0,0,0,0,0,0,0,0,0,0,0,0,0,0,0,0,0,0,0,0,0,0,0,0,0,0,0,0,0,0,0,0,0,0,0,0,0,0,0,0,0,0,0,0,0,0,0,0,0,0,0,0,0,0,0,0,0,0,0,0,0,0,0,0,0,0,0,0,0,0,0,0,0,0,0,0,0,0,0,0,0,0,0,0,0,0,0,0,0,0,0,0,0,0,0,0,0,0,0,0,0,0,0,0,0,0,0,0,0,0,0,0,0,0,0,0,0,0,0,0,0,0,0,0,0,0,0,0,0,0,0,0,0,0,0,0,0,0,0,0,0,0,0,0,0,0,0,0,0,0,0,0,0,0,0,0,0,0,0,0,0,0,0,0,0,0,0,0,0,0,0,0,0,0,0,0,0,0,0,0,0,0,0,0,0,0,0,0,0,0,0,0,0,0,0,0,0,0,0,0,0,0,0,0,0,0,0,0,0,0,0,0,0,0,0,0,0,0,0,0,0,0,0,0,0,0,0,0,0,0,0,0,0,0,0,0,0,0,0,0,0,0,0,0,0,0,0,0,0,0,0,0,0,0,0,0,0,0,0,0,0,0,0,0,0,0,0,0,0,0,0,0,0,0,0,0,0,0,0,0,0,0,0,0,0,0,0,0,0,0,0,0,0,0,0,0,0,0,0,0,0,0,0,0,0,0,0,134754,0.0000205259,0.0001470316
minecraft:azalea_leaves,0,0,0,0,0,0,0,0,0,0,0,0,0,0,0,0,0,0,0,0,0,0,0,0,0,0,0,0,0,0,0,0,0,0,0,3,15,10,21,18,22,11,22,17,19,31,56,58,53,38,31,20,10,36,68,98,95,111,58,47,63,62,46,29,25,40,42,63,62,42,27,29,38,49,27,37,32,49,48,52,43,19,27,34,42,35,44,69,97,114,113,59,43,36,31,39,44,29,32,22,16,14,14,21,27,34,28,17,12,9,2,0,9,9,14,17,20,21,16,19,26,14,17,9,7,27,56,473,1754,4028,6962,9130,9934,9876,8636,7267,6624,6570,6342,5691,4646,3641,2756,2052,1795,1804,1651,1525,1161,1041,920,838,798,821,994,1073,1114,1119,1050,853,820,854,940,907,869,727,541,495,464,492,640,615,558,477,374,406,378,445,420,349,361,321,292,189,247,269,266,285,222,156,98,90,70,45,36,37,46,31,35,23,22,37,34,15,0,0,6,24,30,50,30,29,28,29,22,25,35,45,44,54,51,33,4,22,30,32,13,13,0,0,0,0,0,0,3,12,9,12,0,0,0,0,0,0,0,0,0,0,0,0,0,3,12,15,19,35,38,31,18,15,0,0,0,0,0,0,0,0,0,0,0,0,0,0,0,0,0,0,0,0,0,0,0,0,0,0,0,0,0,0,0,0,0,0,0,0,0,0,0,0,0,0,0,0,0,0,0,0,0,0,0,0,0,0,0,0,0,0,0,0,0,0,0,0,0,0,0,0,0,0,0,0,0,0,0,0,134085,0.000020424,0.0001463017
minecraft:waxed_cut_copper,0,0,0,0,0,0,0,0,0,0,0,0,179,270,184,270,303,352,435,397,493,744,594,548,712,847,1378,1393,1280,1533,1578,2142,2178,2499,3117,2839,2915,3080,3686,3986,3702,3506,3458,3631,3593,3805,4009,3411,3226,3952,3682,3746,3255,3154,2856,2427,2600,2146,2430,1733,1636,2017,1751,1972,1530,1543,1255,1198,1318,960,977,567,688,691,680,557,471,532,722,575,630,348,341,270,240,204,162,85,24,63,12,18,27,21,36,30,36,36,0,0,0,15,0,0,0,0,0,0,0,0,0,0,0,0,0,0,0,0,0,0,0,0,0,0,0,0,0,0,0,0,0,0,0,0,0,0,0,0,0,0,0,0,0,0,0,0,0,0,0,0,0,0,0,0,0,0,0,0,0,0,0,0,0,0,0,0,0,0,0,0,0,0,0,0,0,0,0,0,0,0,0,0,0,0,0,0,0,0,0,0,0,0,0,0,0,0,0,0,0,0,0,0,0,0,0,0,0,0,0,0,0,0,0,0,0,0,0,0,0,0,0,0,0,0,0,0,0,0,0,0,0,0,0,0,0,0,0,0,0,0,0,0,0,0,0,0,0,0,0,0,0,0,0,0,0,0,0,0,0,0,0,0,0,0,0,0,0,0,0,0,0,0,0,0,0,0,0,0,0,0,0,0,0,0,0,0,0,0,0,0,0,0,0,0,0,0,0,0,0,0,0,0,0,0,0,0,0,0,0,0,0,0,0,0,0,0,0,0,0,0,0,0,0,0,0,0,0,0,0,0,0,0,0,0,0,0,128492,0.000019572,0.0001401991
minecraft:chest,0,0,0,0,0,0,12,25,16,35,1185,1083,1222,1236,2126,1953,1863,1790,1400,1479,1653,1549,1822,2200,1721,1405,1408,1649,1410,1553,1638,1835,1739,1594,1505,1549,1647,1569,1876,1944,1820,1556,1629,1555,1639,1767,1867,2186,2159,1697,1637,1702,1666,1719,1704,2052,1771,1469,1486,1436,1297,1381,1478,1535,718,531,541,563,523,491,598,591,539,415,435,368,395,374,409,559,458,425,456,345,453,482,513,605,538,464,458,393,457,427,508,557,453,421,436,389,510,574,617,720,648,566,430,376,381,430,532,825,1008,873,805,683,637,586,511,507,405,346,338,325,312,303,226,550,532,357,375,243,305,193,280,218,230,169,111,112,105,87,107,112,87,70,78,57,69,52,66,59,63,58,46,40,49,39,46,42,42,26,24,31,31,29,41,40,36,23,28,18,18,24,17,30,32,16,16,14,10,11,11,22,13,10,7,10,5,3,3,84,2,33,3,30,3,1,2,6,7,1,1,1,1,1,0,3,2,0,1,1,1,0,4,0,3,0,4,0,2,0,3,0,1,0,0,0,0,0,2,0,0,2,0,0,0,0,0,0,0,0,0,0,2,0,0,0,0,0,0,2,0,0,0,0,0,0,0,0,1,0,0,0,0,0,0,0,0,0,0,0,0,0,0,0,0,0,0,0,0,0,0,0,0,0,0,0,0,0,0,0,0,0,0,0,0,0,0,0,0,0,0,0,0,0,0,0,0,0,0,0,0,0,0,0,0,0,0,0,0,0,0,0,0,0,0,0,0,0,0,0,0,0,0,0,126519,0.0000192715,0.0001380463
minecraft:sugar_cane,0,0,0,0,0,0,0,0,0,0,0,0,0,0,0,0,0,0,0,0,0,0,0,0,0,0,0,0,0,0,0,0,0,0,0,0,0,0,0,0,0,0,0,0,0,0,0,0,0,0,0,0,0,0,0,0,0,0,0,0,0,0,0,0,0,0,0,0,0,0,0,0,0,0,0,0,0,0,0,0,0,0,0,0,0,0,0,0,0,0,0,0,0,0,0,0,0,0,0,0,0,0,0,0,0,0,0,0,0,0,0,0,0,0,0,1,1,0,4,5,58,57,13,5,5,3,8,49344,48901,18732,5298,1,2,2,1,0,0,1,1,1,0,0,0,0,3,3,3,0,0,0,0,0,2,2,2,0,0,0,0,0,0,0,0,0,0,0,0,0,0,0,0,0,0,0,0,0,0,0,0,0,0,0,0,0,0,0,0,0,0,0,0,0,0,0,0,0,0,0,0,0,0,0,0,0,0,0,0,0,0,0,0,0,0,0,0,0,0,0,0,0,0,0,0,0,0,0,0,0,0,0,0,0,0,0,0,0,0,0,0,0,0,0,0,0,0,0,0,0,0,0,0,0,0,0,0,0,0,0,0,0,0,0,0,0,0,0,0,0,0,0,0,0,0,0,0,0,0,0,0,0,0,0,0,0,0,0,0,0,0,0,0,0,0,0,0,0,0,0,0,0,0,0,0,0,0,0,0,0,0,0,0,0,0,0,0,0,0,0,0,0,0,0,0,0,0,0,0,0,0,0,0,0,0,0,0,0,122459,0.0000186531,0.0001336164
minecraft:birch_planks,0,0,0,0,0,0,0,0,0,0,0,0,0,0,0,0,0,0,0,0,0,0,0,0,0,0,0,0,0,0,0,0,0,0,0,0,0,0,0,0,0,0,0,0,0,0,0,0,0,0,0,0,0,0,0,0,0,0,0,0,0,0,0,0,0,0,0,0,0,0,0,0,0,0,0,0,0,0,0,0,0,0,0,0,0,0,0,0,0,0,0,0,0,0,14,22,48,65,71,210,217,188,378,504,441,519,412,574,429,224,280,529,495,773,965,1239,1171,941,980,916,527,640,517,307,395,417,11399,4638,662,369,4012,4424,500,3726,10815,8385,778,652,4037,4801,1241,3894,590,4352,894,5442,1854,985,768,2561,1884,222,1377,230,2519,212,279,161,94,452,144,113,351,157,157,161,2,164,133,3,183,47,337,79,89,166,1,0,276,45,1,0,44,113,0,0,112,0,0,3802,79,1,0,0,0,52,1,3645,2,44,1,2,0,114,1,0,97,25,1415,0,0,52,1,0,0,44,1,0,0,112,0,0,0,0,0,0,0,0,0,0,0,0,0,0,0,0,0,0,0,0,0,0,0,0,0,0,79,1,0,0,0,52,1,0,0,44,1,0,0,112,0,0,0,0,0,0,0,0,0,0,0,0,0,0,0,0,0,0,0,0,0,0,0,0,0,0,0,0,0,0,0,0,0,0,0,0,0,0,0,0,0,0,0,0,0,0,0,0,0,0,0,0,0,0,0,0,0,0,0,0,0,0,0,0,0,0,0,0,0,0,0,0,0,0,0,0,117276,0.0000178636,0.0001279612
minecraft:short_dry_grass,0,0,0,0,0,0,0,0,0,0,0,0,0,0,0,0,0,0,0,0,0,0,0,0,0,0,0,0,0,0,0,0,0,0,0,0,0,0,0,0,0,0,0,0,0,0,0,0,0,0,0,0,0,0,0,0,0,0,0,0,0,0,0,0,0,0,0,0,0,0,0,0,0,0,0,0,0,0,0,0,0,1,0,0,0,0,0,0,0,0,0,0,0,0,0,0,0,0,0,0,0,0,0,0,0,0,0,0,0,1,0,0,0,0,2,0,4,5,7,12,15,47,61,70,83,145,418,9934,14912,6490,6493,6568,6509,6810,6830,6313,5666,2315,1980,1765,1711,1718,1728,1918,1652,704,675,646,581,639,808,996,926,403,449,557,589,756,838,919,873,382,322,358,404,438,539,645,613,315,273,273,329,357,489,567,528,317,263,221,257,341,374,499,475,196,172,135,167,191,200,233,286,129,137,85,97,121,112,104,102,46,42,40,52,52,31,43,80,39,23,34,30,32,27,39,48,24,15,12,27,17,26,17,17,18,11,8,15,18,17,18,20,7,18,14,19,9,0,1,0,0,0,0,0,1,1,7,8,2,4,2,1,1,0,0,0,0,0,1,3,1,0,0,0,0,0,0,0,2,0,0,0,0,0,0,0,0,0,0,0,0,0,0,1,0,0,2,0,0,0,0,0,0,0,0,0,0,0,0,0,0,0,0,0,0,0,0,0,0,0,0,0,0,0,0,0,0,0,0,0,0,0,0,0,0,0,0,0,0,0,0,0,0,0,0,116631,0.0000177653,0.0001272574
minecraft:tall_dry_grass,0,0,0,0,0,0,0,0,0,0,0,0,0,0,0,0,0,0,0,0,0,0,0,0,0,0,0,0,0,0,0,0,0,0,0,0,0,0,0,0,0,0,0,0,0,0,0,0,0,0,0,0,0,0,0,0,0,0,0,0,0,0,0,0,0,0,0,0,0,0,0,0,0,0,0,0,0,0,0,0,0,0,0,0,1,0,0,0,0,0,0,0,0,0,0,0,0,0,0,1,0,0,0,0,0,0,0,0,0,0,0,0,0,1,2,1,13,9,6,10,17,57,50,66,83,135,421,9936,15062,6499,6521,6509,6586,6753,6769,6443,5562,2474,1970,1740,1724,1682,1756,1823,1647,742,638,602,558,648,777,992,928,452,464,555,584,719,882,957,862,388,336,312,379,451,549,667,581,286,247,261,300,353,439,588,552,283,280,200,227,355,393,553,453,187,164,150,183,212,227,243,238,139,122,97,59,99,105,115,90,56,37,55,44,42,31,35,63,26,17,32,21,28,45,43,36,19,13,21,17,21,27,28,19,19,7,12,14,21,20,24,11,15,6,10,12,4,4,2,0,0,0,0,0,2,1,6,12,6,2,1,1,0,0,0,0,0,0,0,0,1,2,1,1,0,0,2,0,0,0,0,0,0,0,0,0,0,0,0,0,0,0,1,0,1,0,0,0,0,0,0,0,0,0,0,0,0,0,0,0,0,0,0,0,0,0,0,0,0,0,0,0,0,0,0,0,0,0,0,0,0,0,0,0,0,0,0,0,0,0,0,0,0,0,0,116549,0.0000177529,0.0001271679
minecraft:mushroom_stem,0,0,0,0,0,0,0,0,0,0,0,0,0,0,0,0,0,0,0,0,0,0,0,0,0,0,0,0,0,0,0,0,0,0,0,0,0,0,0,0,0,0,0,0,0,0,0,0,0,0,0,0,0,0,0,0,0,0,0,0,0,0,0,0,0,0,0,0,0,0,0,0,0,0,0,0,0,0,0,0,0,0,0,0,0,0,0,0,0,0,0,0,0,0,0,0,0,0,0,0,0,0,0,0,0,0,0,0,0,0,0,0,0,0,1,3,6,11,16,20,24,36,39,55,66,86,165,1545,3572,4727,5874,6690,6864,6747,6757,7009,7015,6341,5555,4633,3676,2985,2534,2310,2121,1904,1655,1390,1185,1049,983,959,977,944,894,848,794,798,812,866,870,830,731,631,541,458,420,438,463,445,425,376,317,281,249,236,239,218,207,184,165,151,129,124,125,122,108,101,89,82,84,78,71,59,49,40,33,37,33,29,34,31,28,21,24,20,19,23,24,24,20,21,15,9,15,12,16,16,16,14,10,8,8,8,7,7,7,6,5,4,4,3,4,4,3,3,3,2,2,2,2,2,0,0,0,0,0,0,0,0,0,0,1,1,1,1,0,0,0,1,1,1,1,0,0,0,0,0,0,0,0,0,0,0,0,0,0,0,0,0,0,0,0,0,0,0,0,0,0,0,0,0,0,0,0,0,0,0,0,0,0,0,0,0,0,0,0,0,0,0,0,0,0,0,0,0,0,0,0,0,0,0,0,0,0,0,0,0,0,0,0,0,0,0,0,0,114323,0.0000174138,0.0001247391
minecraft:waxed_oxidized_copper_trapdoor,0,0,0,0,0,0,0,0,0,0,0,0,0,18,18,9,168,362,272,160,305,465,823,839,648,1053,809,1088,1832,1531,1584,1910,1662,2049,1967,2400,2794,3320,2368,2791,2672,2588,2535,2896,2412,2148,2376,2675,2229,1946,2275,2607,2731,2406,2203,2417,2368,2444,2351,1992,2147,2266,2103,2453,2315,1897,1775,1715,1559,1862,1374,1225,796,866,1080,905,813,428,403,371,455,273,389,366,206,350,171,121,231,77,132,110,55,132,0,0,0,0,0,0,0,0,0,0,0,0,0,0,0,0,0,0,0,0,0,0,0,0,0,0,0,0,0,0,0,0,0,0,0,0,0,0,0,0,0,0,0,0,0,0,0,0,0,0,0,0,0,0,0,0,0,0,0,0,0,0,0,0,0,0,0,0,0,0,0,0,0,0,0,0,0,0,0,0,0,0,0,0,0,0,0,0,0,0,0,0,0,0,0,0,0,0,0,0,0,0,0,0,0,0,0,0,0,0,0,0,0,0,0,0,0,0,0,0,0,0,0,0,0,0,0,0,0,0,0,0,0,0,0,0,0,0,0,0,0,0,0,0,0,0,0,0,0,0,0,0,0,0,0,0,0,0,0,0,0,0,0,0,0,0,0,0,0,0,0,0,0,0,0,0,0,0,0,0,0,0,0,0,0,0,0,0,0,0,0,0,0,0,0,0,0,0,0,0,0,0,0,0,0,0,0,0,0,0,0,0,0,0,0,0,0,0,0,0,0,0,0,0,0,0,0,0,0,0,0,0,0,0,0,0,0,0,0,0,0,0,112937,0.0000172027,0.0001232268
minecraft:decorated_pot,0,0,0,0,0,0,0,0,0,0,0,0,11,12,19,3,12,20,21,33,18,19,28,20,22,24,888,985,2194,2639,2224,2414,2509,4132,4139,3727,3995,4014,4237,3736,3977,4035,3998,4088,4237,4045,5003,3400,3482,2231,2206,2844,2105,2300,881,858,827,842,825,751,900,915,818,909,501,581,357,420,462,291,254,18,9,16,8,11,7,16,11,11,8,6,4,8,10,7,5,0,0,0,0,0,0,0,0,0,0,0,0,0,0,0,0,0,0,0,0,0,0,0,0,0,0,0,0,0,0,0,0,0,0,0,0,0,0,0,0,0,0,0,0,0,0,0,0,0,0,0,0,0,0,0,0,0,0,0,0,0,0,0,0,0,0,0,0,0,0,0,0,0,0,0,0,0,0,0,0,0,0,0,0,0,0,0,0,0,0,0,0,0,0,0,0,0,0,0,0,0,0,0,0,0,0,0,0,0,0,0,0,0,0,0,0,0,0,0,0,0,0,0,0,0,0,0,0,0,0,0,0,0,0,0,0,0,0,0,0,0,0,0,0,0,0,0,0,0,0,0,0,0,0,0,0,0,0,0,0,0,0,0,0,0,0,0,0,0,0,0,0,0,0,0,0,0,0,0,0,0,0,0,0,0,0,0,0,0,0,0,0,0,0,0,0,0,0,0,0,0,0,0,0,0,0,0,0,0,0,0,0,0,0,0,0,0,0,0,0,0,0,0,0,0,0,0,0,0,0,0,0,0,0,0,0,0,0,0,0,0,0,0,0,0,0,0,0,0,101593,0.0000154747,0.0001108493
minecraft:cornflower,0,0,0,0,0,0,0,0,0,0,0,0,0,0,0,0,0,0,0,0,0,0,0,0,0,0,0,0,0,0,0,0,0,0,0,0,0,0,0,0,0,0,0,0,0,0,0,0,0,0,0,0,0,0,0,0,0,0,0,0,0,0,0,0,0,0,0,0,0,0,0,0,0,0,0,0,0,0,0,0,0,0,0,0,0,0,0,0,0,0,0,0,0,0,0,0,0,0,0,0,0,0,0,0,0,0,0,0,0,0,0,1,0,0,1,2,2,6,2,9,6,27,16,22,42,46,150,3771,5651,2399,2716,2824,2937,2967,3083,3076,2714,1214,930,742,752,796,929,909,917,444,458,393,510,622,808,957,1270,458,532,582,720,950,1075,1464,1539,635,640,717,1020,1195,1764,2216,2159,833,981,1011,1486,1692,2283,2955,3161,1078,1177,1254,1405,1503,2012,2298,2212,756,801,754,715,756,854,874,679,339,263,347,253,266,282,243,227,139,83,124,111,158,83,137,220,78,52,61,21,23,51,28,29,25,11,10,7,3,0,0,0,0,1,0,1,0,1,0,0,0,0,0,0,0,0,0,0,0,0,0,1,1,0,0,0,0,0,0,0,0,0,0,0,0,0,0,0,0,0,0,0,0,0,0,0,0,0,0,0,0,0,0,0,0,0,0,0,0,0,0,0,0,0,0,0,0,0,0,0,0,0,0,0,0,0,0,0,0,0,0,0,0,0,0,0,0,0,0,0,0,0,0,0,0,0,0,0,0,0,0,0,0,0,0,0,0,0,0,0,0,0,0,99996,0.0000152315,0.0001091068
minecraft:lilac,0,0,0,0,0,0,0,0,0,0,0,0,0,0,0,0,0,0,0,0,0,0,0,0,0,0,0,0,0,0,0,0,0,0,0,0,0,0,0,0,0,0,0,0,0,0,0,0,0,0,0,0,0,0,0,0,0,0,0,0,0,0,0,0,0,0,0,0,0,0,0,0,0,0,0,0,0,0,0,0,0,0,0,0,0,0,0,0,0,1,1,0,0,0,0,0,0,0,0,0,0,0,0,0,0,0,0,0,0,0,0,0,0,0,0,0,0,1,5,8,6,20,31,38,69,123,189,3513,8729,7912,5448,5795,5958,5875,5884,5901,5361,3430,1765,1585,1369,1345,1447,1379,1429,1039,584,716,700,621,732,874,952,754,542,501,493,619,792,853,926,700,370,304,257,334,420,443,490,371,232,267,279,338,469,503,406,272,198,185,257,292,237,264,363,292,153,155,189,197,142,125,121,66,50,54,32,22,41,53,75,61,23,14,7,7,6,7,12,15,7,1,1,1,2,1,1,1,1,3,4,2,1,1,0,0,0,0,0,0,0,2,4,2,0,0,0,0,0,0,0,0,0,0,0,0,0,0,0,0,0,0,0,0,0,0,0,0,0,0,0,0,0,0,0,0,0,0,0,0,0,0,0,0,0,0,0,0,0,0,0,0,0,0,0,0,0,0,0,0,0,0,0,0,0,0,0,0,0,0,0,0,0,0,0,0,0,0,0,0,0,0,0,0,0,0,0,0,0,0,0,0,0,0,0,0,0,0,0,0,0,0,0,0,0,0,96520,0.000014702,0.0001053141
minecraft:rose_bush,0,0,0,0,0,0,0,0,0,0,0,0,0,0,0,0,0,0,0,0,0,0,0,0,0,0,0,0,0,0,0,0,0,0,0,0,0,0,0,0,0,0,0,0,0,0,0,0,0,0,0,0,0,0,0,0,0,0,0,0,0,0,0,0,0,0,0,0,0,0,0,0,0,0,0,0,0,0,0,0,0,0,0,0,0,0,0,0,0,0,0,0,0,0,0,0,0,0,0,0,0,0,0,0,0,0,0,0,0,0,0,2,2,0,0,3,7,10,12,11,31,70,74,62,77,104,176,3371,8283,7550,5149,5391,5854,6085,5847,6081,5945,3985,2219,1666,1460,1467,1444,1512,1367,936,651,574,610,639,672,768,761,588,509,525,529,579,658,721,899,757,404,369,379,418,459,429,501,489,299,278,321,320,431,466,297,171,133,133,204,226,244,296,268,208,155,138,115,81,86,105,70,35,42,44,37,60,72,55,54,55,25,6,7,5,7,21,30,19,8,3,1,4,7,8,6,8,10,15,12,1,0,0,0,0,0,0,1,5,9,8,4,3,3,2,6,8,3,0,0,0,0,0,0,0,0,0,0,0,0,0,0,0,0,0,0,0,0,0,0,0,0,0,0,0,0,0,0,0,0,0,0,0,0,0,0,0,0,0,0,0,0,0,0,0,0,0,0,0,0,0,0,0,0,0,0,0,0,0,0,0,0,0,0,0,0,0,0,0,0,0,0,0,0,0,0,0,0,0,0,0,0,0,0,0,0,0,0,0,0,0,0,0,0,0,95895,0.0000146068,0.0001046321
minecraft:peony,0,0,0,0,0,0,0,0,0,0,0,0,0,0,0,0,0,0,0,0,0,0,0,0,0,0,0,0,0,0,0,0,0,0,0,0,0,0,0,0,0,0,0,0,0,0,0,0,0,0,0,0,0,0,0,0,0,0,0,0,0,0,0,0,0,0,0,0,0,0,0,0,0,0,0,0,0,0,0,0,0,0,0,0,0,0,0,0,0,0,0,0,0,0,0,0,0,0,0,0,0,0,0,0,0,0,0,0,0,0,0,1,2,1,0,0,6,14,29,32,23,25,26,41,67,154,290,3843,8894,7716,5100,5452,5583,5411,5664,5913,5138,3301,2081,1702,1437,1462,1356,1420,1599,1098,552,517,526,638,831,958,904,619,431,474,517,602,803,977,1039,805,505,363,291,299,392,557,664,517,287,234,235,307,365,427,436,287,192,163,159,217,234,277,349,286,182,162,154,133,109,97,91,48,16,14,21,51,101,86,33,24,20,17,27,23,18,13,14,19,9,5,5,3,0,0,2,5,5,8,7,4,6,5,3,4,2,2,3,3,4,3,3,5,4,1,0,0,0,0,0,0,0,0,0,0,0,0,0,0,0,0,0,0,0,0,0,0,0,0,0,0,0,0,0,0,0,0,0,0,0,0,0,0,0,0,0,0,0,0,0,0,0,0,0,0,0,0,0,0,0,0,0,0,0,0,0,0,0,0,0,0,0,0,0,0,0,0,0,0,0,0,0,0,0,0,0,0,0,0,0,0,0,0,0,0,0,0,0,0,0,0,0,0,0,0,95691,0.0000145757,0.0001044095
minecraft:spore_blossom,0,0,0,0,0,0,0,0,1,0,18,33,64,84,84,95,123,174,179,197,208,201,220,268,410,506,530,511,511,498,557,531,799,913,856,927,975,991,985,810,1196,1294,1272,1213,1258,1359,1315,1243,1849,1822,1770,1812,1792,1781,1743,1736,2339,2288,2343,2245,2259,2078,1963,1551,1976,1638,1479,1392,1327,1186,1182,1121,1535,1272,1162,1093,994,854,841,737,1025,964,910,859,814,820,755,642,870,735,671,668,615,587,540,514,752,596,561,493,397,312,249,275,320,273,313,282,264,217,197,153,203,148,149,143,104,110,77,67,93,87,98,82,84,63,55,53,72,75,77,75,55,46,37,40,66,69,52,52,52,40,25,32,45,43,32,29,23,29,23,17,18,30,29,19,19,14,7,8,13,10,9,7,2,2,4,4,6,11,8,5,5,3,2,2,6,4,5,4,4,1,4,3,5,3,4,5,5,2,2,1,2,0,1,0,2,1,0,1,0,2,0,0,1,0,0,1,2,1,0,0,1,2,2,1,1,1,2,0,3,1,0,0,1,2,1,1,0,0,0,0,0,1,2,0,2,1,1,2,1,0,0,0,0,0,0,0,0,1,0,0,0,0,0,0,0,0,0,0,0,0,0,0,0,0,0,0,0,0,0,0,0,0,0,0,0,0,0,0,0,0,0,0,0,0,0,0,0,0,0,0,0,0,0,0,0,0,0,0,0,0,0,0,0,0,0,0,0,0,0,0,0,0,0,0,0,0,0,0,0,0,0,0,0,0,0,0,0,0,0,0,0,0,0,0,95273,0.0000145121,0.0001039535
minecraft:spruce_stairs,0,0,0,0,0,0,0,0,0,0,0,0,0,0,0,0,0,0,0,0,0,0,0,0,0,0,0,0,0,0,0,0,0,0,0,0,0,0,0,0,0,0,0,0,0,0,0,0,0,0,0,0,0,0,0,0,0,0,0,0,0,0,0,0,0,0,0,0,30,32,8,25,3,2,0,0,0,0,0,0,0,0,0,0,0,0,0,8,7,11,20,48,41,109,146,77,119,134,266,437,708,1034,1489,1811,2069,2216,2243,2097,1812,1783,2136,3128,4101,4574,4785,5299,5401,5752,5340,4460,3506,3129,2855,2826,2355,1983,1554,1675,1413,1057,708,1433,623,511,389,374,443,209,193,243,173,178,202,116,99,61,70,52,35,24,21,24,21,47,32,62,33,22,21,26,23,22,20,34,30,34,39,13,40,18,21,10,18,7,9,5,12,23,2,20,10,21,17,32,23,19,25,5,0,0,3,3,0,3,3,2,0,2,5,10,10,13,13,0,3,3,3,7,0,0,2,0,0,0,0,0,0,0,0,0,0,0,0,0,0,0,0,0,0,0,0,0,0,0,0,0,0,0,0,0,0,0,0,0,0,0,0,0,0,0,0,0,0,0,0,0,0,0,0,0,0,0,0,0,0,0,0,0,0,0,0,0,0,0,0,0,0,0,0,0,0,0,0,0,0,0,0,0,0,0,0,0,0,0,0,0,0,0,0,0,0,0,0,0,0,0,0,0,0,0,0,0,0,0,0,0,0,0,0,0,0,0,0,0,0,0,0,0,0,0,0,0,0,0,0,0,93196,0.0000141957,0.0001016872
minecraft:dark_oak_fence,0,0,0,0,0,0,0,0,0,0,0,0,0,0,0,0,168,126,601,601,1782,0,414,0,0,0,0,0,0,0,0,0,0,0,0,0,0,0,0,0,0,0,0,0,0,0,0,0,0,0,0,0,0,0,0,0,0,0,0,0,0,0,0,0,0,0,0,0,0,0,0,0,10,0,0,0,0,0,0,0,0,0,0,0,0,0,0,0,0,0,0,0,0,0,0,0,4,2,19,42,10,39,82,50,72,128,66,147,126,100,148,162,181,248,281,221,403,479,559,492,598,860,1156,1316,1427,1763,2110,3032,3446,3684,3495,3044,2805,2604,3081,3439,3183,2799,2756,2631,2591,2247,2237,1964,1415,1360,1317,1660,1585,1237,1052,961,902,860,807,645,661,641,518,429,448,575,601,584,528,364,351,397,456,372,347,360,390,495,453,463,396,351,211,228,152,110,86,58,191,253,166,126,44,11,21,30,34,96,14,2,2,0,0,1,0,122,69,1,51,8,16,24,24,24,18,34,104,84,16,28,80,76,42,18,40,2,2,0,0,0,0,0,0,0,0,0,0,0,0,0,0,0,0,0,0,0,0,0,0,0,0,0,0,8,0,0,0,0,0,0,0,0,0,0,40,0,0,0,0,0,0,0,0,0,0,0,0,0,0,0,0,0,0,0,0,0,0,0,0,0,0,0,0,0,0,0,0,0,0,0,0,0,0,0,0,0,0,0,0,0,0,0,0,0,0,0,0,0,0,0,0,0,0,0,0,0,0,0,0,0,0,0,0,0,0,0,0,0,0,0,92779,0.0000141322,0.0001012322
minecraft:mud_bricks,0,0,0,0,0,0,0,0,0,0,0,0,0,0,0,0,0,0,0,0,0,0,0,0,0,0,0,0,0,0,0,0,0,0,0,0,0,0,0,0,0,0,0,0,0,0,0,0,0,0,0,0,0,0,0,0,0,0,0,0,0,0,0,0,0,0,0,0,0,0,0,0,0,0,0,0,0,0,0,0,0,0,0,0,0,0,0,0,0,0,0,0,0,0,0,0,0,0,0,0,0,0,30,52,89,163,437,1025,1494,2005,2502,5638,5874,5544,4989,5055,5147,4786,4163,3494,3393,2607,1836,1406,1632,1613,1215,1214,1314,1119,778,637,626,478,397,740,838,1055,798,815,774,812,869,657,603,419,490,430,435,523,410,581,743,468,609,424,658,697,706,508,219,108,106,98,138,54,17,24,25,25,21,23,23,47,25,82,93,63,20,6,11,0,0,0,0,0,0,0,0,0,0,0,0,0,0,0,0,0,0,0,0,0,0,0,0,0,0,0,0,0,0,0,0,0,0,0,0,0,0,0,0,0,0,0,0,0,0,0,0,0,0,0,0,0,0,0,0,0,0,0,0,0,0,0,0,0,0,0,0,0,0,0,0,0,0,0,0,0,0,0,0,0,0,0,0,0,0,0,0,0,0,0,0,0,0,0,0,0,0,0,0,0,0,0,0,0,0,0,0,0,0,0,0,0,0,0,0,0,0,0,0,0,0,0,0,0,0,0,0,0,0,0,0,0,0,0,0,0,0,0,0,0,0,0,0,0,0,0,0,0,0,0,0,0,0,0,90042,0.0000137153,0.0000982459
minecraft:pale_moss_carpet,0,0,0,0,0,0,0,0,0,0,0,0,0,0,0,0,0,0,0,0,0,0,0,0,0,0,0,0,0,0,0,0,0,0,0,0,0,0,0,0,0,0,0,0,0,0,0,0,0,0,0,0,0,0,0,0,0,0,0,0,0,0,0,0,0,0,0,0,0,0,0,0,0,0,0,0,0,0,0,0,0,0,0,0,0,0,0,0,0,0,0,0,0,0,0,0,0,0,0,0,0,0,0,0,0,0,0,0,0,0,0,0,0,0,0,0,0,0,0,0,1,0,4,1,2,2,2,4,1,7,9,10,16,9,14,10,9,24,26,26,33,49,82,113,187,178,259,336,416,572,863,1194,1340,868,940,1012,1162,1544,1544,1635,1766,1123,1021,1049,1081,1448,1864,2568,3064,1579,1478,1418,1598,2335,3349,4193,4012,2095,2088,2203,2587,2913,3129,3167,2836,1738,1660,1635,1497,1392,1406,1355,1585,663,451,440,369,482,600,801,590,275,277,145,161,186,172,109,65,40,47,39,32,39,39,33,10,1,5,2,1,0,0,0,0,0,0,0,0,0,0,0,0,0,0,0,0,0,0,0,0,0,0,0,0,0,0,0,0,0,0,0,0,0,0,0,0,0,0,0,0,0,0,0,0,0,0,0,0,0,0,0,0,0,0,0,0,0,0,0,0,0,0,0,0,0,0,0,0,0,0,0,0,0,0,0,0,0,0,0,0,0,0,0,0,0,0,0,0,0,0,0,0,0,0,0,0,0,0,0,0,0,0,0,0,0,0,0,0,0,0,0,0,0,0,0,88810,0.0000135276,0.0000969016
minecraft:spawner,0,0,1,7,6,11,23,46,47,69,779,767,867,933,1050,1148,1135,993,1010,1044,1040,1157,1288,1547,1273,1057,1027,1096,1024,1068,1165,1315,1278,1062,971,996,1086,1003,1126,1320,1192,1043,1101,1070,1111,1193,1239,1461,1419,1218,1166,1072,1102,1113,1243,1419,1309,1039,1120,1064,1004,1076,1077,1152,660,508,525,547,515,501,551,609,534,483,492,470,457,451,495,574,566,506,501,479,518,525,569,612,563,562,545,484,542,521,576,608,492,489,422,378,406,373,365,421,324,301,245,228,179,191,184,172,92,99,88,81,78,82,91,101,79,77,81,73,69,68,77,133,86,81,92,63,53,62,69,74,49,33,50,38,35,31,39,50,36,24,34,29,33,24,31,34,23,30,13,21,23,16,25,20,17,12,10,11,13,17,18,18,15,10,14,7,10,12,6,14,14,6,6,4,5,2,2,8,5,4,3,6,3,2,2,2,0,2,2,1,2,1,2,4,2,1,0,1,0,2,0,1,1,1,0,1,0,1,1,0,1,0,2,0,0,0,2,0,0,0,0,0,0,0,1,0,0,1,0,0,0,0,0,0,0,0,0,0,1,0,0,0,0,0,0,1,0,0,0,0,0,0,0,0,0,0,0,0,0,0,0,0,0,0,0,0,0,0,0,0,0,0,0,0,0,0,0,0,0,0,0,0,0,0,0,0,0,0,0,0,0,0,0,0,0,0,0,0,0,0,0,0,0,0,0,0,0,0,0,0,0,0,0,0,0,0,0,0,0,0,0,0,0,0,0,0,0,0,0,0,86060,0.0000131087,0.000093901
minecraft:light_gray_stained_glass,0,0,0,0,0,0,0,0,0,0,0,0,0,0,0,0,0,0,0,0,0,0,0,0,0,0,0,595,1469,2302,2894,3253,3796,4145,4218,4026,3796,3990,3963,3890,3974,4045,4096,4101,4002,4172,4203,4086,3371,2406,1656,990,540,270,0,0,0,0,0,0,0,0,0,0,0,0,0,0,0,0,0,0,0,0,0,0,0,0,0,0,0,0,0,0,0,0,0,0,0,0,0,0,0,0,0,0,0,0,0,0,0,0,0,0,0,0,0,0,0,0,0,0,0,0,0,0,0,0,0,0,0,0,0,0,0,0,0,0,0,0,0,0,0,0,0,0,0,0,0,0,0,0,0,0,0,0,0,0,0,0,0,0,0,0,0,0,0,0,0,0,0,0,0,0,0,0,0,0,0,0,0,0,0,0,0,0,0,0,0,0,0,0,0,0,0,0,0,0,0,0,0,0,0,0,0,0,0,0,0,0,0,0,0,0,0,0,0,0,0,0,0,0,0,0,0,0,0,0,0,0,0,0,0,0,0,0,0,0,0,0,0,0,0,0,0,0,0,0,0,0,0,0,0,0,0,0,0,0,0,0,0,0,0,0,0,0,0,0,0,0,0,0,0,0,0,0,0,0,0,0,0,0,0,0,0,0,0,0,0,0,0,0,0,0,0,0,0,0,0,0,0,0,0,0,0,0,0,0,0,0,0,0,0,0,0,0,0,0,0,0,0,0,0,0,0,0,0,0,0,0,0,0,0,0,0,0,0,0,0,0,0,0,0,0,0,0,84249,0.0000128329,0.000091925
minecraft:cut_sandstone,0,0,0,0,0,0,0,0,0,0,0,0,0,0,0,0,0,0,0,0,0,0,0,0,0,0,0,0,0,0,0,0,0,0,0,0,0,8,4,10,6,0,0,0,0,0,0,0,0,0,0,4,3,7,5,0,0,0,0,0,0,0,0,0,0,0,0,0,31,47,23,44,62,58,86,69,62,56,25,40,33,25,60,82,97,118,111,169,238,165,220,287,291,287,223,249,340,369,537,691,942,1197,1516,1834,2193,2591,2274,2029,1679,1117,1070,1373,2324,3826,3924,4302,3966,3350,3018,2754,2378,2020,1671,1357,1035,794,543,1676,1435,1224,1914,1429,1037,1004,1064,1079,973,858,861,801,642,745,571,441,378,309,265,208,202,328,158,183,126,139,139,84,47,72,74,84,57,54,42,37,9,7,7,4,28,8,11,20,9,6,6,4,0,0,0,0,0,0,0,5,6,9,8,0,0,0,0,0,0,0,0,0,0,0,0,0,0,0,0,0,0,0,0,0,0,0,0,0,0,0,0,0,0,0,0,0,0,0,0,0,0,0,0,0,0,0,0,0,0,0,0,0,0,0,0,0,0,0,0,0,0,0,0,0,0,0,0,0,0,0,0,0,0,0,0,0,0,0,0,0,0,0,0,0,0,0,0,0,0,0,0,0,0,0,0,0,0,0,0,0,0,0,0,0,0,0,0,0,0,0,0,0,0,0,0,0,0,0,0,0,0,0,0,0,0,0,0,0,0,0,0,0,0,0,0,0,0,0,0,0,0,0,0,0,0,0,0,0,0,0,0,0,83206,0.000012674,0.000090787
minecraft:orange_tulip,0,0,0,0,0,0,0,0,0,0,0,0,0,0,0,0,0,0,0,0,0,0,0,0,0,0,0,0,0,0,0,0,0,0,0,0,0,0,0,0,0,0,0,0,0,0,0,0,0,0,0,0,0,0,0,0,0,0,0,0,0,0,0,0,0,0,0,0,0,0,0,0,0,0,0,0,0,0,0,0,0,0,0,0,0,0,0,0,0,0,0,0,0,0,11,1,0,0,0,0,0,0,0,0,0,0,0,0,0,0,0,0,0,0,0,1,4,3,4,5,25,76,50,37,54,68,218,6405,10064,4577,4983,5114,5297,5741,5428,6035,5336,1830,1345,1274,909,933,1078,1095,1194,533,420,397,429,536,643,730,557,328,251,298,356,472,564,542,596,303,262,207,301,401,417,425,444,145,167,203,214,255,183,215,195,144,95,55,113,73,35,68,53,18,9,9,7,13,11,12,14,6,7,4,5,12,8,4,2,0,1,0,0,0,0,0,3,3,4,3,5,1,1,0,1,0,0,1,0,0,0,0,0,0,0,0,0,0,0,0,0,0,0,0,0,0,0,0,0,0,0,0,0,0,4,1,0,0,0,0,0,0,0,0,0,0,0,0,0,0,0,0,0,0,0,0,0,0,0,0,0,0,0,0,0,0,0,0,0,0,0,0,0,0,0,0,0,0,0,0,0,0,0,0,0,0,0,0,0,0,0,0,0,0,0,0,0,0,0,0,0,0,0,0,0,0,0,0,0,0,0,0,0,0,0,0,0,0,0,0,0,0,0,0,81989,0.0000124886,0.0000894591
minecraft:dark_prismarine,0,0,0,0,0,0,0,0,0,0,0,0,0,0,0,0,0,0,0,0,0,0,0,0,0,0,0,0,0,0,0,0,0,0,0,0,0,0,0,0,0,0,0,0,0,0,0,0,0,0,0,0,0,0,0,0,0,0,0,0,0,0,0,0,0,0,0,0,0,0,0,0,0,0,0,0,0,0,0,0,0,0,0,0,0,0,0,0,0,0,0,0,0,0,0,0,0,0,0,0,0,0,0,0,5252,13595,3196,6307,7147,20977,610,2108,5140,11009,1072,2596,2595,0,0,0,0,0,0,0,0,0,0,0,0,0,0,0,0,0,0,0,0,0,0,0,0,0,0,0,0,0,0,0,0,0,0,0,0,0,0,0,0,0,0,0,0,0,0,0,0,0,0,0,0,0,0,0,0,0,0,0,0,0,0,0,0,0,0,0,0,0,0,0,0,0,0,0,0,0,0,0,0,0,0,0,0,0,0,0,0,0,0,0,0,0,0,0,0,0,0,0,0,0,0,0,0,0,0,0,0,0,0,0,0,0,0,0,0,0,0,0,0,0,0,0,0,0,0,0,0,0,0,0,0,0,0,0,0,0,0,0,0,0,0,0,0,0,0,0,0,0,0,0,0,0,0,0,0,0,0,0,0,0,0,0,0,0,0,0,0,0,0,0,0,0,0,0,0,0,0,0,0,0,0,0,0,0,0,0,0,0,0,0,0,0,0,0,0,0,0,0,0,0,0,0,0,0,0,0,0,0,0,0,0,0,0,0,0,0,0,0,81604,0.00001243,0.0000890391
minecraft:smooth_sandstone,0,0,0,0,0,0,0,0,0,0,0,0,0,0,0,0,0,0,0,0,0,0,0,0,0,0,0,0,0,0,0,0,0,0,0,0,0,0,0,0,0,0,0,0,0,0,0,0,0,0,0,0,0,0,0,0,0,0,0,0,0,0,0,0,0,0,0,0,0,0,0,0,0,0,0,0,0,0,0,0,0,0,0,0,0,0,0,0,0,0,0,0,0,0,0,0,0,0,0,0,0,0,0,0,0,1,2,0,0,0,11,20,0,11,16,12,14,67,17,32,12,50,82,184,231,272,13060,6733,4810,4259,3960,3498,4629,4870,5119,4434,3501,2908,2351,1822,1548,1307,1094,1196,971,749,718,744,750,502,715,576,449,458,252,281,316,358,406,363,154,100,55,14,39,53,37,51,33,41,59,20,11,11,14,0,0,0,0,0,0,0,0,0,0,0,0,0,0,0,0,0,0,0,0,0,0,0,0,0,0,0,0,0,0,0,0,0,0,0,0,0,0,0,0,0,0,0,0,0,0,0,0,0,0,0,0,0,0,0,0,0,0,0,0,0,0,0,0,0,0,0,0,0,0,0,0,0,0,0,0,0,0,0,0,0,0,0,0,0,0,0,0,0,0,0,0,0,0,0,0,0,0,0,0,0,0,0,0,0,0,0,0,0,0,0,0,0,0,0,0,0,0,0,0,0,0,0,0,0,0,0,0,0,0,0,0,0,0,0,0,0,0,0,0,0,0,0,0,0,0,0,0,0,0,0,0,0,0,0,0,0,0,0,0,0,81433,0.000012404,0.0000888525
minecraft:oxeye_daisy,0,0,0,0,0,0,0,0,0,0,0,0,0,0,0,0,0,0,0,0,0,0,0,0,0,0,0,0,0,0,0,0,0,0,0,0,0,0,0,0,0,0,0,0,0,0,0,0,0,0,0,0,0,0,0,0,0,0,0,0,0,0,0,0,0,0,0,0,0,0,0,0,0,0,0,0,0,0,0,0,0,0,0,0,0,0,1,0,1,0,0,0,0,0,0,0,0,0,0,0,0,0,0,0,0,0,0,0,0,0,0,0,1,0,0,2,3,6,6,4,8,44,17,23,40,57,142,4785,7415,3386,3677,3844,3701,3682,4323,4111,3722,1566,1207,984,929,996,1038,1179,1084,514,497,434,405,510,550,560,732,323,389,376,390,456,581,792,776,281,262,266,326,437,583,753,745,271,308,451,519,594,852,1191,1015,485,491,444,456,490,667,722,796,319,238,214,139,136,167,238,211,67,71,117,94,93,99,100,67,38,46,45,57,44,37,54,27,10,20,4,11,12,7,3,0,0,0,0,0,0,0,1,0,1,0,0,0,0,0,0,1,0,0,1,0,0,0,0,0,0,0,0,0,0,0,0,0,0,0,0,0,0,0,0,0,0,0,0,0,0,0,0,0,0,0,0,0,0,0,0,0,0,0,0,0,0,0,0,0,0,0,0,0,0,0,0,0,0,0,0,0,0,0,0,0,0,0,0,0,0,0,0,0,0,0,0,0,0,0,0,0,0,0,0,0,0,0,0,0,0,0,0,0,0,0,0,0,0,0,0,0,0,0,0,76463,0.0000116469,0.0000834297
minecraft:white_tulip,0,0,0,0,0,0,0,0,0,0,0,0,0,0,0,0,0,0,0,0,0,0,0,0,0,0,0,0,0,0,0,0,0,0,0,0,0,0,0,0,0,0,0,0,0,0,0,0,0,0,0,0,0,0,0,0,0,0,0,0,0,0,0,0,0,0,0,0,0,0,0,0,0,0,0,0,0,0,0,0,0,0,0,0,0,0,0,0,0,0,0,0,0,0,0,0,0,0,0,0,0,0,0,0,0,0,0,0,0,0,0,0,0,0,3,2,6,7,6,3,27,32,22,31,45,75,170,5859,8468,3992,4486,4569,4582,4952,5077,5446,4303,1780,1281,1057,737,1049,1022,1094,1198,590,460,464,473,439,539,617,512,257,235,312,363,429,442,407,461,270,264,273,295,344,389,574,449,96,77,148,166,241,333,255,188,108,73,80,58,55,39,34,50,36,41,37,24,41,22,5,1,3,1,0,1,0,1,2,13,5,1,0,0,0,0,0,4,0,0,0,0,0,0,0,0,0,1,0,0,0,0,0,0,0,0,0,0,0,0,0,0,0,0,0,0,0,0,0,0,0,0,0,0,0,0,1,0,0,0,0,0,0,0,0,0,0,0,0,0,0,0,0,0,0,0,0,0,0,0,0,0,0,0,0,0,0,0,0,0,0,0,0,0,0,0,0,0,0,0,0,0,0,0,0,0,0,0,0,0,0,0,0,0,0,0,0,0,0,0,0,0,0,0,0,0,0,0,0,0,0,0,0,0,0,0,0,0,0,0,0,0,0,0,0,73480,0.0000111925,0.0000801749
minecraft:red_tulip,0,0,0,0,0,0,0,0,0,0,0,0,0,0,0,0,0,0,0,0,0,0,0,0,0,0,0,0,0,0,0,0,0,0,0,0,0,0,0,0,0,0,0,0,0,0,0,0,0,0,0,0,0,0,0,0,0,0,0,0,0,0,0,0,0,0,0,0,0,0,0,0,0,0,0,0,0,0,0,0,0,0,0,0,0,0,0,0,0,0,0,0,0,0,0,0,0,0,0,0,0,0,0,0,0,0,0,0,0,3,0,0,0,0,0,0,1,3,4,12,20,52,34,50,51,88,241,5593,7772,3906,4001,4698,5098,5231,5088,5030,4081,1611,1228,992,890,777,1061,1075,847,462,309,303,331,371,382,597,459,228,245,333,438,496,610,534,434,315,244,247,342,309,409,403,390,199,227,207,240,184,256,281,207,105,99,74,93,104,81,36,44,15,7,4,6,10,8,12,5,14,18,7,9,10,2,8,5,0,0,0,0,0,0,0,0,1,1,1,2,0,0,1,1,0,0,0,0,0,0,0,0,0,0,0,0,0,0,0,0,0,0,0,0,0,0,0,0,0,0,0,0,0,3,0,0,0,0,0,0,0,0,0,0,0,0,0,0,0,0,0,0,0,0,0,0,0,0,0,0,0,0,0,0,0,0,0,0,0,0,0,0,0,0,0,0,0,0,0,0,0,0,0,0,0,0,0,0,0,0,0,0,0,0,0,0,0,0,0,0,0,0,0,0,0,0,0,0,0,0,0,0,0,0,0,0,0,0,0,0,0,0,0,71316,0.0000108629,0.0000778137
minecraft:dark_oak_stairs,0,0,0,0,0,0,0,0,0,0,0,0,0,0,0,0,0,0,0,0,0,0,0,0,0,0,0,0,0,0,0,0,0,0,0,0,0,0,0,0,0,0,0,0,0,0,0,0,0,0,0,0,0,0,0,0,0,0,0,0,0,0,0,0,0,0,0,2,1,1,1,6,1,0,0,0,0,0,0,0,0,0,0,0,0,0,0,30,32,8,26,6,36,32,32,90,119,184,145,231,550,703,1055,1202,1258,1341,1320,1385,1441,1390,1248,1705,2282,2661,3259,3307,3455,3283,3314,2905,2368,1985,1964,1567,1473,1446,892,832,621,410,634,479,149,224,182,139,103,233,344,207,188,63,150,638,1283,916,256,230,541,544,374,377,397,509,948,1024,865,175,277,476,495,400,298,418,275,234,10,0,16,8,8,32,0,8,8,0,8,16,0,0,0,8,16,0,0,8,0,0,0,0,3,0,0,38,16,8,44,0,0,0,0,28,8,8,0,0,145,294,151,16,8,8,10,0,0,0,7,208,271,192,0,0,0,0,0,0,0,0,0,0,0,0,0,0,0,0,0,0,0,0,0,0,0,0,0,0,0,0,0,8,0,0,0,0,0,0,0,0,8,0,0,0,0,0,0,0,0,0,0,0,0,0,0,0,0,0,0,0,0,0,0,0,0,0,0,0,0,0,0,0,0,0,0,0,0,0,0,0,0,0,0,0,0,0,0,0,0,0,0,0,0,0,0,0,0,0,0,0,0,0,0,0,0,0,0,0,0,0,0,0,0,0,0,0,0,0,70275,0.0000107044,0.0000766779
minecraft:jungle_planks,0,0,0,0,0,0,0,0,0,0,0,0,0,0,0,0,0,0,0,0,0,0,0,0,0,0,0,0,0,0,0,0,0,0,0,0,0,0,0,0,0,0,0,0,0,0,0,0,0,0,0,0,0,0,0,0,0,0,0,0,0,0,0,0,0,0,0,0,0,0,0,0,0,0,0,0,0,0,0,0,0,0,0,0,0,0,12,1,6,35,75,58,49,51,41,84,142,194,234,389,703,1142,1474,1746,2206,2162,2060,1811,1544,1561,1586,1658,2020,3429,4145,4497,4731,4236,4266,3197,2730,2322,2190,1852,1606,1519,1278,910,633,411,268,161,91,60,84,55,46,70,34,23,32,19,0,2,11,0,0,0,0,0,0,0,0,0,0,0,0,0,0,0,0,0,0,0,0,0,0,0,0,0,0,0,0,0,0,0,0,0,0,0,0,0,0,0,0,0,0,0,0,0,0,0,0,0,0,0,0,0,0,0,0,0,0,0,0,0,0,0,0,0,0,0,0,0,0,0,0,0,0,0,0,0,0,0,0,0,0,0,0,0,0,0,0,0,0,0,0,0,0,0,0,0,0,0,0,0,0,0,0,0,0,0,0,0,0,0,0,0,0,0,0,0,0,0,0,0,0,0,0,0,0,0,0,0,0,0,0,0,0,0,0,0,0,0,0,0,0,0,0,0,0,0,0,0,0,0,0,0,0,0,0,0,0,0,0,0,0,0,0,0,0,0,0,0,0,0,0,0,0,0,0,0,0,0,0,0,0,0,0,0,0,0,0,0,0,0,67952,0.0000103505,0.0000741432
minecraft:cocoa,0,0,0,0,0,0,0,0,0,0,0,0,0,0,0,0,0,0,0,0,0,0,0,0,0,0,0,0,0,0,0,0,0,0,0,0,0,0,0,0,0,0,0,0,0,0,0,0,0,0,0,0,0,0,0,0,0,0,0,0,0,0,0,0,0,0,0,0,0,0,0,0,0,0,0,0,0,0,0,0,0,0,0,0,0,0,0,0,0,0,0,0,0,0,0,0,0,0,0,0,0,0,0,0,0,0,0,0,0,0,0,0,0,0,0,2,6,5,5,8,11,27,52,37,38,70,130,2315,5181,4775,3592,3731,4055,3941,3966,3945,3535,2314,1325,1313,1227,1205,1278,1272,1247,809,603,559,555,568,626,622,720,537,380,356,391,421,524,593,563,427,245,269,278,330,375,446,419,322,229,206,236,285,352,379,390,244,154,184,205,234,240,232,221,119,72,107,102,114,100,97,87,72,54,44,37,42,36,50,50,30,8,14,24,17,22,17,17,16,7,5,10,11,10,12,5,2,4,1,5,7,4,2,3,2,0,0,0,1,3,0,0,0,0,0,0,0,0,0,0,0,0,0,0,0,0,0,0,0,0,0,0,0,0,0,0,0,0,0,0,0,0,0,0,0,0,0,0,0,0,0,0,0,0,0,0,0,0,0,0,0,0,0,0,0,0,0,0,0,0,0,0,0,0,0,0,0,0,0,0,0,0,0,0,0,0,0,0,0,0,0,0,0,0,0,0,0,0,0,0,0,0,0,0,0,0,0,0,0,0,0,0,0,0,0,67779,0.0000103242,0.0000739544
minecraft:waxed_oxidized_copper_bulb,0,0,0,0,0,0,0,0,0,0,0,0,0,48,62,58,43,91,99,189,186,168,259,276,243,325,315,648,756,868,1012,1067,1135,1155,1522,1719,1613,1758,1751,2150,2158,2114,2146,2165,2187,2186,2184,2339,1878,2001,1766,1768,1901,1589,1652,1208,1240,1388,1157,1246,772,781,747,744,815,626,659,514,472,548,391,397,232,283,278,214,199,101,109,120,121,98,68,96,49,51,51,20,11,10,7,9,6,9,3,3,1,5,1,0,0,0,2,0,0,0,0,0,0,0,0,0,0,0,0,0,0,0,0,0,0,0,0,0,0,0,0,0,0,0,0,0,0,0,0,0,0,0,0,0,0,0,0,0,0,0,0,0,0,0,0,0,0,0,0,0,0,0,0,0,0,0,0,0,0,0,0,0,0,0,0,0,0,0,0,0,0,0,0,0,0,0,0,0,0,0,0,0,0,0,0,0,0,0,0,0,0,0,0,0,0,0,0,0,0,0,0,0,0,0,0,0,0,0,0,0,0,0,0,0,0,0,0,0,0,0,0,0,0,0,0,0,0,0,0,0,0,0,0,0,0,0,0,0,0,0,0,0,0,0,0,0,0,0,0,0,0,0,0,0,0,0,0,0,0,0,0,0,0,0,0,0,0,0,0,0,0,0,0,0,0,0,0,0,0,0,0,0,0,0,0,0,0,0,0,0,0,0,0,0,0,0,0,0,0,0,0,0,0,0,0,0,0,0,0,0,0,0,0,0,0,0,0,0,0,0,0,0,0,0,0,0,0,0,0,0,65412,0.0000099636,0.0000713718
minecraft:bubble_coral,0,0,0,0,0,0,0,0,0,0,0,0,0,0,0,0,0,0,0,0,0,0,0,0,0,0,0,0,0,0,0,0,0,0,0,0,0,0,0,0,0,0,0,0,0,0,0,0,0,0,0,0,0,0,1,1,1,1,0,1,1,2,2,4,3,3,4,2,4,4,5,4,1,4,3,3,1,9,2,8,7,8,9,18,15,19,26,24,35,27,48,57,70,83,83,83,86,130,254,486,803,1168,1785,2349,2624,2642,2482,1989,1517,1248,1165,1479,2446,4207,4962,4949,4174,3362,3015,2670,2293,1858,1513,1231,1011,760,743,0,0,0,0,0,0,0,0,0,0,0,0,0,0,0,0,0,0,0,0,0,0,0,0,0,0,0,0,0,0,0,0,0,0,0,0,0,0,0,0,0,0,0,0,0,0,0,0,0,0,0,0,0,0,0,0,0,0,0,0,0,0,0,0,0,0,0,0,0,0,0,0,0,0,0,0,0,0,0,0,0,0,0,0,0,0,0,0,0,0,0,0,0,0,0,0,0,0,0,0,0,0,0,0,0,0,0,0,0,0,0,0,0,0,0,0,0,0,0,0,0,0,0,0,0,0,0,0,0,0,0,0,0,0,0,0,0,0,0,0,0,0,0,0,0,0,0,0,0,0,0,0,0,0,0,0,0,0,0,0,0,0,0,0,0,0,0,0,0,0,0,0,0,0,0,0,0,0,0,0,0,0,0,0,0,0,0,0,0,0,0,0,0,0,0,0,0,0,0,0,0,0,0,0,0,0,0,0,0,62087,0.0000094572,0.0000677438
minecraft:tube_coral_fan,0,0,0,0,0,0,0,0,0,0,0,0,0,0,0,0,0,0,0,0,0,0,0,0,0,0,0,0,0,0,0,0,0,0,0,0,0,0,0,0,0,0,0,0,0,0,0,0,0,0,0,0,0,1,1,2,1,2,2,1,0,1,2,2,2,4,5,5,3,3,4,3,5,0,2,0,6,3,5,5,7,8,11,25,19,15,25,22,37,38,38,44,60,67,53,85,97,138,247,476,792,1184,1803,2302,2557,2673,2398,1902,1490,1212,1194,1561,2509,4129,4956,4955,4126,3356,2959,2712,2305,1883,1562,1307,949,710,776,0,0,0,0,0,0,0,0,0,0,0,0,0,0,0,0,0,0,0,0,0,0,0,0,0,0,0,0,0,0,0,0,0,0,0,0,0,0,0,0,0,0,0,0,0,0,0,0,0,0,0,0,0,0,0,0,0,0,0,0,0,0,0,0,0,0,0,0,0,0,0,0,0,0,0,0,0,0,0,0,0,0,0,0,0,0,0,0,0,0,0,0,0,0,0,0,0,0,0,0,0,0,0,0,0,0,0,0,0,0,0,0,0,0,0,0,0,0,0,0,0,0,0,0,0,0,0,0,0,0,0,0,0,0,0,0,0,0,0,0,0,0,0,0,0,0,0,0,0,0,0,0,0,0,0,0,0,0,0,0,0,0,0,0,0,0,0,0,0,0,0,0,0,0,0,0,0,0,0,0,0,0,0,0,0,0,0,0,0,0,0,0,0,0,0,0,0,0,0,0,0,0,0,0,0,0,0,0,0,61844,0.0000094201,0.0000674787
minecraft:bubble_coral_fan,0,0,0,0,0,0,0,0,0,0,0,0,0,0,0,0,0,0,0,0,0,0,0,0,0,0,0,0,0,0,0,0,0,0,0,0,0,0,0,0,0,0,0,0,0,0,0,0,0,0,0,0,0,1,1,2,2,1,0,5,1,2,1,1,1,3,5,6,3,3,2,2,0,2,2,2,4,5,7,1,3,8,12,16,15,21,24,30,32,42,37,61,70,73,67,77,85,141,280,446,783,1209,1736,2313,2618,2710,2384,1968,1448,1264,1186,1536,2462,4205,5110,4952,4108,3303,2984,2575,2287,1865,1478,1260,1014,709,740,0,0,0,0,0,0,0,0,0,0,0,0,0,0,0,0,0,0,0,0,0,0,0,0,0,0,0,0,0,0,0,0,0,0,0,0,0,0,0,0,0,0,0,0,0,0,0,0,0,0,0,0,0,0,0,0,0,0,0,0,0,0,0,0,0,0,0,0,0,0,0,0,0,0,0,0,0,0,0,0,0,0,0,0,0,0,0,0,0,0,0,0,0,0,0,0,0,0,0,0,0,0,0,0,0,0,0,0,0,0,0,0,0,0,0,0,0,0,0,0,0,0,0,0,0,0,0,0,0,0,0,0,0,0,0,0,0,0,0,0,0,0,0,0,0,0,0,0,0,0,0,0,0,0,0,0,0,0,0,0,0,0,0,0,0,0,0,0,0,0,0,0,0,0,0,0,0,0,0,0,0,0,0,0,0,0,0,0,0,0,0,0,0,0,0,0,0,0,0,0,0,0,0,0,0,0,0,0,0,61812,0.0000094153,0.0000674438
minecraft:fire_coral,0,0,0,0,0,0,0,0,0,0,0,0,0,0,0,0,0,0,0,0,0,0,0,0,0,0,0,0,0,0,0,0,0,0,0,0,0,0,0,0,0,0,0,0,0,0,0,0,0,0,0,1,0,0,2,2,3,1,3,7,3,0,2,0,1,2,3,5,4,3,2,2,1,3,2,5,7,2,7,9,7,2,9,14,24,21,24,42,50,24,55,63,60,79,77,76,91,133,237,471,778,1206,1724,2252,2688,2677,2420,1997,1507,1261,1192,1532,2522,4336,5002,4995,4059,3352,2811,2577,2226,1947,1525,1228,937,717,693,0,0,0,0,0,0,0,0,0,0,0,0,0,0,0,0,0,0,0,0,0,0,0,0,0,0,0,0,0,0,0,0,0,0,0,0,0,0,0,0,0,0,0,0,0,0,0,0,0,0,0,0,0,0,0,0,0,0,0,0,0,0,0,0,0,0,0,0,0,0,0,0,0,0,0,0,0,0,0,0,0,0,0,0,0,0,0,0,0,0,0,0,0,0,0,0,0,0,0,0,0,0,0,0,0,0,0,0,0,0,0,0,0,0,0,0,0,0,0,0,0,0,0,0,0,0,0,0,0,0,0,0,0,0,0,0,0,0,0,0,0,0,0,0,0,0,0,0,0,0,0,0,0,0,0,0,0,0,0,0,0,0,0,0,0,0,0,0,0,0,0,0,0,0,0,0,0,0,0,0,0,0,0,0,0,0,0,0,0,0,0,0,0,0,0,0,0,0,0,0,0,0,0,0,0,0,0,0,0,61802,0.0000094137,0.0000674329
minecraft:horn_coral_fan,0,0,0,0,0,0,0,0,0,0,0,0,0,0,0,0,0,0,0,0,0,0,0,0,0,0,0,0,0,0,0,0,0,0,0,0,0,0,0,0,0,0,0,0,0,0,0,0,0,0,0,0,0,1,0,4,5,1,0,4,3,0,3,1,5,2,3,3,4,3,2,3,1,1,3,1,3,7,10,5,9,5,7,12,24,17,26,30,42,41,43,51,61,62,60,75,88,158,214,471,712,1258,1771,2323,2608,2700,2401,1892,1499,1289,1194,1474,2578,4192,5028,4941,4089,3296,2939,2663,2209,1858,1584,1239,940,732,695,0,0,0,0,0,0,0,0,0,0,0,0,0,0,0,0,0,0,0,0,0,0,0,0,0,0,0,0,0,0,0,0,0,0,0,0,0,0,0,0,0,0,0,0,0,0,0,0,0,0,0,0,0,0,0,0,0,0,0,0,0,0,0,0,0,0,0,0,0,0,0,0,0,0,0,0,0,0,0,0,0,0,0,0,0,0,0,0,0,0,0,0,0,0,0,0,0,0,0,0,0,0,0,0,0,0,0,0,0,0,0,0,0,0,0,0,0,0,0,0,0,0,0,0,0,0,0,0,0,0,0,0,0,0,0,0,0,0,0,0,0,0,0,0,0,0,0,0,0,0,0,0,0,0,0,0,0,0,0,0,0,0,0,0,0,0,0,0,0,0,0,0,0,0,0,0,0,0,0,0,0,0,0,0,0,0,0,0,0,0,0,0,0,0,0,0,0,0,0,0,0,0,0,0,0,0,0,0,0,61678,0.0000093949,0.0000672976
minecraft:horn_coral,0,0,0,0,0,0,0,0,0,0,0,0,0,0,0,0,0,0,0,0,0,0,0,0,0,0,0,0,0,0,0,0,0,0,0,0,0,0,0,0,0,0,0,0,0,0,0,0,0,0,0,1,0,0,0,1,2,0,3,1,0,1,2,2,2,3,2,2,4,4,2,1,3,2,2,4,2,3,8,9,7,4,10,20,19,15,26,29,29,35,40,43,59,64,79,67,86,115,246,456,777,1222,1801,2397,2599,2678,2392,1913,1474,1259,1214,1500,2480,4276,5069,4953,3993,3329,2832,2585,2281,1931,1510,1226,1015,721,700,0,0,0,0,0,0,0,0,0,0,0,0,0,0,0,0,0,0,0,0,0,0,0,0,0,0,0,0,0,0,0,0,0,0,0,0,0,0,0,0,0,0,0,0,0,0,0,0,0,0,0,0,0,0,0,0,0,0,0,0,0,0,0,0,0,0,0,0,0,0,0,0,0,0,0,0,0,0,0,0,0,0,0,0,0,0,0,0,0,0,0,0,0,0,0,0,0,0,0,0,0,0,0,0,0,0,0,0,0,0,0,0,0,0,0,0,0,0,0,0,0,0,0,0,0,0,0,0,0,0,0,0,0,0,0,0,0,0,0,0,0,0,0,0,0,0,0,0,0,0,0,0,0,0,0,0,0,0,0,0,0,0,0,0,0,0,0,0,0,0,0,0,0,0,0,0,0,0,0,0,0,0,0,0,0,0,0,0,0,0,0,0,0,0,0,0,0,0,0,0,0,0,0,0,0,0,0,0,0,61642,0.0000093894,0.0000672583
minecraft:tube_coral,0,0,0,0,0,0,0,0,0,0,0,0,0,0,0,0,0,0,0,0,0,0,0,0,0,0,0,0,0,0,0,0,0,0,0,0,0,0,0,0,0,0,0,0,0,0,0,0,0,0,0,0,0,0,0,1,2,3,1,1,1,0,2,3,3,5,4,3,3,5,4,2,4,5,3,1,5,2,5,6,10,4,12,11,18,20,36,27,35,40,37,54,81,57,64,95,83,138,256,418,723,1245,1795,2316,2625,2586,2334,1916,1431,1260,1195,1539,2475,4265,5114,5033,4170,3278,2916,2602,2230,1858,1498,1247,904,691,720,0,0,0,0,0,0,0,0,0,0,0,0,0,0,0,0,0,0,0,0,0,0,0,0,0,0,0,0,0,0,0,0,0,0,0,0,0,0,0,0,0,0,0,0,0,0,0,0,0,0,0,0,0,0,0,0,0,0,0,0,0,0,0,0,0,0,0,0,0,0,0,0,0,0,0,0,0,0,0,0,0,0,0,0,0,0,0,0,0,0,0,0,0,0,0,0,0,0,0,0,0,0,0,0,0,0,0,0,0,0,0,0,0,0,0,0,0,0,0,0,0,0,0,0,0,0,0,0,0,0,0,0,0,0,0,0,0,0,0,0,0,0,0,0,0,0,0,0,0,0,0,0,0,0,0,0,0,0,0,0,0,0,0,0,0,0,0,0,0,0,0,0,0,0,0,0,0,0,0,0,0,0,0,0,0,0,0,0,0,0,0,0,0,0,0,0,0,0,0,0,0,0,0,0,0,0,0,0,0,61536,0.0000093732,0.0000671426
minecraft:brain_coral_fan,0,0,0,0,0,0,0,0,0,0,0,0,0,0,0,0,0,0,0,0,0,0,0,0,0,0,0,0,0,0,0,0,0,0,0,0,0,0,0,0,0,0,0,0,0,0,0,0,0,0,0,0,0,0,2,2,4,2,2,0,2,2,0,1,3,2,3,2,9,2,2,1,1,2,6,2,2,6,5,1,5,5,11,17,22,25,17,26,30,47,48,52,78,56,76,83,92,156,241,468,821,1235,1753,2322,2613,2744,2353,2000,1458,1210,1154,1444,2392,4281,5016,4820,4131,3210,2966,2634,2264,1907,1551,1169,942,715,767,0,0,0,0,0,0,0,0,0,0,0,0,0,0,0,0,0,0,0,0,0,0,0,0,0,0,0,0,0,0,0,0,0,0,0,0,0,0,0,0,0,0,0,0,0,0,0,0,0,0,0,0,0,0,0,0,0,0,0,0,0,0,0,0,0,0,0,0,0,0,0,0,0,0,0,0,0,0,0,0,0,0,0,0,0,0,0,0,0,0,0,0,0,0,0,0,0,0,0,0,0,0,0,0,0,0,0,0,0,0,0,0,0,0,0,0,0,0,0,0,0,0,0,0,0,0,0,0,0,0,0,0,0,0,0,0,0,0,0,0,0,0,0,0,0,0,0,0,0,0,0,0,0,0,0,0,0,0,0,0,0,0,0,0,0,0,0,0,0,0,0,0,0,0,0,0,0,0,0,0,0,0,0,0,0,0,0,0,0,0,0,0,0,0,0,0,0,0,0,0,0,0,0,0,0,0,0,0,0,61493,0.0000093667,0.0000670957
minecraft:brain_coral,0,0,0,0,0,0,0,0,0,0,0,0,0,0,0,0,0,0,0,0,0,0,0,0,0,0,0,0,0,0,0,0,0,0,0,0,0,0,0,0,0,0,0,0,0,0,0,0,0,0,0,1,0,1,1,3,2,2,3,4,0,2,1,1,3,0,4,2,5,6,3,0,2,2,1,0,3,4,8,3,3,5,12,14,9,18,26,26,27,39,50,54,65,76,61,71,90,153,280,435,797,1224,1782,2304,2463,2637,2408,1969,1436,1199,1225,1481,2502,4262,5062,4879,4096,3329,2911,2615,2254,1782,1552,1251,982,698,696,0,0,0,0,0,0,0,0,0,0,0,0,0,0,0,0,0,0,0,0,0,0,0,0,0,0,0,0,0,0,0,0,0,0,0,0,0,0,0,0,0,0,0,0,0,0,0,0,0,0,0,0,0,0,0,0,0,0,0,0,0,0,0,0,0,0,0,0,0,0,0,0,0,0,0,0,0,0,0,0,0,0,0,0,0,0,0,0,0,0,0,0,0,0,0,0,0,0,0,0,0,0,0,0,0,0,0,0,0,0,0,0,0,0,0,0,0,0,0,0,0,0,0,0,0,0,0,0,0,0,0,0,0,0,0,0,0,0,0,0,0,0,0,0,0,0,0,0,0,0,0,0,0,0,0,0,0,0,0,0,0,0,0,0,0,0,0,0,0,0,0,0,0,0,0,0,0,0,0,0,0,0,0,0,0,0,0,0,0,0,0,0,0,0,0,0,0,0,0,0,0,0,0,0,0,0,0,0,0,61377,0.000009349,0.0000669691
minecraft:fire_coral_fan,0,0,0,0,0,0,0,0,0,0,0,0,0,0,0,0,0,0,0,0,0,0,0,0,0,0,0,0,0,0,0,0,0,0,0,0,0,0,0,0,0,0,0,0,0,0,0,0,0,0,0,0,0,0,0,2,3,3,2,2,6,3,3,2,2,3,2,3,6,3,2,6,2,4,2,2,2,8,4,4,4,8,9,15,13,21,27,26,44,36,55,67,78,72,76,90,81,134,233,455,732,1187,1742,2242,2603,2625,2381,1945,1429,1244,1154,1540,2435,4251,5109,4896,4059,3216,2991,2627,2304,1822,1508,1256,969,688,704,0,0,0,0,0,0,0,0,0,0,0,0,0,0,0,0,0,0,0,0,0,0,0,0,0,0,0,0,0,0,0,0,0,0,0,0,0,0,0,0,0,0,0,0,0,0,0,0,0,0,0,0,0,0,0,0,0,0,0,0,0,0,0,0,0,0,0,0,0,0,0,0,0,0,0,0,0,0,0,0,0,0,0,0,0,0,0,0,0,0,0,0,0,0,0,0,0,0,0,0,0,0,0,0,0,0,0,0,0,0,0,0,0,0,0,0,0,0,0,0,0,0,0,0,0,0,0,0,0,0,0,0,0,0,0,0,0,0,0,0,0,0,0,0,0,0,0,0,0,0,0,0,0,0,0,0,0,0,0,0,0,0,0,0,0,0,0,0,0,0,0,0,0,0,0,0,0,0,0,0,0,0,0,0,0,0,0,0,0,0,0,0,0,0,0,0,0,0,0,0,0,0,0,0,0,0,0,0,0,61284,0.0000093348,0.0000668677
minecraft:farmland,0,0,0,0,0,0,0,0,0,0,0,0,0,0,0,0,0,0,0,0,0,0,0,0,0,0,0,0,0,0,0,0,0,0,0,0,0,0,0,0,0,0,0,0,0,0,0,0,0,0,0,0,0,0,0,0,0,0,0,0,0,0,0,0,0,0,0,0,0,0,0,0,0,0,0,0,0,0,0,0,0,0,0,0,0,0,0,0,0,0,0,0,2,8,15,5,0,0,0,0,0,0,28,10,0,6,5,6,2,2,22,35,3,13,35,8,48,22,48,36,81,81,35,61,116,183,8756,6978,3018,2411,2744,2453,2995,2441,2854,2483,1530,1044,704,936,1012,1307,1665,942,589,449,568,628,520,545,460,371,348,315,167,305,348,351,422,417,307,306,237,132,321,246,238,216,252,131,176,178,255,202,137,303,230,140,94,60,90,70,126,18,103,25,59,29,1,58,86,133,1,0,83,6,9,10,32,53,0,27,0,0,0,0,19,0,27,0,0,0,0,27,0,0,0,0,0,0,0,0,0,0,27,0,0,0,0,0,0,0,0,0,0,0,0,0,0,0,0,0,0,0,0,0,0,0,0,0,0,0,0,0,0,0,0,0,0,0,0,0,0,0,0,0,0,0,0,0,0,0,0,0,0,0,0,0,0,0,0,0,0,0,0,0,0,0,0,0,0,0,0,0,0,0,0,0,0,0,0,0,0,0,0,0,0,0,0,0,0,0,0,0,0,0,0,0,0,0,0,0,0,0,0,0,0,0,0,0,0,0,0,0,0,0,59272,0.0000090284,0.0000646724
minecraft:vault,0,0,0,0,0,0,0,0,0,0,0,0,0,65,103,75,98,111,143,178,170,216,284,247,256,365,429,626,674,624,723,737,975,1034,1130,1288,1222,1319,1496,1673,1792,1720,1640,1651,1688,1693,1653,1729,1484,1396,1690,1585,1622,1387,1344,1292,1163,1154,972,1007,729,678,854,770,812,663,668,571,560,605,497,476,321,337,332,352,260,232,237,309,274,277,180,144,125,117,99,81,44,24,30,19,11,17,17,19,22,22,17,12,0,0,6,0,0,0,0,0,0,0,0,0,0,0,0,0,0,0,0,0,0,0,0,0,0,0,0,0,0,0,0,0,0,0,0,0,0,0,0,0,0,0,0,0,0,0,0,0,0,0,0,0,0,0,0,0,0,0,0,0,0,0,0,0,0,0,0,0,0,0,0,0,0,0,0,0,0,0,0,0,0,0,0,0,0,0,0,0,0,0,0,0,0,0,0,0,0,0,0,0,0,0,0,0,0,0,0,0,0,0,0,0,0,0,0,0,0,0,0,0,0,0,0,0,0,0,0,0,0,0,0,0,0,0,0,0,0,0,0,0,0,0,0,0,0,0,0,0,0,0,0,0,0,0,0,0,0,0,0,0,0,0,0,0,0,0,0,0,0,0,0,0,0,0,0,0,0,0,0,0,0,0,0,0,0,0,0,0,0,0,0,0,0,0,0,0,0,0,0,0,0,0,0,0,0,0,0,0,0,0,0,0,0,0,0,0,0,0,0,0,0,0,0,0,0,0,0,0,0,0,0,0,0,0,0,0,57743,0.0000087955,0.000063004
minecraft:bricks,0,0,0,0,0,0,0,0,0,0,0,0,0,0,0,0,0,0,0,0,0,0,0,0,0,0,0,0,0,0,0,0,0,0,0,0,0,0,0,0,0,0,0,0,0,0,0,0,0,0,0,0,0,0,0,0,0,0,0,0,0,0,0,0,0,0,0,19,0,0,0,0,0,0,0,0,0,0,10,7,0,0,8,0,0,10,14,0,0,0,0,0,8,5,0,10,7,35,44,59,42,80,85,105,137,167,389,518,973,913,1630,3646,4309,3281,2426,2585,2955,3010,2812,2510,2279,1715,1173,871,1178,1220,1149,954,980,778,532,352,413,250,295,410,333,450,556,630,427,419,443,481,512,221,491,395,230,238,200,410,431,293,249,216,194,544,371,183,106,22,36,66,5,146,108,37,8,2,3,57,39,4,4,91,74,26,18,5,6,20,3,2,1,4,0,0,0,0,0,0,0,0,0,0,0,0,0,0,0,0,0,0,0,0,0,0,0,0,0,0,0,0,0,0,0,0,0,0,0,0,0,0,0,0,0,0,0,0,0,0,0,0,0,0,0,0,0,0,0,0,0,0,0,0,0,0,0,0,0,0,0,0,0,0,0,0,0,0,0,0,0,0,0,0,0,0,0,0,0,0,0,0,0,0,0,0,0,0,0,0,0,0,0,0,0,0,0,0,0,0,0,0,0,0,0,0,0,0,0,0,0,0,0,0,0,0,0,0,0,0,0,0,0,0,0,0,0,0,0,0,0,0,0,0,0,0,0,0,0,0,0,0,0,0,57168,0.0000087079,0.0000623767
minecraft:firefly_bush,0,0,0,0,0,0,0,0,0,0,0,0,0,0,0,0,0,0,0,0,0,0,0,0,0,0,0,0,0,0,0,0,0,0,0,0,0,0,0,0,0,0,0,0,0,0,0,0,0,0,0,0,0,0,0,0,0,0,0,0,0,0,0,0,0,0,0,0,0,0,0,0,0,0,0,0,0,0,0,0,0,0,0,0,0,0,0,0,0,0,0,0,0,0,0,0,0,0,0,0,0,0,0,0,0,0,0,0,0,0,0,0,0,0,0,1,2,6,2,2,25,36,11,15,25,63,171,38746,11346,2552,1091,605,465,299,338,253,206,137,66,46,45,24,17,20,20,11,16,4,20,6,9,6,4,9,12,9,5,2,1,7,2,0,0,0,0,2,0,1,1,4,0,2,6,1,2,6,1,1,0,3,1,0,1,0,0,0,0,0,0,0,0,0,0,3,4,1,0,0,0,0,0,0,0,0,0,0,0,0,0,0,0,0,0,0,0,0,0,0,0,0,0,0,0,0,0,0,0,0,0,0,0,0,0,0,0,0,0,0,0,0,0,0,0,0,0,0,0,0,0,0,0,0,0,0,0,0,0,0,0,0,0,0,0,0,0,0,0,0,0,0,0,0,0,0,0,0,0,0,0,0,0,0,0,0,0,0,0,0,0,0,0,0,0,0,0,0,0,0,0,0,0,0,0,0,0,0,0,0,0,0,0,0,0,0,0,0,0,0,0,0,0,0,0,0,0,0,0,0,0,0,0,0,0,0,0,0,56798,0.0000086515,0.0000619729
minecraft:oak_button,0,0,0,0,0,0,0,0,0,0,0,0,0,59,63,64,107,92,153,155,139,181,237,357,334,370,316,588,632,528,789,756,930,1101,1124,1495,1321,1445,1492,1783,1529,1511,1552,1487,1523,1421,1443,1750,1388,1331,1479,1301,1506,1351,1108,1046,938,989,851,821,718,639,838,701,792,718,637,589,516,686,505,494,290,297,330,338,299,245,210,260,283,241,162,117,160,142,73,77,84,17,49,29,23,44,13,28,19,21,24,0,0,0,6,0,0,0,0,0,0,0,0,0,0,0,0,0,0,0,0,0,0,0,0,0,0,0,0,0,0,0,0,0,0,0,0,0,0,0,0,0,0,0,0,0,0,0,0,0,0,0,0,0,0,0,0,0,0,0,0,0,0,0,0,0,0,0,0,0,0,0,0,0,0,0,0,0,0,0,0,0,0,0,0,0,0,0,0,0,0,0,0,0,0,0,0,0,0,0,0,0,0,0,0,0,0,0,0,0,0,0,0,0,0,0,0,0,0,0,0,0,0,0,0,0,0,0,0,0,0,0,0,0,0,0,0,0,0,0,0,0,0,0,0,0,0,0,0,0,0,0,0,0,0,0,0,0,0,0,0,0,0,0,0,0,0,0,0,0,0,0,0,0,0,0,0,0,0,0,0,0,0,0,0,0,0,0,0,0,0,0,0,0,0,0,0,0,0,0,0,0,0,0,0,0,0,0,0,0,0,0,0,0,0,0,0,0,0,0,0,0,0,0,0,0,0,0,0,0,0,0,0,0,0,0,0,0,54650,0.0000083243,0.0000596292
minecraft:dispenser,0,0,0,0,0,0,0,0,0,0,0,0,59,63,70,97,93,147,164,146,187,255,387,383,413,377,679,701,621,832,785,984,1141,1130,1474,1331,1460,1513,1788,1583,1531,1530,1478,1553,1364,1394,1683,1345,1229,1393,1229,1460,1271,1049,984,935,987,828,802,690,626,816,724,812,702,606,537,523,665,485,478,283,293,319,325,294,225,202,254,278,220,148,120,139,134,69,82,87,17,48,29,23,44,13,28,19,21,24,0,0,0,6,0,0,0,0,0,0,0,0,0,0,0,0,0,0,0,0,0,0,0,0,0,0,0,0,2,4,8,4,2,14,10,6,2,4,2,2,0,0,2,2,2,2,0,0,2,0,0,0,2,0,0,0,0,2,0,0,0,0,0,2,2,2,0,0,2,0,0,2,0,0,0,0,4,2,0,0,0,0,0,0,0,0,0,0,0,0,0,0,0,0,0,0,0,0,0,0,0,0,0,0,0,0,0,0,0,0,0,0,0,0,0,0,0,0,0,0,0,0,0,0,0,0,0,0,0,0,0,0,0,0,0,0,0,0,0,0,0,0,0,0,0,0,0,0,0,0,0,0,0,0,0,0,0,0,0,0,0,0,0,0,0,0,0,0,0,0,0,0,0,0,0,0,0,0,0,0,0,0,0,0,0,0,0,0,0,0,0,0,0,0,0,0,0,0,0,0,0,0,0,0,0,0,0,0,0,0,0,0,0,0,0,0,0,0,0,0,0,0,0,0,0,0,0,0,0,0,0,0,0,0,0,0,0,0,54406,0.0000082872,0.000059363
minecraft:lily_of_the_valley,0,0,0,0,0,0,0,0,0,0,0,0,0,0,0,0,0,0,0,0,0,0,0,0,0,0,0,0,0,0,0,0,0,0,0,0,0,0,0,0,0,0,0,0,0,0,0,0,0,0,0,0,0,0,0,0,0,0,0,0,0,0,0,0,0,0,0,0,0,0,0,0,0,0,0,0,0,0,0,0,0,0,0,0,0,0,0,0,0,0,0,0,0,0,0,0,0,0,0,0,0,0,0,1,0,0,0,0,0,0,0,0,0,0,0,2,0,2,10,10,4,18,15,10,31,63,172,3884,6178,2758,3040,3239,3202,3241,3307,3146,2830,1224,924,845,831,743,849,981,829,290,327,315,306,392,493,475,415,161,178,255,253,285,379,384,535,181,196,154,201,230,254,275,349,150,128,116,131,171,247,283,180,86,110,101,111,139,172,300,181,82,39,48,46,69,86,65,46,20,36,20,50,54,38,32,24,4,8,4,2,0,4,18,16,4,4,4,6,12,13,6,5,1,0,0,0,0,0,0,0,0,0,0,0,0,0,0,1,1,1,1,1,0,0,0,0,0,0,0,0,0,0,0,0,0,0,0,0,0,0,0,0,0,0,0,0,0,0,0,0,0,0,0,0,0,0,0,0,0,0,0,0,0,0,0,0,0,0,0,0,0,0,0,0,0,0,0,0,0,0,0,0,0,0,0,0,0,0,0,0,0,0,0,0,0,0,0,0,0,0,0,0,0,0,0,0,0,0,0,0,0,0,0,0,0,0,0,0,0,0,0,53149,0.0000080957,0.0000579915
minecraft:deepslate_tile_slab,0,0,0,0,0,0,0,0,0,0,0,0,0,34907,285,1197,85,906,0,418,620,0,0,0,0,0,5227,2747,4657,0,0,0,0,0,0,0,0,0,0,0,0,0,0,0,0,0,0,0,0,0,0,0,0,0,0,0,0,0,0,0,0,0,0,0,0,0,0,0,0,0,0,0,0,0,0,0,0,0,0,0,0,0,0,0,0,0,0,0,0,0,0,0,0,0,0,0,0,0,0,0,0,0,0,0,0,0,0,0,0,0,0,0,0,0,0,0,0,0,0,0,0,0,0,0,0,0,0,0,0,0,0,0,0,0,0,0,0,0,0,0,0,0,0,0,0,0,0,0,0,0,0,0,0,0,0,0,0,0,0,0,0,0,0,0,0,0,0,0,0,0,0,0,0,0,0,0,0,0,0,0,0,0,0,0,0,0,0,0,0,0,0,0,0,0,0,0,0,0,0,0,0,0,0,0,0,0,0,0,0,0,0,0,0,0,0,0,0,0,0,0,0,0,0,0,0,0,0,0,0,0,0,0,0,0,0,0,0,0,0,0,0,0,0,0,0,0,0,0,0,0,0,0,0,0,0,0,0,0,0,0,0,0,0,0,0,0,0,0,0,0,0,0,0,0,0,0,0,0,0,0,0,0,0,0,0,0,0,0,0,0,0,0,0,0,0,0,0,0,0,0,0,0,0,0,0,0,0,0,0,0,0,0,0,0,0,0,0,0,0,0,0,0,0,0,0,0,0,0,0,0,0,0,0,0,0,0,51049,0.0000077758,0.0000557001
minecraft:acacia_stairs,0,0,0,0,0,0,0,0,0,0,0,0,0,0,0,0,0,0,0,0,0,0,0,0,0,0,0,0,0,0,0,0,0,0,0,0,0,0,0,0,0,0,0,0,0,0,0,0,0,0,0,0,0,0,0,0,0,0,0,0,0,0,0,0,0,0,0,0,0,0,0,0,0,0,0,0,0,0,0,0,0,0,0,0,0,0,0,0,0,0,0,0,0,0,0,0,0,0,0,0,0,0,0,0,0,0,0,0,0,0,0,0,0,3,3,0,0,21,5,30,20,62,68,69,46,0,26,597,246,92,5967,6318,4377,2436,2445,2246,2295,2169,1943,1620,1224,1098,832,955,731,786,853,856,571,560,493,371,371,346,507,457,380,349,324,286,270,225,450,444,301,281,290,163,205,229,245,276,218,163,73,37,13,102,119,127,123,154,82,20,0,32,30,8,0,0,0,0,0,0,0,0,0,0,0,1,0,5,0,20,54,24,24,0,0,0,0,0,0,0,0,0,0,0,0,0,0,0,0,0,0,0,0,0,0,0,0,0,0,0,0,0,0,0,0,0,0,0,0,0,0,0,0,0,0,0,0,0,0,0,0,0,0,0,0,0,0,0,0,0,0,0,0,0,0,0,0,0,0,0,0,0,0,0,0,0,0,0,0,0,0,0,0,0,0,0,0,0,0,0,0,0,0,0,0,0,0,0,0,0,0,0,0,0,0,0,0,0,0,0,0,0,0,0,0,0,0,0,0,0,0,0,0,0,0,0,0,0,0,0,0,0,50262,0.000007656,0.0000548414
minecraft:allium,0,0,0,0,0,0,0,0,0,0,0,0,0,0,0,0,0,0,0,0,0,0,0,0,0,0,0,0,0,0,0,0,0,0,0,0,0,0,0,0,0,0,0,0,0,0,0,0,0,0,0,0,0,0,0,0,0,0,0,0,0,0,0,0,0,0,0,0,0,0,0,0,0,0,0,0,0,0,0,0,0,0,0,0,0,0,0,0,0,0,1,2,0,0,0,0,0,0,0,0,0,0,0,0,0,0,0,0,0,0,0,0,0,0,0,1,5,5,15,20,20,30,13,12,12,11,18,1279,1861,832,974,1215,1176,1455,1486,1694,1048,617,503,361,422,262,382,425,460,167,183,181,221,337,560,861,828,325,316,382,530,752,1034,891,833,345,327,414,436,726,817,1310,973,476,580,688,831,1200,1314,1083,1196,575,581,557,657,666,738,915,1010,301,365,424,422,482,723,938,581,159,178,263,211,254,229,92,111,96,56,40,62,55,44,17,30,29,44,30,35,8,12,5,0,0,0,0,0,0,0,0,0,0,0,0,0,0,0,0,0,0,0,0,0,0,0,0,0,0,0,0,0,0,0,0,0,0,0,0,0,0,0,0,0,0,0,0,0,0,0,0,0,0,0,0,0,0,0,0,0,0,0,0,0,0,0,0,0,0,0,0,0,0,0,0,0,0,0,0,0,0,0,0,0,0,0,0,0,0,0,0,0,0,0,0,0,0,0,0,0,0,0,0,0,0,0,0,0,0,0,0,0,0,0,0,0,0,0,0,0,0,0,0,49729,0.0000075748,0.0000542599
minecraft:infested_stone_bricks,0,0,5,4,9,8,30,33,43,131,100,92,131,140,118,109,177,108,211,170,173,233,307,278,249,266,193,229,240,335,271,381,253,366,287,432,287,387,265,372,308,396,259,318,274,349,299,708,356,463,346,609,425,569,385,443,336,440,433,592,574,522,565,748,618,483,628,690,677,714,682,744,839,563,611,545,406,649,612,589,705,783,564,751,771,733,853,846,851,618,820,658,778,742,814,541,879,616,693,647,658,478,550,531,497,558,534,375,389,445,286,175,110,44,50,24,16,5,3,2,0,4,3,3,5,2,7,3,5,4,3,1,0,0,0,0,0,0,0,0,2,2,2,7,4,5,4,7,1,4,2,2,0,0,0,0,0,0,0,0,0,0,0,2,0,2,1,1,0,0,0,4,0,4,2,2,0,0,0,2,0,2,1,1,0,0,0,0,0,0,0,0,0,0,0,0,0,0,0,0,0,0,0,0,0,0,0,0,0,2,0,2,1,1,0,0,0,0,0,0,0,0,0,0,0,0,0,0,0,0,0,0,0,0,0,0,0,0,0,0,0,0,0,0,0,0,0,0,0,0,0,0,0,0,0,0,0,0,0,0,0,0,0,0,0,0,0,0,0,0,0,0,0,0,0,0,0,0,0,0,0,0,0,0,0,0,0,0,0,0,0,0,0,0,0,0,0,0,0,0,0,0,0,0,0,0,0,0,0,0,0,0,0,0,0,0,0,0,0,0,0,0,0,0,0,0,0,0,0,0,0,0,0,0,0,0,48695,0.0000074173,0.0000531317
minecraft:suspicious_gravel,0,0,0,0,0,0,0,0,0,0,0,0,0,0,0,0,0,0,0,0,0,0,0,0,0,0,0,0,0,0,0,0,0,0,0,0,0,0,0,0,0,0,0,0,0,0,0,0,0,0,0,0,0,0,0,0,0,3,0,0,0,0,14,2,9,12,15,21,8,8,8,14,6,14,21,11,6,11,17,65,15,16,31,32,55,73,92,78,58,68,70,56,102,113,125,171,308,401,394,695,794,998,1093,1056,988,560,575,545,573,684,1578,3105,4415,2832,2280,2411,2120,1919,1704,1614,1451,1263,1030,774,598,490,450,484,437,373,298,289,247,239,169,133,170,149,214,245,244,238,167,166,142,145,174,140,127,99,108,142,131,165,142,162,162,138,120,119,123,101,59,28,15,29,24,29,32,15,12,5,4,17,16,8,5,8,10,11,10,4,0,0,2,0,1,0,2,0,0,0,0,0,0,0,0,0,0,0,0,0,0,0,0,0,0,0,0,0,0,0,0,0,0,0,0,0,0,0,0,0,0,0,0,0,0,0,0,0,0,0,0,0,0,0,0,0,0,0,0,0,0,0,0,0,0,0,0,0,0,0,0,0,0,0,0,0,0,0,0,0,0,0,0,0,0,0,0,0,0,0,0,0,0,0,0,0,0,0,0,0,0,0,0,0,0,0,0,0,0,0,0,0,0,0,0,0,0,0,0,0,0,0,0,0,0,0,0,0,0,0,0,0,0,0,0,0,0,0,0,0,0,0,0,0,0,0,0,0,0,0,0,0,0,0,48166,0.0000073367,0.0000525545
minecraft:pink_tulip,0,0,0,0,0,0,0,0,0,0,0,0,0,0,0,0,0,0,0,0,0,0,0,0,0,0,0,0,0,0,0,0,0,0,0,0,0,0,0,0,0,0,0,0,0,0,0,0,0,0,0,0,0,0,0,0,0,0,0,0,0,0,0,0,0,0,0,0,0,0,0,0,0,0,0,0,0,0,0,0,0,0,0,0,0,0,0,0,0,0,0,0,0,0,0,0,0,0,0,0,0,0,0,0,0,0,0,0,0,1,0,0,0,0,0,2,0,0,3,3,12,17,19,15,11,30,95,3732,5461,2659,2751,2787,2818,2978,3367,3478,2985,1242,965,750,702,603,576,730,752,354,273,246,335,335,306,312,371,198,158,238,205,215,273,293,316,135,129,139,146,247,268,305,276,75,54,84,85,152,156,190,108,89,66,70,65,42,30,23,52,45,23,11,5,5,0,1,2,7,1,1,0,0,0,2,6,5,2,0,1,0,0,0,13,1,0,0,0,0,0,0,0,0,0,0,0,0,0,0,0,0,0,0,0,0,0,0,0,0,0,0,0,0,0,0,0,0,0,0,1,1,3,1,0,0,0,0,0,0,0,0,0,0,0,0,0,0,0,0,0,0,0,0,0,0,0,0,0,0,0,0,0,0,0,0,0,0,0,0,0,0,0,0,0,0,0,0,0,0,0,0,0,0,0,0,0,0,0,0,0,0,0,0,0,0,0,0,0,0,0,0,0,0,0,0,0,0,0,0,0,0,0,0,0,0,0,0,0,0,0,0,47095,0.0000071736,0.0000513859
minecraft:acacia_planks,0,0,0,0,0,0,0,0,0,0,0,0,0,0,0,0,0,0,0,0,0,0,0,0,0,0,0,0,0,0,0,0,0,0,0,0,0,0,0,0,0,0,0,0,0,0,0,0,0,0,0,0,0,0,0,0,0,0,0,0,0,0,0,0,0,0,0,0,0,0,0,0,0,0,0,0,0,0,0,0,0,0,0,0,0,0,0,0,0,0,0,0,0,0,0,0,0,0,0,0,0,0,0,0,0,0,0,0,0,0,0,0,0,3,1,0,0,13,11,26,25,47,43,37,43,4,8567,659,391,319,5420,4339,2787,1818,1858,1675,1739,1596,1422,1212,865,871,709,679,500,555,583,639,371,414,359,264,329,254,410,338,235,282,235,247,221,153,382,331,224,215,223,97,160,136,181,200,137,145,60,31,38,94,91,110,91,119,62,15,0,43,15,1,0,0,0,0,0,0,0,0,0,2,0,0,17,0,0,16,45,10,16,0,0,0,0,0,0,0,0,0,0,0,0,0,0,0,0,0,0,0,0,0,0,0,0,0,0,0,0,0,0,0,0,0,0,0,0,0,0,0,0,0,0,0,0,0,0,0,0,0,0,0,0,0,0,0,0,0,0,0,0,0,0,0,0,0,0,0,0,0,0,0,0,0,0,0,0,0,0,0,0,0,0,0,0,0,0,0,0,0,0,0,0,0,0,0,0,0,0,0,0,0,0,0,0,0,0,0,0,0,0,0,0,0,0,0,0,0,0,0,0,0,0,0,0,0,0,0,0,0,46875,0.00000714,0.0000511458
minecraft:flowering_azalea_leaves,0,0,0,0,0,0,0,0,0,0,0,0,0,0,0,0,0,0,0,0,0,0,0,0,0,0,0,0,0,0,0,0,0,0,0,1,5,8,6,5,4,5,5,5,9,10,13,23,20,16,10,7,5,7,26,34,29,24,16,20,13,21,14,10,8,7,13,24,23,19,11,11,16,15,8,10,12,12,17,16,9,4,8,12,13,15,22,19,27,46,33,27,15,14,9,18,8,6,9,12,7,5,3,9,10,12,5,4,3,5,4,0,3,4,8,4,13,9,11,11,10,5,5,4,3,15,25,180,584,1290,2282,3152,3312,3323,2878,2489,2256,2212,2155,1874,1521,1190,860,713,563,555,523,491,387,341,324,283,277,279,328,362,357,403,329,290,254,295,325,288,263,220,217,134,152,142,209,229,172,159,143,128,130,157,146,129,117,99,91,70,82,81,101,95,75,46,29,34,27,17,13,20,6,11,7,8,8,9,8,4,0,0,1,8,19,16,13,12,6,8,6,10,8,15,19,19,16,9,2,8,14,5,7,3,0,0,0,0,0,0,1,1,3,3,0,0,0,0,0,0,0,0,0,0,0,0,0,2,2,8,8,15,11,7,2,3,0,0,0,0,0,0,0,0,0,0,0,0,0,0,0,0,0,0,0,0,0,0,0,0,0,0,0,0,0,0,0,0,0,0,0,0,0,0,0,0,0,0,0,0,0,0,0,0,0,0,0,0,0,0,0,0,0,0,0,0,0,0,0,0,0,0,0,0,0,0,0,0,0,0,0,0,44719,0.0000068116,0.0000487934
minecraft:sculk_catalyst,0,0,0,0,0,1,2,9,6,159,1033,1126,2092,3787,2454,2093,1553,1555,1280,1716,1374,1273,1341,1292,1226,682,734,814,741,738,779,731,815,492,504,533,518,499,442,531,511,343,338,308,344,296,341,338,321,202,197,241,196,191,188,214,232,133,135,170,176,165,142,187,192,101,120,140,96,108,117,108,102,75,79,82,72,78,89,64,78,48,51,56,48,55,56,49,44,33,41,40,24,22,31,35,21,9,20,18,10,19,17,19,15,12,11,8,4,8,12,5,3,3,8,8,5,4,8,6,4,2,6,1,2,0,4,2,2,2,1,1,2,2,2,2,2,0,1,2,0,2,1,2,1,2,2,2,2,2,1,0,0,0,0,0,2,0,1,0,0,0,1,1,0,0,0,0,0,0,0,0,0,0,0,0,0,0,0,0,0,0,1,0,0,0,0,0,0,0,0,0,0,0,0,0,0,0,0,0,0,0,0,0,0,0,0,0,0,0,0,0,0,0,0,0,0,0,0,0,0,0,0,0,0,0,0,0,0,0,0,0,0,0,0,0,0,0,0,0,0,0,0,0,0,0,0,0,0,0,0,0,0,0,0,0,0,0,0,0,0,0,0,0,0,0,0,0,0,0,0,0,0,0,0,0,0,0,0,0,0,0,0,0,0,0,0,0,0,0,0,0,0,0,0,0,0,0,0,0,0,0,0,0,0,0,0,0,0,0,0,0,0,0,0,0,0,0,0,0,0,0,0,0,0,0,0,0,0,0,0,0,0,0,0,0,43484,0.0000066235,0.0000474459
minecraft:sweet_berry_bush,0,0,0,0,0,0,0,0,0,0,0,0,0,0,0,0,0,0,0,0,0,0,0,0,0,0,0,0,0,0,0,0,0,0,0,0,0,0,0,0,0,0,0,0,0,0,0,0,0,0,0,0,0,0,0,0,0,0,0,0,0,0,0,0,0,0,0,0,0,0,0,0,0,0,0,0,0,0,0,0,0,0,0,0,0,0,0,0,0,0,0,0,0,0,0,0,0,0,0,0,0,0,0,0,0,0,0,0,0,0,0,0,0,0,0,0,0,3,5,8,9,29,39,30,39,82,210,3245,5193,2198,2520,2576,2731,2865,2496,2624,2146,877,789,657,577,624,669,633,656,218,231,270,221,301,310,324,385,161,200,210,268,315,282,330,330,119,112,130,131,218,238,294,240,174,166,167,145,198,204,227,289,106,105,87,104,97,95,127,114,42,72,73,49,23,41,43,46,12,11,12,14,12,15,15,6,8,20,13,12,7,3,2,12,5,2,2,3,4,6,6,1,0,0,0,0,0,0,0,0,0,0,0,0,0,0,0,0,0,0,0,0,0,0,0,0,0,0,0,0,0,0,0,0,0,0,0,0,0,0,0,0,0,0,0,0,0,0,0,0,0,0,0,0,0,0,0,0,0,0,0,0,0,0,0,0,0,0,0,0,0,0,0,0,0,0,0,0,0,0,0,0,0,0,0,0,0,0,0,0,0,0,0,0,0,0,0,0,0,0,0,0,0,0,0,0,0,0,0,0,0,0,0,0,0,0,0,0,0,0,0,43365,0.0000066054,0.000047316
minecraft:deepslate_brick_stairs,0,0,0,0,0,0,0,0,0,0,0,0,0,1772,21445,1446,4949,2713,1688,4425,2701,1460,500,0,0,0,0,0,0,0,0,0,0,0,0,0,0,0,0,0,0,0,38,0,0,0,0,0,0,0,0,0,0,0,0,0,0,0,0,0,0,0,0,0,0,0,0,0,0,0,0,0,0,0,0,0,0,0,0,0,0,0,0,0,0,0,0,0,0,0,0,0,0,0,0,0,0,0,0,0,0,0,0,0,0,0,0,0,0,0,0,0,0,0,0,0,0,0,0,0,0,0,0,0,0,0,0,0,0,0,0,0,0,0,0,0,0,0,0,0,0,0,0,0,0,0,0,0,0,0,0,0,0,0,0,0,0,0,0,0,0,0,0,0,0,0,0,0,0,0,0,0,0,0,0,0,0,0,0,0,0,0,0,0,0,0,0,0,0,0,0,0,0,0,0,0,0,0,0,0,0,0,0,0,0,0,0,0,0,0,0,0,0,0,0,0,0,0,0,0,0,0,0,0,0,0,0,0,0,0,0,0,0,0,0,0,0,0,0,0,0,0,0,0,0,0,0,0,0,0,0,0,0,0,0,0,0,0,0,0,0,0,0,0,0,0,0,0,0,0,0,0,0,0,0,0,0,0,0,0,0,0,0,0,0,0,0,0,0,0,0,0,0,0,0,0,0,0,0,0,0,0,0,0,0,0,0,0,0,0,0,0,0,0,0,0,0,0,0,0,0,0,0,0,0,0,0,0,0,0,0,0,0,0,0,0,43137,0.0000065707,0.0000470673
minecraft:wheat,0,0,0,0,0,0,0,0,0,0,0,0,0,0,0,0,0,0,0,0,0,0,0,0,0,0,0,0,0,0,0,0,0,0,0,0,0,0,0,0,0,0,0,0,0,0,0,0,0,0,0,0,0,0,0,0,0,0,0,0,0,0,0,0,0,0,0,0,0,0,0,0,0,0,0,0,0,0,0,0,0,0,0,0,0,0,0,0,0,0,0,0,0,2,7,9,5,0,0,0,0,0,0,12,8,0,5,3,5,1,0,16,24,2,10,15,8,36,15,50,37,61,58,28,62,86,168,7021,4291,2095,1660,1955,1727,2046,1695,1939,1704,974,760,553,752,720,877,1183,727,458,357,424,462,389,397,326,258,255,219,141,248,284,263,297,314,221,252,185,106,248,180,163,129,158,91,122,108,168,173,93,228,126,81,60,36,47,51,51,11,30,9,20,13,1,31,27,70,1,0,42,5,7,13,22,39,0,10,0,0,0,0,3,0,11,0,0,0,0,16,0,0,0,0,0,0,0,0,0,0,22,0,0,0,0,0,0,0,0,0,0,0,0,0,0,0,0,0,0,0,0,0,0,0,0,0,0,0,0,0,0,0,0,0,0,0,0,0,0,0,0,0,0,0,0,0,0,0,0,0,0,0,0,0,0,0,0,0,0,0,0,0,0,0,0,0,0,0,0,0,0,0,0,0,0,0,0,0,0,0,0,0,0,0,0,0,0,0,0,0,0,0,0,0,0,0,0,0,0,0,0,0,0,0,0,0,0,0,0,0,0,41984,0.000006395,0.0000458092
minecraft:barrel,0,0,0,0,0,0,0,0,0,0,0,26,34,35,27,45,77,83,91,69,122,143,136,176,155,304,465,455,680,766,854,984,1037,1391,1312,1284,1296,1478,1443,1380,1402,1415,1459,1367,1458,1570,1435,1216,1291,1072,1090,1033,798,794,520,497,492,509,371,334,395,386,425,324,293,227,214,238,183,147,94,66,73,61,56,36,52,64,54,54,34,43,29,25,30,13,13,6,2,3,2,3,0,0,0,1,0,0,0,0,1,0,0,0,0,0,0,0,0,0,0,0,0,0,0,0,0,0,0,0,0,0,0,0,0,0,0,4,6,8,7,13,6,1,8,7,8,4,3,1,6,7,2,6,4,1,0,0,0,0,0,0,0,0,0,2,1,0,4,4,0,2,3,0,0,0,0,0,0,2,0,0,2,0,0,0,0,0,2,1,0,0,0,0,0,0,0,0,0,0,0,0,0,0,0,0,0,0,0,0,0,0,0,0,0,0,0,0,0,0,0,0,0,0,0,0,0,0,0,0,0,0,0,0,0,0,0,0,0,0,0,0,0,0,0,0,0,0,0,0,0,0,0,0,0,0,0,0,0,0,0,0,0,0,0,0,0,0,0,0,0,0,0,0,0,0,0,0,0,0,0,0,0,0,0,0,0,0,0,0,0,0,0,0,0,0,0,0,0,0,0,0,0,0,0,0,0,0,0,0,0,0,0,0,0,0,0,0,0,0,0,0,0,0,0,0,0,0,0,0,0,0,0,0,0,0,0,0,0,0,0,0,0,0,0,0,40243,0.0000061299,0.0000439096
minecraft:trial_spawner,0,0,0,0,0,0,0,0,0,0,0,0,4,2,9,8,10,51,70,94,76,106,135,122,114,110,302,355,365,451,457,595,640,922,1109,954,1064,1142,1226,1155,1187,1263,1195,1251,1242,1213,1317,1078,1042,1042,1072,1325,1003,984,724,687,738,588,607,464,559,543,467,507,454,462,441,452,533,423,427,233,265,266,229,226,172,169,213,168,167,83,103,92,98,93,66,71,36,44,18,17,31,14,25,20,10,24,0,0,0,1,0,3,0,0,0,0,0,0,0,0,0,0,0,0,0,0,0,0,0,0,0,0,0,0,0,0,0,0,0,0,0,0,0,0,0,0,0,0,0,0,0,0,0,0,0,0,0,0,0,0,0,0,0,0,0,0,0,0,0,0,0,0,0,0,0,0,0,0,0,0,0,0,0,0,0,0,0,0,0,0,0,0,0,0,0,0,0,0,0,0,0,0,0,0,0,0,0,0,0,0,0,0,0,0,0,0,0,0,0,0,0,0,0,0,0,0,0,0,0,0,0,0,0,0,0,0,0,0,0,0,0,0,0,0,0,0,0,0,0,0,0,0,0,0,0,0,0,0,0,0,0,0,0,0,0,0,0,0,0,0,0,0,0,0,0,0,0,0,0,0,0,0,0,0,0,0,0,0,0,0,0,0,0,0,0,0,0,0,0,0,0,0,0,0,0,0,0,0,0,0,0,0,0,0,0,0,0,0,0,0,0,0,0,0,0,0,0,0,0,0,0,0,0,0,0,0,0,0,0,0,0,0,0,0,39895,0.0000060768,0.0000435299
minecraft:candle,0,0,0,0,0,0,0,0,0,0,0,0,0,0,1,0,2840,0,1265,0,1,3805,769,990,0,0,241,295,655,757,690,797,795,1196,1205,1094,1136,1169,1295,1132,1163,1189,1218,1203,1301,1211,1488,997,1088,609,653,836,625,674,271,228,233,205,245,211,260,261,258,241,134,177,99,114,122,85,67,2,0,0,0,0,0,0,0,0,0,0,0,0,0,0,0,0,0,0,0,0,0,0,0,0,0,0,0,0,0,0,0,0,0,0,0,0,0,0,0,0,0,0,0,0,0,0,0,0,0,0,0,0,0,0,0,0,0,0,0,0,0,0,0,0,0,0,0,0,0,0,0,0,0,0,0,0,0,0,0,0,0,0,0,0,0,0,0,0,0,0,0,0,0,0,0,0,0,0,0,0,0,0,0,0,0,0,0,0,0,0,0,0,0,0,0,0,0,0,0,0,0,0,0,0,0,0,0,0,0,0,0,0,0,0,0,0,0,0,0,0,0,0,0,0,0,0,0,0,0,0,0,0,0,0,0,0,0,0,0,0,0,0,0,0,0,0,0,0,0,0,0,0,0,0,0,0,0,0,0,0,0,0,0,0,0,0,0,0,0,0,0,0,0,0,0,0,0,0,0,0,0,0,0,0,0,0,0,0,0,0,0,0,0,0,0,0,0,0,0,0,0,0,0,0,0,0,0,0,0,0,0,0,0,0,0,0,0,0,0,0,0,0,0,0,0,0,0,0,0,0,0,0,0,0,0,0,0,0,0,0,0,0,0,0,39596,0.0000060313,0.0000432036
minecraft:glass_pane,0,0,0,0,0,0,0,0,0,0,0,0,0,0,0,0,6443,6599,1981,0,0,0,0,0,0,0,0,0,0,0,0,0,0,0,0,0,0,0,0,0,0,0,0,0,0,0,0,0,0,0,0,0,0,0,0,0,0,0,0,0,0,0,0,0,0,0,0,0,0,0,0,0,0,0,0,0,0,0,0,0,0,0,0,0,0,0,0,0,0,0,0,0,0,0,0,0,0,0,0,0,0,0,0,0,0,0,0,0,0,0,0,1,1,3,0,6,2,2,4,16,3,2,7,4,6,7,0,15,1446,2594,1073,773,897,881,794,865,1040,1262,976,722,543,535,382,531,481,438,372,461,519,376,378,255,309,275,337,243,196,231,160,186,107,121,81,79,81,45,79,75,94,104,87,66,46,40,59,50,56,81,80,47,28,43,54,42,45,46,29,17,16,14,8,8,22,19,13,9,23,11,10,102,96,103,110,0,0,0,0,3,6,3,75,72,73,78,3,3,0,3,0,0,0,0,0,0,0,1,0,0,0,0,0,0,0,0,0,0,0,0,0,0,0,0,0,0,0,0,0,0,0,0,0,0,0,0,0,0,0,0,0,0,0,0,0,0,0,0,0,0,0,0,0,0,0,0,0,0,0,0,0,0,0,0,0,0,0,0,0,0,0,0,0,0,0,0,0,0,0,0,0,0,0,0,0,0,0,0,0,0,0,0,0,0,0,0,0,0,0,0,0,0,0,0,0,0,0,0,0,0,0,0,0,0,0,0,0,0,38299,0.0000058337,0.0000417885
minecraft:pumpkin,0,0,0,0,0,0,0,0,0,0,0,0,0,0,0,0,0,0,0,0,0,0,0,0,0,0,0,0,0,0,0,0,0,0,0,0,0,0,0,0,0,0,0,0,0,0,0,0,0,0,0,0,0,0,0,0,0,0,0,0,0,0,0,0,0,0,0,0,0,0,0,0,0,0,0,0,0,0,0,0,0,0,0,0,0,0,0,0,0,0,0,0,0,0,0,0,0,0,0,0,0,0,0,0,0,0,0,0,0,0,0,0,0,0,1,1,1,4,5,2,6,8,11,24,40,49,148,3212,4567,2097,1916,1923,2070,2230,2019,2205,1825,778,573,487,526,534,500,711,611,325,251,194,174,215,222,254,359,167,183,140,196,226,260,257,229,111,80,119,101,115,164,179,140,125,101,110,130,170,141,155,177,73,60,86,87,90,119,110,112,47,54,65,45,25,15,29,47,23,22,15,10,6,37,9,6,4,7,8,3,3,4,17,7,1,0,1,1,0,0,0,4,1,7,5,7,2,1,0,0,0,0,0,0,0,0,0,0,0,0,0,0,0,0,0,0,0,0,0,0,0,0,0,0,0,0,0,0,0,0,0,0,0,0,0,0,0,0,0,0,0,0,0,0,0,0,0,0,0,0,0,0,0,0,0,0,0,0,0,0,0,0,0,0,0,0,0,0,0,0,0,0,0,0,0,0,0,0,0,0,0,0,0,0,0,0,0,0,0,0,0,0,0,0,0,0,0,0,0,0,0,0,0,0,0,0,0,0,0,0,0,36129,0.0000055032,0.0000394208
minecraft:sea_lantern,0,0,0,0,0,0,0,0,0,0,0,0,0,0,0,0,0,0,0,0,0,0,0,0,0,0,0,0,0,0,0,0,0,0,0,0,0,0,0,0,0,0,0,0,0,0,0,0,0,0,0,0,0,0,0,0,0,0,0,0,0,0,0,0,0,0,0,0,0,0,0,1,2,4,3,1,3,1,5,0,0,0,5,2,5,1,0,2,4,5,10,1,7,5,7,12,14,18,10,17,21,16,17,33,2107,8063,1088,2685,3133,8522,40,64,58,2585,78,71,3174,69,94,37,51,22,49,1099,16,7,15,5,0,6,4,2,0,2,1,1,0,0,0,0,0,1,0,0,0,0,0,0,0,0,0,0,0,0,0,0,0,0,0,1,0,0,0,0,0,0,0,0,0,0,0,0,0,0,0,0,0,0,0,0,0,0,0,0,0,0,0,0,0,0,0,0,0,0,0,0,0,0,0,0,0,0,0,0,0,0,0,0,0,0,0,0,0,0,0,0,0,0,0,0,0,0,0,0,0,0,0,0,0,0,0,0,0,0,0,0,0,0,0,0,0,0,0,0,0,0,0,0,0,0,0,0,0,0,0,0,0,0,0,0,0,0,0,0,0,0,0,0,0,0,0,0,0,0,0,0,0,0,0,0,0,0,0,0,0,0,0,0,0,0,0,0,0,0,0,0,0,0,0,0,0,0,0,0,0,0,0,0,0,0,0,0,0,0,0,0,0,0,0,0,0,0,0,0,0,0,0,0,0,0,0,0,0,0,0,0,33382,0.0000050848,0.0000364235
minecraft:gray_carpet,0,0,0,0,0,0,0,0,0,0,0,0,0,0,2970,20066,1320,0,638,0,7614,0,0,0,0,0,0,0,0,0,0,0,0,0,0,0,0,0,0,0,0,0,0,0,0,0,0,0,0,0,0,0,0,0,0,0,0,0,0,0,0,0,0,0,0,0,0,0,0,0,0,0,0,0,0,0,0,0,0,0,0,0,0,0,0,0,0,0,0,0,0,0,0,0,0,0,0,0,0,0,0,0,0,0,0,0,0,0,0,0,0,0,0,0,0,0,0,0,0,0,0,0,0,0,0,0,0,75,0,0,0,15,15,0,0,0,15,0,0,0,0,0,5,0,10,0,10,0,0,0,0,10,0,5,0,0,0,0,0,0,0,0,0,0,0,0,0,0,0,0,0,0,0,0,0,0,0,0,0,0,0,0,0,0,0,0,0,0,0,0,0,0,0,0,0,0,0,0,5,0,0,0,0,0,0,0,0,0,0,0,0,0,0,0,0,0,0,0,0,0,0,0,0,0,0,0,0,0,0,0,0,0,0,0,0,0,0,0,0,0,0,0,0,0,0,0,0,0,0,0,0,0,0,0,0,0,0,0,0,0,0,0,0,0,0,0,0,0,0,0,0,0,0,0,0,0,0,0,0,0,0,0,0,0,0,0,0,0,0,0,0,0,0,0,0,0,0,0,0,0,0,0,0,0,0,0,0,0,0,0,0,0,0,0,0,0,0,0,0,0,0,0,0,0,0,0,0,0,0,0,0,0,0,0,0,0,32773,0.000004992,0.000035759
minecraft:polished_basalt,0,0,0,0,0,0,0,0,0,0,0,0,0,19266,790,7627,935,935,855,855,412,505,93,93,93,93,93,93,0,0,0,0,0,0,0,0,0,0,0,0,0,0,0,0,0,0,0,0,0,0,0,0,0,0,0,0,0,0,0,0,0,0,0,0,0,0,0,0,0,0,0,0,0,0,0,0,0,0,0,0,0,0,0,0,0,0,0,0,0,0,0,0,0,0,0,0,0,0,0,0,0,0,0,0,0,0,0,0,0,0,0,0,0,0,0,0,0,0,0,0,0,0,0,0,0,0,0,0,0,0,0,0,0,0,0,0,0,0,0,0,0,0,0,0,0,0,0,0,0,0,0,0,0,0,0,0,0,0,0,0,0,0,0,0,0,0,0,0,0,0,0,0,0,0,0,0,0,0,0,0,0,0,0,0,0,0,0,0,0,0,0,0,0,0,0,0,0,0,0,0,0,0,0,0,0,0,0,0,0,0,0,0,0,0,0,0,0,0,0,0,0,0,0,0,0,0,0,0,0,0,0,0,0,0,0,0,0,0,0,0,0,0,0,0,0,0,0,0,0,0,0,0,0,0,0,0,0,0,0,0,0,0,0,0,0,0,0,0,0,0,0,0,0,0,0,0,0,0,0,0,0,0,0,0,0,0,0,0,0,0,0,0,0,0,0,0,0,0,0,0,0,0,0,0,0,0,0,0,0,0,0,0,0,0,0,0,0,0,0,0,0,0,0,0,0,0,0,0,0,0,0,0,0,0,0,0,32738,0.0000049867,0.0000357208
minecraft:oxidized_cut_copper,0,0,0,0,0,0,0,0,0,0,0,0,0,0,0,0,0,0,0,0,0,216,162,222,86,315,354,382,405,419,793,864,1047,1541,1094,1138,1403,1647,1384,1214,1292,1343,1428,948,1206,1744,1050,1071,1371,984,1271,807,528,401,321,343,261,295,90,64,199,102,192,45,72,84,88,51,99,42,33,15,24,24,45,0,0,15,0,0,0,0,21,0,0,0,15,0,0,12,0,15,0,0,0,0,0,0,0,0,0,0,0,0,0,0,0,0,0,0,0,0,0,0,0,0,0,0,0,0,0,0,0,0,0,0,0,0,0,0,0,0,0,0,0,0,0,0,0,0,0,0,0,0,0,0,0,0,0,0,0,0,0,0,0,0,0,0,0,0,0,0,0,0,0,0,0,0,0,0,0,0,0,0,0,0,0,0,0,0,0,0,0,0,0,0,0,0,0,0,0,0,0,0,0,0,0,0,0,0,0,0,0,0,0,0,0,0,0,0,0,0,0,0,0,0,0,0,0,0,0,0,0,0,0,0,0,0,0,0,0,0,0,0,0,0,0,0,0,0,0,0,0,0,0,0,0,0,0,0,0,0,0,0,0,0,0,0,0,0,0,0,0,0,0,0,0,0,0,0,0,0,0,0,0,0,0,0,0,0,0,0,0,0,0,0,0,0,0,0,0,0,0,0,0,0,0,0,0,0,0,0,0,0,0,0,0,0,0,0,0,0,0,0,0,0,0,0,0,0,0,0,0,0,0,0,0,0,0,0,0,0,0,0,0,0,32697,0.0000049804,0.0000356761
minecraft:jungle_stairs,0,0,0,0,0,0,0,0,0,0,0,0,0,0,0,0,0,0,0,0,0,0,0,0,0,0,0,0,0,0,0,0,0,0,0,0,0,0,0,0,0,0,0,0,0,0,0,0,0,0,0,0,0,0,0,0,0,0,0,0,0,0,0,0,0,0,0,0,0,0,0,0,0,0,0,0,0,0,0,0,0,0,0,0,0,0,2,1,33,46,33,41,25,33,24,67,115,105,189,263,400,529,793,960,1038,1010,1020,779,899,870,763,954,1107,1564,1825,2013,1882,1968,1843,1467,1280,1042,1040,1108,819,633,451,409,313,328,203,101,55,55,49,19,15,31,16,5,2,2,2,2,5,0,0,0,0,0,0,0,0,0,0,0,0,0,0,0,0,0,0,0,0,0,0,0,0,0,0,0,0,0,0,0,0,0,0,0,0,0,0,0,0,0,0,0,0,0,0,0,0,0,0,0,0,0,0,0,0,0,0,0,0,0,0,0,0,0,0,0,0,0,0,0,0,0,0,0,0,0,0,0,0,0,0,0,0,0,0,0,0,0,0,0,0,0,0,0,0,0,0,0,0,0,0,0,0,0,0,0,0,0,0,0,0,0,0,0,0,0,0,0,0,0,0,0,0,0,0,0,0,0,0,0,0,0,0,0,0,0,0,0,0,0,0,0,0,0,0,0,0,0,0,0,0,0,0,0,0,0,0,0,0,0,0,0,0,0,0,0,0,0,0,0,0,0,0,0,0,0,0,0,0,0,0,0,0,0,0,0,0,0,0,0,32646,0.0000049727,0.0000356204
minecraft:melon,0,0,0,0,0,0,0,0,0,0,0,0,0,0,0,0,0,0,0,0,0,0,0,0,0,0,0,0,0,0,0,0,0,0,0,0,0,0,0,0,0,0,0,0,0,0,0,0,0,0,0,0,0,0,0,0,0,0,0,0,0,0,0,0,0,0,0,0,0,0,0,0,0,0,0,0,0,0,0,0,0,0,0,0,0,0,0,0,0,0,0,0,0,0,0,0,0,0,0,0,0,0,0,0,0,0,0,0,0,0,0,0,0,0,0,2,4,5,5,9,3,15,25,23,22,34,79,2583,3469,1661,1729,1699,1746,1666,1720,1722,1522,742,647,540,496,593,568,532,567,311,313,243,244,216,271,303,337,227,229,197,171,237,233,301,278,144,130,149,137,209,198,216,161,92,81,117,109,87,138,173,182,89,76,82,108,87,104,100,46,42,24,26,17,13,18,24,30,14,18,14,18,13,18,10,22,11,7,4,4,2,3,3,1,1,0,0,0,0,0,0,0,0,0,0,0,1,0,0,0,0,0,0,0,0,0,0,0,0,0,0,0,0,0,0,0,0,0,0,1,0,2,0,1,0,0,0,0,0,0,0,0,0,0,0,0,0,0,0,0,0,0,0,0,0,0,0,0,0,0,0,0,0,0,0,0,0,0,0,0,0,0,0,0,0,0,0,0,0,0,0,0,0,0,0,0,0,0,0,0,0,0,0,0,0,0,0,0,0,0,0,0,0,0,0,0,0,0,0,0,0,0,0,0,0,0,0,0,0,0,0,31916,0.0000048615,0.0000348239
minecraft:red_candle,0,0,0,0,0,0,0,0,0,0,0,0,0,12,22,28,14,20,52,66,76,102,72,98,148,255,293,336,417,399,424,415,518,611,594,527,593,733,972,926,975,1003,980,1026,982,1034,804,823,734,670,774,754,780,642,615,707,704,574,512,389,299,266,362,373,303,302,310,307,320,330,354,300,266,216,201,246,148,150,120,135,164,134,128,60,68,74,62,54,30,32,19,30,10,16,20,14,24,20,10,24,0,0,2,0,0,0,0,0,0,0,0,0,0,0,0,0,0,0,0,0,0,0,0,0,0,0,0,0,0,0,0,0,0,0,0,0,0,0,0,0,0,0,0,0,0,0,0,0,0,0,0,0,0,0,0,0,0,0,0,0,0,0,0,0,0,0,0,0,0,0,0,0,0,0,0,0,0,0,0,0,0,0,0,0,0,0,0,0,0,0,0,0,0,0,0,0,0,0,0,0,0,0,0,0,0,0,0,0,0,0,0,0,0,0,0,0,0,0,0,0,0,0,0,0,0,0,0,0,0,0,0,0,0,0,0,0,0,0,0,0,0,0,0,0,0,0,0,0,0,0,0,0,0,0,0,0,0,0,0,0,0,0,0,0,0,0,0,0,0,0,0,0,0,0,0,0,0,0,0,0,0,0,0,0,0,0,0,0,0,0,0,0,0,0,0,0,0,0,0,0,0,0,0,0,0,0,0,0,0,0,0,0,0,0,0,0,0,0,0,0,0,0,0,0,0,0,0,0,0,0,0,0,0,0,0,0,30508,0.000004647,0.0000332876
minecraft:polished_tuff_slab,0,0,0,0,0,0,0,0,0,0,0,0,0,0,10,22,28,14,20,52,66,76,102,72,98,148,255,293,334,421,396,424,415,518,611,594,531,593,727,966,928,977,1003,981,1024,982,1034,804,825,734,669,774,754,779,642,615,707,704,574,512,391,299,266,362,371,303,302,310,307,320,330,356,300,264,216,201,244,148,150,118,137,164,134,128,60,68,74,62,54,30,32,19,30,10,16,20,14,24,20,10,24,0,0,2,0,0,0,0,0,0,0,0,0,0,0,0,0,0,0,0,0,0,0,0,0,0,0,0,0,0,0,0,0,0,0,0,0,0,0,0,0,0,0,0,0,0,0,0,0,0,0,0,0,0,0,0,0,0,0,0,0,0,0,0,0,0,0,0,0,0,0,0,0,0,0,0,0,0,0,0,0,0,0,0,0,0,0,0,0,0,0,0,0,0,0,0,0,0,0,0,0,0,0,0,0,0,0,0,0,0,0,0,0,0,0,0,0,0,0,0,0,0,0,0,0,0,0,0,0,0,0,0,0,0,0,0,0,0,0,0,0,0,0,0,0,0,0,0,0,0,0,0,0,0,0,0,0,0,0,0,0,0,0,0,0,0,0,0,0,0,0,0,0,0,0,0,0,0,0,0,0,0,0,0,0,0,0,0,0,0,0,0,0,0,0,0,0,0,0,0,0,0,0,0,0,0,0,0,0,0,0,0,0,0,0,0,0,0,0,0,0,0,0,0,0,0,0,0,0,0,0,0,0,0,0,0,30498,0.0000046455,0.0000332767
minecraft:red_glazed_terracotta,0,0,0,0,0,0,0,0,0,0,0,0,0,0,10,22,28,14,20,52,66,76,102,72,98,147,251,293,333,422,398,424,413,517,611,592,533,595,727,967,928,977,1003,982,1024,980,1034,804,825,734,669,774,754,781,642,615,707,705,574,512,389,299,266,362,371,303,300,310,307,320,330,354,300,264,214,201,244,148,150,118,137,164,134,128,60,68,74,62,54,30,32,19,30,10,16,20,14,26,20,10,24,0,0,2,0,0,0,0,0,0,0,0,0,0,0,0,0,0,0,0,0,0,0,0,0,0,0,0,0,0,0,0,0,0,0,0,0,0,0,0,0,0,0,0,0,0,0,0,0,0,0,0,0,0,0,0,0,0,0,0,0,0,0,0,0,0,0,0,0,0,0,0,0,0,0,0,0,0,0,0,0,0,0,0,0,0,0,0,0,0,0,0,0,0,0,0,0,0,0,0,0,0,0,0,0,0,0,0,0,0,0,0,0,0,0,0,0,0,0,0,0,0,0,0,0,0,0,0,0,0,0,0,0,0,0,0,0,0,0,0,0,0,0,0,0,0,0,0,0,0,0,0,0,0,0,0,0,0,0,0,0,0,0,0,0,0,0,0,0,0,0,0,0,0,0,0,0,0,0,0,0,0,0,0,0,0,0,0,0,0,0,0,0,0,0,0,0,0,0,0,0,0,0,0,0,0,0,0,0,0,0,0,0,0,0,0,0,0,0,0,0,0,0,0,0,0,0,0,0,0,0,0,0,0,0,0,30491,0.0000046444,0.0000332691
minecraft:waxed_oxidized_copper_door,0,0,0,0,0,0,0,0,0,0,0,0,0,0,0,0,0,0,0,0,0,0,0,0,0,0,0,0,218,454,425,389,424,636,857,826,812,897,1066,1180,1126,1121,1218,1271,1188,1135,1259,1273,1183,997,813,929,946,842,677,535,590,573,517,369,226,233,255,267,229,221,200,171,165,123,112,105,88,82,61,54,30,0,0,0,0,0,0,0,0,0,0,0,0,0,0,0,0,0,0,0,0,0,0,0,0,0,0,0,0,0,0,0,0,0,0,0,0,0,0,0,0,0,0,0,0,0,0,0,0,0,0,0,0,0,0,0,0,0,0,0,0,0,0,0,0,0,0,0,0,0,0,0,0,0,0,0,0,0,0,0,0,0,0,0,0,0,0,0,0,0,0,0,0,0,0,0,0,0,0,0,0,0,0,0,0,0,0,0,0,0,0,0,0,0,0,0,0,0,0,0,0,0,0,0,0,0,0,0,0,0,0,0,0,0,0,0,0,0,0,0,0,0,0,0,0,0,0,0,0,0,0,0,0,0,0,0,0,0,0,0,0,0,0,0,0,0,0,0,0,0,0,0,0,0,0,0,0,0,0,0,0,0,0,0,0,0,0,0,0,0,0,0,0,0,0,0,0,0,0,0,0,0,0,0,0,0,0,0,0,0,0,0,0,0,0,0,0,0,0,0,0,0,0,0,0,0,0,0,0,0,0,0,0,0,0,0,0,0,0,0,0,0,0,0,0,0,0,0,0,0,0,0,0,0,0,0,0,0,0,0,29368,0.0000044734,0.0000320438
minecraft:red_mushroom,0,0,0,0,0,0,0,0,0,0,0,0,0,0,0,0,0,2,33,26,16,38,38,40,26,38,124,100,110,126,172,184,224,318,415,342,381,454,441,399,492,545,364,508,496,435,520,396,402,387,420,478,424,375,308,323,304,239,246,216,292,242,259,249,196,242,255,272,260,179,195,168,165,166,98,154,100,114,130,94,68,46,40,49,62,40,32,40,22,39,8,8,21,9,33,14,8,29,0,1,1,1,0,4,0,1,0,0,4,2,3,0,2,1,0,2,3,0,1,1,1,4,3,3,4,11,25,716,1267,1060,637,646,559,648,636,607,542,400,181,210,200,176,132,216,200,138,79,73,67,43,79,117,125,73,48,44,51,51,79,89,108,53,39,37,38,37,42,42,64,40,20,18,22,35,83,82,46,41,20,20,24,43,34,28,32,29,7,20,13,9,7,9,13,16,14,11,11,4,1,3,2,7,1,2,0,1,6,1,2,1,0,1,0,0,2,0,1,2,0,0,0,0,1,0,1,0,0,0,0,0,0,0,0,1,0,0,0,0,0,0,0,0,0,0,0,0,0,0,0,0,0,0,0,0,0,0,0,0,0,0,0,0,0,0,0,0,0,0,0,0,0,0,0,0,0,0,0,0,0,0,0,0,0,0,0,0,0,0,0,0,0,0,0,0,0,0,0,0,0,0,0,0,0,0,0,0,0,0,0,0,0,0,0,0,0,0,0,0,0,0,0,0,0,0,0,0,0,0,0,0,0,0,0,0,0,0,27837,0.0000042402,0.0000303733
minecraft:cobblestone_stairs,0,0,0,0,0,0,0,6,6,9,12,18,24,21,21,21,18,18,21,18,21,21,30,27,27,36,36,33,24,21,27,24,27,30,33,39,36,36,33,33,27,24,36,30,36,36,36,36,24,24,21,18,24,30,27,42,39,45,48,45,39,36,42,51,57,66,78,72,66,60,54,42,48,45,60,69,60,66,57,63,60,54,66,66,54,54,45,51,57,69,72,78,75,63,63,60,72,66,66,78,69,66,57,51,48,30,21,9,3,0,0,0,3,4,0,0,0,1,0,0,0,3,2,9,2,15,57,1054,978,720,588,883,706,1237,958,921,765,707,730,573,595,794,786,399,322,549,694,301,303,225,379,214,514,240,136,149,180,183,65,183,70,200,74,49,82,79,61,76,118,71,66,80,59,78,63,64,76,91,30,30,34,25,40,27,12,39,20,6,24,12,34,44,35,17,22,20,177,50,78,17,5,9,16,12,160,80,8,6,75,54,18,12,4,1,3,112,5,3,13,1,0,0,0,1,0,0,0,0,0,0,0,0,0,0,0,0,0,0,0,0,0,0,0,0,0,0,0,1,1,1,1,9,1,1,1,1,1,1,12,1,0,0,0,0,0,0,0,0,0,0,0,0,0,0,0,0,0,0,0,0,0,0,0,0,0,0,0,0,0,0,0,0,0,0,0,0,0,0,0,0,0,0,0,0,0,0,0,0,0,0,0,0,0,0,0,0,0,0,0,0,0,0,0,0,0,0,0,0,0,0,0,0,0,0,0,0,25216,0.0000038409,0.0000275135
minecraft:bookshelf,0,0,0,0,0,0,0,0,0,0,48,96,143,161,113,83,54,54,72,102,84,65,36,66,83,167,132,118,60,72,204,197,148,72,18,36,36,55,133,163,151,83,219,237,263,147,66,96,168,174,265,135,97,118,132,263,281,196,137,54,150,216,292,263,226,167,167,279,278,324,298,292,286,269,384,418,315,245,354,401,464,371,298,239,221,240,251,311,341,387,298,280,240,278,430,470,390,334,250,320,291,273,329,281,262,299,215,184,126,90,108,72,54,36,0,0,0,0,0,0,0,0,0,0,0,0,0,40,55,53,61,33,36,33,40,133,161,156,149,131,82,81,119,113,99,69,86,121,115,112,132,184,101,101,89,52,30,18,21,10,5,10,7,3,2,6,0,0,0,0,2,5,3,2,0,4,2,4,2,2,2,0,0,0,0,2,1,1,0,0,0,2,1,1,0,0,0,2,79,85,84,84,72,0,0,0,0,0,0,36,39,39,39,36,0,0,0,0,0,0,0,0,0,0,0,0,0,0,0,0,0,0,0,0,0,0,0,0,0,0,0,0,0,0,0,0,0,0,0,0,0,0,0,0,0,0,0,0,0,0,0,0,0,0,0,0,0,0,0,0,0,0,0,0,0,0,0,0,0,0,0,0,0,0,0,0,0,0,0,0,0,0,0,0,0,0,0,0,0,0,0,0,0,0,0,0,0,0,0,0,0,0,0,0,0,0,0,0,0,0,0,0,0,0,0,0,0,0,0,0,0,0,0,0,0,0,24290,0.0000036999,0.0000265031
minecraft:hopper,0,0,0,0,0,0,0,0,0,0,0,0,26,34,35,28,45,76,83,89,68,120,143,136,175,155,304,340,308,373,382,522,589,634,750,671,691,719,810,784,738,768,733,771,684,730,880,678,612,738,644,685,520,462,405,357,343,313,355,235,236,251,232,307,200,208,144,152,168,129,116,66,65,73,61,56,36,52,64,54,54,34,43,29,25,30,13,13,6,2,3,2,3,0,0,0,1,0,0,0,0,1,0,0,0,0,0,0,0,0,0,0,0,0,0,0,0,0,0,0,0,0,0,0,0,0,0,0,0,0,0,0,0,0,0,0,0,0,0,0,0,0,0,0,0,0,0,0,0,0,0,0,0,0,0,0,0,0,0,0,0,0,0,0,0,0,0,0,0,0,0,0,0,0,0,0,0,0,0,0,0,0,0,0,0,0,0,0,0,0,0,0,0,0,0,0,0,0,0,0,0,0,0,0,0,0,0,0,0,0,0,0,0,0,0,0,0,0,0,0,0,0,0,0,0,0,0,0,0,0,0,0,0,0,0,0,0,0,0,0,0,0,0,0,0,0,0,0,0,0,0,0,0,0,0,0,0,0,0,0,0,0,0,0,0,0,0,0,0,0,0,0,0,0,0,0,0,0,0,0,0,0,0,0,0,0,0,0,0,0,0,0,0,0,0,0,0,0,0,0,0,0,0,0,0,0,0,0,0,0,0,0,0,0,0,0,0,0,0,0,0,0,0,0,0,0,0,0,0,0,0,0,0,0,0,0,23670,0.0000036054,0.0000258266
minecraft:spruce_fence,0,0,0,0,0,0,0,0,0,0,0,0,0,0,0,0,0,0,0,0,0,0,0,0,0,0,0,0,0,0,0,0,0,0,0,0,0,0,0,0,0,0,0,0,0,0,0,0,0,0,0,0,0,0,0,0,0,0,0,0,0,0,0,0,0,0,0,0,0,0,0,0,0,0,0,0,0,0,0,0,0,0,0,0,0,0,0,0,0,5,1,0,12,4,15,11,32,49,69,129,166,199,242,279,362,305,363,383,284,359,324,432,594,511,636,689,650,788,731,728,652,502,511,391,367,296,302,573,751,561,880,640,370,493,434,426,425,305,293,193,113,115,160,169,101,57,60,33,45,20,49,51,52,76,40,64,49,50,20,20,27,27,28,19,23,41,46,28,36,48,23,28,21,8,50,29,15,30,17,7,2,4,13,22,39,46,48,30,20,6,3,0,0,0,2,0,0,0,1,5,7,9,4,1,2,2,4,7,3,3,5,2,0,0,0,0,0,0,0,0,0,0,0,0,0,0,0,0,0,0,0,0,0,0,0,0,0,0,0,0,0,0,0,0,0,0,0,0,0,0,0,0,0,0,0,0,0,0,0,0,0,0,0,0,0,0,0,0,0,0,0,0,0,0,0,0,0,0,0,0,0,0,0,0,0,0,0,0,0,0,0,0,0,0,0,0,0,0,0,0,0,0,0,0,0,0,0,0,0,0,0,0,0,0,0,0,0,0,0,0,0,0,0,0,0,0,0,0,0,0,0,0,0,0,0,0,20902,0.0000031838,0.0000228064
minecraft:waxed_cut_copper_stairs,0,0,0,0,0,0,0,0,0,0,0,0,0,0,0,0,2,57,34,42,74,66,17,45,29,28,100,99,56,109,166,181,188,203,260,244,301,330,400,471,526,504,534,619,638,680,653,605,692,712,640,617,546,560,660,557,547,547,625,472,404,463,402,385,310,276,250,257,282,254,240,156,191,184,176,161,140,142,117,110,99,68,48,42,40,35,47,6,0,0,0,0,0,0,0,0,0,0,0,0,0,6,0,0,0,0,0,0,0,0,0,0,0,0,0,0,0,0,0,0,0,0,0,0,0,0,0,0,0,0,0,0,0,0,0,0,0,0,0,0,0,0,0,0,0,0,0,0,0,0,0,0,0,0,0,0,0,0,0,0,0,0,0,0,0,0,0,0,0,0,0,0,0,0,0,0,0,0,0,0,0,0,0,0,0,0,0,0,0,0,0,0,0,0,0,0,0,0,0,0,0,0,0,0,0,0,0,0,0,0,0,0,0,0,0,0,0,0,0,0,0,0,0,0,0,0,0,0,0,0,0,0,0,0,0,0,0,0,0,0,0,0,0,0,0,0,0,0,0,0,0,0,0,0,0,0,0,0,0,0,0,0,0,0,0,0,0,0,0,0,0,0,0,0,0,0,0,0,0,0,0,0,0,0,0,0,0,0,0,0,0,0,0,0,0,0,0,0,0,0,0,0,0,0,0,0,0,0,0,0,0,0,0,0,0,0,0,0,0,0,0,0,0,0,0,0,0,0,0,0,0,0,0,0,0,0,20727,0.0000031572,0.0000226155
minecraft:chiseled_stone_bricks,0,0,0,0,0,0,0,0,0,0,0,0,0,0,0,0,1,1,2,2,1,2,2,2,3,1,1,2,2,2,1,3,3,5,2,2,4,0,2,0,3,1,2,3,2,2,4,3,3,2,6,4,0,3,6,1,2,4,0,4,3,2,2,4,2,4,2,6,14,6,7,5,15,29,13,18,21,14,27,53,2,9,10,13,19,46,11,36,45,32,96,57,76,82,76,49,83,173,179,147,250,222,257,350,467,583,551,631,639,609,614,616,717,828,772,1000,1338,1136,1050,967,812,603,481,600,674,304,227,196,123,63,65,115,56,37,43,34,16,21,17,14,25,18,18,27,15,10,6,17,4,1,8,2,0,4,1,7,1,2,3,1,1,4,6,11,3,3,3,2,1,6,1,15,3,0,6,6,1,1,2,7,0,1,0,0,0,0,0,1,2,0,2,0,0,0,0,0,0,0,0,0,0,0,0,1,0,0,0,0,0,7,0,0,0,0,0,1,0,1,0,0,0,0,0,0,0,0,1,0,0,1,0,0,1,0,0,1,0,0,0,0,0,0,0,0,0,0,0,0,0,0,0,0,0,0,0,0,0,0,0,0,0,0,0,0,0,0,0,0,0,0,0,0,0,0,0,0,0,0,0,0,0,0,0,0,0,0,0,0,0,0,0,0,0,0,0,0,0,0,0,0,0,0,0,0,0,0,0,0,0,0,0,0,0,0,0,0,0,0,0,0,0,0,0,0,0,0,0,0,0,0,0,0,0,0,0,0,19959,0.0000030402,0.0000217775
minecraft:iron_bars,0,0,0,2,2,3,0,8,8,15,26,38,52,40,44,43,30,22,27,113,141,122,94,113,116,72,77,59,65,91,119,101,110,68,109,77,158,120,165,109,88,70,107,141,132,90,101,79,200,204,267,105,135,104,143,197,223,146,134,108,210,234,269,215,173,152,178,124,191,303,306,307,202,189,201,188,127,117,185,124,222,176,208,326,291,260,243,252,338,380,327,263,160,261,156,242,265,277,184,241,209,196,134,122,124,141,233,284,248,201,82,64,81,78,66,85,74,45,50,57,56,37,76,76,56,42,39,43,61,130,119,67,54,55,52,77,60,62,56,73,47,48,42,36,45,24,32,9,22,18,15,21,19,10,27,17,8,8,12,7,2,1,5,4,2,4,4,0,2,4,2,10,9,9,3,0,4,7,10,8,3,5,5,2,3,0,2,0,0,0,0,1,4,0,0,0,0,0,0,0,0,0,0,0,0,0,0,2,0,0,2,2,0,2,0,0,1,1,0,0,0,0,0,0,0,0,0,2,2,0,1,1,0,2,2,0,10,2,0,0,0,0,0,0,0,0,0,0,0,0,0,0,0,0,0,0,0,0,0,0,0,0,0,0,0,0,0,0,0,0,0,0,0,0,0,0,0,0,0,0,0,0,0,0,0,0,0,0,0,0,0,0,0,0,0,0,0,0,0,0,0,0,0,0,0,0,0,0,0,0,0,0,0,0,0,0,0,0,0,0,0,0,0,0,0,0,0,0,0,0,0,0,0,0,0,0,18879,0.0000028757,0.0000205991
minecraft:red_concrete,0,0,0,0,0,0,0,0,0,0,0,0,0,0,0,0,0,0,0,0,0,0,0,0,0,0,0,0,0,0,0,0,136,378,478,491,549,582,520,500,567,588,585,597,568,580,633,610,565,647,882,913,805,732,496,391,384,342,323,299,316,298,251,216,215,277,336,326,304,286,204,96,58,30,0,0,0,0,0,0,0,0,0,0,0,0,0,0,0,0,0,0,0,0,0,0,0,0,0,0,0,0,0,0,0,0,0,0,0,0,0,0,0,0,0,0,0,0,0,0,0,0,0,0,0,0,0,0,0,0,0,0,0,0,0,0,0,0,0,0,0,0,0,0,0,0,0,0,0,0,0,0,0,0,0,0,0,0,0,0,0,0,0,0,0,0,0,0,0,0,0,0,0,0,0,0,0,0,0,0,0,0,0,0,0,0,0,0,0,0,0,0,0,0,0,0,0,0,0,0,0,0,0,0,0,0,0,0,0,0,0,0,0,0,0,0,0,0,0,0,0,0,0,0,0,0,0,0,0,0,0,0,0,0,0,0,0,0,0,0,0,0,0,0,0,0,0,0,0,0,0,0,0,0,0,0,0,0,0,0,0,0,0,0,0,0,0,0,0,0,0,0,0,0,0,0,0,0,0,0,0,0,0,0,0,0,0,0,0,0,0,0,0,0,0,0,0,0,0,0,0,0,0,0,0,0,0,0,0,0,0,0,0,0,0,0,0,0,0,0,0,0,0,0,0,0,0,0,0,0,0,0,0,0,0,0,18354,0.0000027957,0.0000200263
minecraft:spruce_slab,0,0,0,0,0,0,0,0,0,0,0,0,0,0,0,0,0,0,0,0,0,0,0,0,0,0,0,0,0,0,0,0,0,0,0,0,0,0,0,0,0,0,0,0,0,0,0,0,0,0,0,0,0,0,0,0,0,0,0,0,0,0,0,0,0,0,0,0,0,0,0,0,0,0,0,0,0,0,0,0,0,0,0,0,0,0,0,0,2,0,0,51,0,6,18,0,52,3,79,81,60,96,106,187,181,294,451,171,246,254,130,275,172,295,409,591,678,569,602,703,465,542,357,380,290,195,105,117,451,314,560,797,730,737,587,458,423,450,399,339,324,184,139,138,138,144,122,147,120,60,46,57,39,38,47,38,53,25,29,19,0,36,3,10,21,8,17,12,8,0,8,16,12,24,4,5,9,9,10,20,12,11,12,27,21,47,56,75,36,20,18,42,2,24,7,12,0,8,8,8,4,0,27,12,16,18,0,16,3,0,1,0,0,0,0,0,0,0,0,0,0,0,0,0,0,0,0,0,0,0,0,0,0,0,0,0,0,0,0,0,0,0,0,0,0,0,0,0,0,0,0,0,0,0,0,0,0,0,0,0,0,0,0,0,0,0,0,0,0,0,0,0,0,0,0,0,0,0,0,0,0,0,0,0,0,0,0,0,0,0,0,0,0,0,0,0,0,0,0,0,0,0,0,0,0,0,0,0,0,0,0,0,0,0,0,0,0,0,0,0,0,0,0,0,0,0,0,0,0,0,0,0,0,0,0,0,18140,0.0000027631,0.0000197928
minecraft:sculk_shrieker,0,0,0,0,0,0,1,0,2,3,443,431,527,1668,1399,1138,645,1130,503,814,661,579,552,481,453,253,308,272,306,251,293,251,346,176,200,202,180,202,170,165,194,93,115,133,126,104,104,118,140,74,64,71,70,73,65,69,87,59,66,64,53,55,45,64,73,48,38,33,33,44,44,38,48,24,24,24,23,21,27,19,32,18,16,14,20,11,18,21,11,12,14,12,14,8,9,11,10,5,9,8,6,7,5,6,8,4,3,1,5,6,3,2,1,3,1,2,2,1,3,5,0,4,1,0,0,2,0,0,0,0,1,1,0,1,0,0,1,1,0,1,0,1,0,1,1,0,0,0,0,1,0,0,1,0,0,0,1,0,0,0,0,0,1,0,0,0,0,1,0,0,0,0,0,0,0,0,0,0,0,0,0,0,0,0,0,0,0,0,0,0,0,0,0,0,0,0,0,0,0,0,0,0,0,0,0,0,0,0,0,0,0,0,0,0,0,0,0,0,0,0,0,0,0,0,0,0,0,0,0,0,0,0,0,0,0,0,0,0,0,0,0,0,0,0,0,0,0,0,0,0,0,0,0,0,0,0,0,0,0,0,0,0,0,0,0,0,0,0,0,0,0,0,0,0,0,0,0,0,0,0,0,0,0,0,0,0,0,0,0,0,0,0,0,0,0,0,0,0,0,0,0,0,0,0,0,0,0,0,0,0,0,0,0,0,0,0,0,0,0,0,0,0,0,0,0,0,0,0,0,0,0,0,0,0,0,0,18040,0.0000027479,0.0000196836
minecraft:acacia_wood,0,0,0,0,0,0,0,0,0,0,0,0,0,0,0,0,0,0,0,0,0,0,0,0,0,0,0,0,0,0,0,0,0,0,0,0,0,0,0,0,0,0,0,0,0,0,0,0,0,0,0,0,0,0,0,0,0,0,0,0,0,0,0,0,0,0,0,0,0,0,0,0,0,0,0,0,0,0,0,0,0,0,0,0,0,0,0,0,0,0,0,0,0,0,0,0,0,0,0,0,0,0,0,0,0,0,0,0,0,0,0,0,0,0,0,0,6,19,5,1,19,18,15,16,0,12,1697,1724,1120,1311,843,1318,1056,755,713,713,571,493,430,376,316,307,283,223,213,191,195,102,129,76,119,153,122,144,99,107,110,74,138,149,148,194,132,149,93,76,86,60,42,42,34,25,22,28,59,62,57,45,46,26,20,4,4,4,4,0,0,0,0,0,0,0,0,0,0,0,0,0,0,10,13,15,11,16,0,12,0,0,0,0,0,0,0,0,0,0,0,0,0,0,0,0,0,0,0,0,0,0,0,0,0,0,0,0,0,0,0,0,0,0,0,0,0,0,0,0,0,0,0,0,0,0,0,0,0,0,0,0,0,0,0,0,0,0,0,0,0,0,0,0,0,0,0,0,0,0,0,0,0,0,0,0,0,0,0,0,0,0,0,0,0,0,0,0,0,0,0,0,0,0,0,0,0,0,0,0,0,0,0,0,0,0,0,0,0,0,0,0,0,0,0,0,0,0,0,0,0,0,0,0,0,0,0,0,0,0,18020,0.0000027448,0.0000196618
minecraft:cactus,0,0,0,0,0,0,0,0,0,0,0,0,0,0,0,0,0,0,0,0,0,0,0,0,0,0,0,0,0,0,0,0,0,0,9,19,19,15,14,25,36,27,22,26,22,26,30,33,39,40,32,41,50,36,38,36,25,32,38,31,27,23,22,21,17,15,16,19,16,10,9,14,15,11,10,6,1,1,0,0,0,0,0,0,0,0,0,0,0,0,0,0,0,0,0,0,0,0,0,0,0,0,0,0,0,0,0,0,0,0,0,0,0,0,2,0,1,0,0,0,1,2,4,7,13,23,64,1245,2329,1544,1198,1091,1129,1180,1288,1296,1129,588,338,233,207,204,216,233,203,113,79,66,49,36,38,47,37,12,9,17,20,19,10,9,5,4,7,8,4,6,5,8,6,2,3,4,2,0,0,0,4,5,1,1,1,0,2,2,1,3,2,2,0,0,0,0,0,0,0,0,0,1,3,0,0,2,0,1,0,0,0,0,0,0,0,0,0,0,0,0,0,0,0,0,0,0,0,0,0,0,0,0,0,0,0,0,0,0,0,0,0,0,0,0,0,0,0,0,0,0,0,0,0,0,0,0,0,0,0,0,0,0,0,0,0,0,0,0,0,0,0,0,0,0,0,0,0,0,0,0,0,0,0,0,0,0,0,0,0,0,0,0,0,0,0,0,0,0,0,0,0,0,0,0,0,0,0,0,0,0,0,0,0,0,0,0,0,0,0,0,0,0,0,0,0,0,0,0,0,0,0,0,0,0,0,0,0,0,0,0,17438,0.0000026562,0.0000190268
minecraft:blue_terracotta,0,0,0,0,0,0,0,0,0,0,0,0,0,0,0,0,0,0,0,0,0,0,0,0,0,0,0,0,0,0,0,0,0,0,0,0,0,0,0,0,0,0,0,0,0,0,0,0,0,0,0,0,0,0,0,0,0,0,0,0,0,0,0,0,0,0,0,0,0,0,0,0,0,0,0,0,0,0,0,0,0,0,0,0,0,0,0,0,0,0,0,0,0,0,0,0,0,0,0,0,0,0,0,0,0,0,0,8,75,98,124,276,514,609,537,791,714,1171,1007,975,869,681,840,657,619,471,535,361,303,308,358,263,190,254,217,141,96,157,118,118,181,252,180,171,123,93,69,101,181,148,99,63,106,114,55,67,133,130,111,87,130,93,64,51,46,27,8,10,3,2,5,8,0,18,15,0,3,0,0,0,0,0,0,0,0,0,0,0,0,0,0,0,0,0,0,0,0,0,0,0,0,0,0,0,0,0,0,0,0,0,0,0,0,0,0,0,0,0,0,0,0,0,0,0,0,0,0,0,0,0,0,0,0,0,0,0,0,0,0,0,0,0,0,0,0,0,0,0,0,0,0,0,0,0,0,0,0,0,0,0,0,0,0,0,0,0,0,0,0,0,0,0,0,0,0,0,0,0,0,0,0,0,0,0,0,0,0,0,0,0,0,0,0,0,0,0,0,0,0,0,0,0,0,0,0,0,0,0,0,0,0,0,0,0,0,0,0,0,0,0,0,0,0,0,0,0,0,0,0,0,0,0,0,0,0,0,17402,0.0000026507,0.0000189875
minecraft:copper_block,0,0,0,0,0,0,0,0,0,0,0,0,0,0,0,0,0,0,0,0,0,0,0,0,0,0,0,64,314,439,389,370,519,512,387,470,595,626,466,355,472,575,553,525,597,689,901,775,729,377,379,405,420,237,194,185,283,267,212,178,305,396,285,307,175,128,40,57,27,14,0,0,0,0,0,0,0,0,0,0,0,0,0,0,0,0,0,0,0,0,0,0,0,0,0,0,0,0,0,0,0,0,0,0,0,0,0,0,0,0,0,0,0,0,0,0,0,0,0,0,0,0,0,0,0,0,0,0,0,0,0,0,0,0,0,0,0,0,0,0,0,0,0,0,0,0,0,0,0,0,0,0,0,0,0,0,0,0,0,0,0,0,0,0,0,0,0,0,0,0,0,0,0,0,0,0,0,0,0,0,0,0,0,0,0,0,0,0,0,0,0,0,0,0,0,0,0,0,0,0,0,0,0,0,0,0,0,0,0,0,0,0,0,0,0,0,0,0,0,0,0,0,0,0,0,0,0,0,0,0,0,0,0,0,0,0,0,0,0,0,0,0,0,0,0,0,0,0,0,0,0,0,0,0,0,0,0,0,0,0,0,0,0,0,0,0,0,0,0,0,0,0,0,0,0,0,0,0,0,0,0,0,0,0,0,0,0,0,0,0,0,0,0,0,0,0,0,0,0,0,0,0,0,0,0,0,0,0,0,0,0,0,0,0,0,0,0,0,0,0,0,0,0,0,0,0,0,0,0,0,0,0,0,0,0,0,16193,0.0000024665,0.0000176684
minecraft:deepslate_brick_slab,0,0,0,0,0,0,0,0,0,0,0,0,0,4579,0,0,21,2440,878,5315,878,2052,0,0,0,0,0,0,0,0,0,0,0,0,0,0,0,0,0,0,0,0,0,0,0,0,0,0,0,0,0,0,0,0,0,0,0,0,0,0,0,0,0,0,0,0,0,0,0,0,0,0,0,0,0,0,0,0,0,0,0,0,0,0,0,0,0,0,0,0,0,0,0,0,0,0,0,0,0,0,0,0,0,0,0,0,0,0,0,0,0,0,0,0,0,0,0,0,0,0,0,0,0,0,0,0,0,0,0,0,0,0,0,0,0,0,0,0,0,0,0,0,0,0,0,0,0,0,0,0,0,0,0,0,0,0,0,0,0,0,0,0,0,0,0,0,0,0,0,0,0,0,0,0,0,0,0,0,0,0,0,0,0,0,0,0,0,0,0,0,0,0,0,0,0,0,0,0,0,0,0,0,0,0,0,0,0,0,0,0,0,0,0,0,0,0,0,0,0,0,0,0,0,0,0,0,0,0,0,0,0,0,0,0,0,0,0,0,0,0,0,0,0,0,0,0,0,0,0,0,0,0,0,0,0,0,0,0,0,0,0,0,0,0,0,0,0,0,0,0,0,0,0,0,0,0,0,0,0,0,0,0,0,0,0,0,0,0,0,0,0,0,0,0,0,0,0,0,0,0,0,0,0,0,0,0,0,0,0,0,0,0,0,0,0,0,0,0,0,0,0,0,0,0,0,0,0,0,0,0,0,0,0,0,0,0,16163,0.000002462,0.0000176356
minecraft:potted_dead_bush,0,0,0,0,0,0,0,0,0,0,0,0,0,0,0,0,0,0,0,0,1,0,0,2,0,0,131,128,339,476,319,355,401,660,639,599,623,635,695,577,655,657,664,610,677,681,766,563,573,355,341,444,381,347,135,133,120,109,137,99,132,146,146,117,66,70,61,63,49,46,37,0,0,0,0,0,0,0,0,0,0,0,0,0,0,0,0,0,0,0,0,0,0,0,0,0,0,0,0,0,0,0,0,0,0,0,0,0,0,0,0,0,0,0,0,1,0,0,0,0,0,0,0,0,0,0,5,2,48,12,3,12,7,3,14,9,5,11,3,0,1,4,3,6,2,1,3,0,0,0,0,0,2,2,0,0,0,0,1,1,0,0,0,0,0,0,0,2,0,0,0,0,0,0,0,0,0,0,0,0,0,0,0,0,0,0,0,0,0,0,0,0,0,0,0,0,0,0,0,0,0,0,0,0,0,0,0,0,0,0,0,0,0,0,0,0,0,0,0,0,0,0,0,0,0,0,0,0,0,0,0,0,0,0,0,0,0,0,0,0,0,0,0,0,0,0,0,0,0,0,0,0,0,0,0,0,0,0,0,0,0,0,0,0,0,0,0,0,0,0,0,0,0,0,0,0,0,0,0,0,0,0,0,0,0,0,0,0,0,0,0,0,0,0,0,0,0,0,0,0,0,0,0,0,0,0,0,0,0,0,0,0,0,0,0,0,0,0,0,0,0,0,0,0,0,0,0,0,0,0,0,0,0,0,0,0,16123,0.0000024559,0.000017592
minecraft:stone_brick_stairs,0,0,0,0,0,0,0,0,0,0,0,0,0,0,0,0,14,30,39,38,18,28,18,21,26,24,35,10,19,24,39,37,54,19,16,20,25,20,24,34,49,24,27,16,75,34,21,55,28,28,37,34,20,22,23,63,36,13,17,30,47,31,49,9,18,14,31,63,42,38,31,33,41,61,31,41,38,31,68,41,37,27,46,40,43,17,26,54,54,63,56,42,58,27,41,65,68,88,84,103,87,142,188,148,229,309,379,327,287,341,300,316,209,264,224,436,790,1085,734,555,399,370,295,248,269,244,146,268,589,244,154,115,151,169,128,153,119,114,77,71,71,42,56,74,56,45,24,22,25,11,30,33,19,6,9,24,16,13,22,17,46,13,9,31,21,21,6,10,16,8,11,8,16,8,32,12,21,17,8,12,1,6,5,9,11,3,7,7,3,2,3,1,0,4,6,0,0,0,0,4,3,2,1,0,0,1,0,0,1,2,0,1,2,2,1,1,1,0,0,3,0,0,0,0,0,9,1,1,1,0,0,0,1,0,0,0,0,1,1,0,0,0,0,0,0,0,0,0,0,0,0,0,0,0,0,0,0,0,0,0,0,0,0,0,0,0,0,0,0,0,0,0,0,0,0,0,0,0,0,0,0,0,0,0,0,0,0,0,0,0,0,0,0,0,0,0,0,0,0,0,0,0,0,0,0,0,0,0,0,0,0,0,0,0,0,0,0,0,0,0,0,0,0,0,0,0,0,0,0,0,0,0,0,0,0,0,15803,0.0000024071,0.0000172428
minecraft:spruce_trapdoor,0,0,0,0,0,0,0,0,0,0,0,0,0,0,0,0,0,0,0,0,0,0,0,0,0,0,0,0,0,0,0,0,0,0,0,0,0,0,0,0,0,0,0,0,0,0,0,0,0,0,0,0,0,0,0,0,0,0,0,0,0,0,0,0,0,0,0,0,0,0,0,11,0,0,0,0,0,0,0,0,0,0,0,0,0,0,0,0,0,0,0,14,0,0,0,2,15,2,0,15,20,32,32,134,130,155,149,169,88,128,105,41,102,294,396,525,366,340,322,355,343,283,126,79,123,180,179,1090,666,1011,641,518,678,587,571,624,599,500,252,164,165,114,146,101,65,60,43,35,68,41,32,37,88,15,65,50,38,28,35,44,45,34,5,54,23,56,77,87,66,62,74,61,61,63,44,57,37,49,44,34,22,0,13,18,30,8,8,7,2,0,0,21,0,0,0,0,0,0,0,0,0,0,0,0,0,0,8,0,8,0,0,0,0,0,0,0,0,0,0,0,0,0,0,0,0,0,0,0,0,0,0,0,0,0,0,0,0,0,0,0,0,0,0,0,0,0,0,0,0,0,0,0,0,0,0,0,0,0,0,0,0,0,0,0,0,0,0,0,0,0,0,0,0,0,0,0,0,0,0,0,0,0,0,0,0,0,0,0,0,0,0,0,0,0,0,0,0,0,0,0,0,0,0,0,0,0,0,0,0,0,0,0,0,0,0,0,0,0,0,0,0,0,0,0,0,0,0,0,0,0,0,0,0,0,0,0,15604,0.0000023768,0.0000170257
minecraft:soul_lantern,0,0,0,0,0,0,0,0,0,0,0,0,0,0,298,291,737,9497,1229,160,1491,425,0,965,0,0,0,0,0,355,0,0,0,0,0,0,0,0,0,0,0,0,0,0,0,0,0,0,0,0,0,0,0,0,0,0,0,0,0,0,0,0,0,0,0,0,0,0,0,0,0,0,0,0,0,0,0,0,0,0,0,0,0,0,0,0,0,0,0,0,0,0,0,0,0,0,0,0,0,0,0,0,0,0,0,0,0,0,0,0,0,0,0,0,0,0,0,0,0,0,0,0,0,0,0,0,0,0,0,0,0,0,0,0,0,0,0,0,0,0,0,0,0,0,0,0,0,0,0,0,0,0,0,0,0,0,0,0,0,0,0,0,0,0,0,0,0,0,0,0,0,0,0,0,0,0,0,0,0,0,0,0,0,0,0,0,0,0,0,0,0,0,0,0,0,0,0,0,0,0,0,0,0,0,0,0,0,0,0,0,0,0,0,0,0,0,0,0,0,0,0,0,0,0,0,0,0,0,0,0,0,0,0,0,0,0,0,0,0,0,0,0,0,0,0,0,0,0,0,0,0,0,0,0,0,0,0,0,0,0,0,0,0,0,0,0,0,0,0,0,0,0,0,0,0,0,0,0,0,0,0,0,0,0,0,0,0,0,0,0,0,0,0,0,0,0,0,0,0,0,0,0,0,0,0,0,0,0,0,0,0,0,0,0,0,0,0,0,0,0,0,0,0,0,0,0,0,0,0,0,0,0,0,0,0,0,15448,0.0000023531,0.0000168555
minecraft:flower_pot,0,0,0,0,0,0,0,0,0,0,0,0,0,0,0,0,0,0,2,0,0,0,0,1,0,0,93,142,347,387,391,353,392,625,608,562,622,587,629,551,580,619,627,601,667,596,740,515,541,313,328,466,323,332,116,110,118,113,108,115,135,158,131,138,80,84,55,63,61,38,36,1,0,0,0,0,0,0,0,0,0,0,0,0,0,0,0,0,0,0,0,0,0,0,0,0,0,0,0,0,0,0,0,0,0,0,0,0,0,0,0,0,0,0,0,0,0,0,0,0,0,0,0,0,0,0,0,0,0,0,0,0,0,0,0,0,0,0,0,0,0,0,0,0,0,0,0,0,0,0,0,0,0,0,0,0,0,0,0,0,0,0,0,0,0,0,0,0,0,0,0,0,0,0,0,0,0,0,0,0,0,0,0,0,0,0,0,0,0,0,0,0,0,0,0,0,0,0,0,0,0,0,0,0,0,0,0,0,0,0,0,0,0,0,0,0,0,0,0,0,0,0,0,0,0,0,0,0,0,0,0,0,0,0,0,0,0,0,0,0,0,0,0,0,0,0,0,0,0,0,0,0,0,0,0,0,0,0,0,0,0,0,0,0,0,0,0,0,0,0,0,0,0,0,0,0,0,0,0,0,0,0,0,0,0,0,0,0,0,0,0,0,0,0,0,0,0,0,0,0,0,0,0,0,0,0,0,0,0,0,0,0,0,0,0,0,0,0,0,0,0,0,0,0,0,0,0,0,0,0,0,0,0,0,0,0,15200,0.0000023153,0.0000165849
minecraft:hay_block,0,0,0,0,0,0,0,0,0,0,0,0,0,0,0,0,0,0,0,0,0,0,0,0,0,0,0,0,0,0,0,0,0,0,0,0,0,0,0,0,0,0,0,0,0,0,0,0,0,0,0,0,0,0,0,0,0,0,0,0,0,0,0,0,0,0,0,0,0,0,0,0,0,0,0,0,0,0,0,0,0,0,0,0,0,0,0,0,0,0,0,0,0,0,0,0,0,0,0,0,0,0,0,0,0,0,0,0,0,0,0,0,0,0,0,5,9,10,0,0,1,0,0,8,4,18,58,2595,2042,715,509,582,702,726,699,768,650,419,239,214,249,246,271,318,313,189,142,108,82,81,87,140,110,54,71,63,65,78,84,88,113,68,30,30,33,65,53,74,78,38,25,11,22,24,93,78,51,37,29,9,16,43,18,8,19,25,13,4,1,1,5,9,11,9,17,7,11,2,0,4,3,0,0,0,5,2,0,4,2,0,0,0,0,0,0,0,2,2,0,0,0,0,0,0,5,3,0,0,0,0,0,0,0,0,0,0,0,0,0,0,0,0,0,0,0,0,0,0,0,0,0,0,0,0,0,0,0,0,0,0,0,0,0,0,0,0,0,0,0,0,0,0,0,0,0,0,0,0,0,0,0,0,0,0,0,0,0,0,0,0,0,0,0,0,0,0,0,0,0,0,0,0,0,0,0,0,0,0,0,0,0,0,0,0,0,0,0,0,0,0,0,0,0,0,0,0,0,0,0,0,0,0,0,0,0,0,15024,0.0000022885,0.0000163929
minecraft:deepslate_tile_wall,0,0,0,0,0,0,0,0,0,0,0,0,0,0,0,0,0,0,6809,0,4563,1317,1405,0,0,0,0,0,0,0,705,0,0,0,0,0,0,0,0,0,0,0,0,0,0,0,0,0,0,0,0,0,0,0,0,0,0,0,0,0,0,0,0,0,0,0,0,0,0,0,0,0,0,0,0,0,0,0,0,0,0,0,0,0,0,0,0,0,0,0,0,0,0,0,0,0,0,0,0,0,0,0,0,0,0,0,0,0,0,0,0,0,0,0,0,0,0,0,0,0,0,0,0,0,0,0,0,0,0,0,0,0,0,0,0,0,0,0,0,0,0,0,0,0,0,0,0,0,0,0,0,0,0,0,0,0,0,0,0,0,0,0,0,0,0,0,0,0,0,0,0,0,0,0,0,0,0,0,0,0,0,0,0,0,0,0,0,0,0,0,0,0,0,0,0,0,0,0,0,0,0,0,0,0,0,0,0,0,0,0,0,0,0,0,0,0,0,0,0,0,0,0,0,0,0,0,0,0,0,0,0,0,0,0,0,0,0,0,0,0,0,0,0,0,0,0,0,0,0,0,0,0,0,0,0,0,0,0,0,0,0,0,0,0,0,0,0,0,0,0,0,0,0,0,0,0,0,0,0,0,0,0,0,0,0,0,0,0,0,0,0,0,0,0,0,0,0,0,0,0,0,0,0,0,0,0,0,0,0,0,0,0,0,0,0,0,0,0,0,0,0,0,0,0,0,0,0,0,0,0,0,0,0,0,0,0,14799,0.0000022542,0.0000161474
minecraft:stripped_spruce_log,0,0,0,0,0,0,0,0,0,0,0,0,0,0,0,0,0,0,0,0,0,0,0,0,0,0,0,0,0,0,0,0,0,0,0,0,0,0,0,0,0,0,0,0,0,0,0,0,0,0,0,0,0,0,0,0,0,0,0,0,0,0,0,0,0,0,0,0,0,0,0,0,0,0,0,0,0,0,0,0,0,0,0,0,0,0,0,0,0,0,0,0,0,0,0,0,0,0,0,0,0,0,0,0,0,0,0,24,17,31,25,26,9,4,2,0,0,0,0,0,0,0,0,0,0,0,0,1111,1096,1245,1305,1106,966,782,692,754,602,484,363,284,228,228,211,190,177,178,180,141,88,114,97,76,102,124,98,92,105,62,38,31,53,54,32,24,34,6,6,20,26,31,24,15,4,2,28,33,50,41,30,16,12,40,86,104,100,63,35,28,20,17,18,4,4,1,20,13,12,6,20,17,17,36,21,21,19,4,5,1,0,0,0,0,0,0,0,0,0,0,0,0,0,0,0,0,0,0,0,0,0,0,0,0,0,0,0,0,0,0,0,0,0,0,0,0,0,0,0,0,0,0,0,0,0,0,0,0,0,0,0,0,0,0,0,0,0,0,0,0,0,0,0,0,0,0,0,0,0,0,0,0,0,0,0,0,0,0,0,0,0,0,0,0,0,0,0,0,0,0,0,0,0,0,0,0,0,0,0,0,0,0,0,0,0,0,0,0,0,0,0,0,0,0,0,0,0,0,0,0,0,0,0,0,0,0,0,0,14761,0.0000022484,0.0000161059
minecraft:red_carpet,0,0,0,0,0,0,0,0,0,0,0,0,0,0,0,0,0,0,0,0,0,0,0,0,0,0,0,0,0,0,0,0,0,0,0,0,0,0,0,0,0,0,0,0,0,0,0,0,0,0,0,0,0,0,0,0,0,0,0,0,0,0,0,0,0,0,0,0,0,0,0,0,0,0,0,0,0,0,0,0,0,0,0,0,0,0,0,0,0,0,0,8,0,0,2,0,2,0,6,2,2,4,0,2,0,0,6,0,0,2,0,2,10,8,4,6,0,0,0,0,2,0,2,2,0,2,0,1978,655,9,9,705,663,18,678,2097,1441,51,33,770,661,62,632,30,807,11,552,174,25,12,186,162,3,192,9,183,9,3,0,0,0,0,0,0,2,0,0,3,0,0,0,0,4,0,0,0,0,3,0,0,2,0,0,0,0,0,0,0,0,0,778,0,0,0,0,9,0,30,746,2,10,0,0,0,0,0,0,12,0,186,2,0,0,0,0,0,0,0,0,0,0,0,0,0,0,0,0,0,0,0,0,0,0,0,0,0,0,0,0,0,0,0,0,0,0,0,0,0,0,0,0,0,0,0,0,0,0,0,0,0,0,0,0,0,0,0,0,0,0,0,0,0,0,0,0,0,0,0,0,0,0,0,0,0,0,0,0,0,0,0,0,0,0,0,0,0,0,0,0,0,0,0,0,0,0,0,0,0,0,0,0,0,0,0,0,0,0,0,0,0,0,0,0,0,0,0,0,0,0,0,0,0,0,0,0,0,14683,0.0000022365,0.0000160208
minecraft:chiseled_sandstone,0,0,0,0,0,0,0,0,0,0,0,0,0,0,0,16,16,27,24,40,12,36,28,16,20,60,104,67,140,132,172,152,300,336,336,304,288,432,426,302,490,381,466,416,480,404,310,364,330,386,462,364,344,186,188,225,188,164,112,108,108,110,120,64,92,58,88,80,70,60,31,50,32,42,39,30,16,16,20,22,16,28,16,19,36,4,24,6,8,8,7,8,14,19,18,17,13,6,11,20,34,30,37,86,56,45,77,54,49,39,36,17,65,94,155,163,156,158,128,95,105,57,81,71,83,57,51,45,85,56,104,123,44,48,62,55,21,56,59,63,3,19,51,32,9,14,25,9,5,3,4,0,0,0,1,0,0,0,0,0,0,0,0,0,0,0,0,0,0,0,0,0,0,0,0,0,0,0,0,0,0,0,0,0,0,0,0,0,0,0,0,0,0,0,0,0,0,0,0,0,0,0,0,0,0,0,0,0,0,0,0,0,0,0,0,0,0,0,0,0,0,0,0,0,0,0,0,0,0,0,0,0,0,0,0,0,0,0,0,0,0,0,0,0,0,0,0,0,0,0,0,0,0,0,0,0,0,0,0,0,0,0,0,0,0,0,0,0,0,0,0,0,0,0,0,0,0,0,0,0,0,0,0,0,0,0,0,0,0,0,0,0,0,0,0,0,0,0,0,0,0,0,0,0,0,0,0,0,0,0,0,0,0,0,0,0,0,0,0,0,0,0,0,0,0,0,0,0,0,0,0,0,0,0,0,0,14675,0.0000022353,0.0000160121
minecraft:polished_deepslate_wall,0,0,0,0,0,0,0,0,0,0,0,0,0,0,0,222,1153,0,3226,1648,0,2050,1474,1474,1474,1658,0,0,0,0,0,0,0,0,0,0,0,0,0,0,0,0,0,0,0,0,0,0,0,0,0,0,0,0,0,0,0,0,0,0,0,0,0,0,0,0,0,0,0,0,0,0,0,0,0,0,0,0,0,0,0,0,0,0,0,0,0,0,0,0,0,0,0,0,0,0,0,0,0,0,0,0,0,0,0,0,0,0,0,0,0,0,0,0,0,0,0,0,0,0,0,0,0,0,0,0,0,0,0,0,0,0,0,0,0,0,0,0,0,0,0,0,0,0,0,0,0,0,0,0,0,0,0,0,0,0,0,0,0,0,0,0,0,0,0,0,0,0,0,0,0,0,0,0,0,0,0,0,0,0,0,0,0,0,0,0,0,0,0,0,0,0,0,0,0,0,0,0,0,0,0,0,0,0,0,0,0,0,0,0,0,0,0,0,0,0,0,0,0,0,0,0,0,0,0,0,0,0,0,0,0,0,0,0,0,0,0,0,0,0,0,0,0,0,0,0,0,0,0,0,0,0,0,0,0,0,0,0,0,0,0,0,0,0,0,0,0,0,0,0,0,0,0,0,0,0,0,0,0,0,0,0,0,0,0,0,0,0,0,0,0,0,0,0,0,0,0,0,0,0,0,0,0,0,0,0,0,0,0,0,0,0,0,0,0,0,0,0,0,0,0,0,0,0,0,0,0,0,0,0,0,0,0,0,0,0,14379,0.0000021902,0.0000156891
minecraft:acacia_fence,0,0,0,0,0,0,0,0,0,0,0,0,0,0,0,0,0,0,0,0,0,0,0,0,0,0,0,0,0,0,0,0,0,0,0,0,0,0,0,0,0,0,0,0,0,0,0,0,0,0,0,0,0,0,0,0,0,0,0,0,0,0,0,0,0,0,0,0,0,0,0,0,0,0,0,0,0,0,0,0,0,0,0,0,0,0,0,0,0,0,0,0,0,0,0,0,0,0,0,0,0,0,0,0,0,0,0,0,0,0,0,0,0,10,26,12,13,10,11,0,1,10,8,8,38,3,28,1632,1897,1178,993,616,709,481,575,488,514,345,289,196,163,186,285,347,274,150,122,108,75,63,80,148,127,43,41,67,44,62,32,71,93,69,123,55,79,109,131,130,44,36,51,19,13,11,32,38,30,25,9,13,7,0,4,4,4,0,0,0,0,0,0,0,0,0,0,0,0,0,0,0,31,4,3,0,0,0,0,0,0,0,0,0,0,0,0,0,0,0,0,0,0,0,0,0,0,0,0,0,0,0,0,0,0,0,0,0,0,0,0,0,0,0,0,0,0,0,0,0,0,0,0,0,0,0,0,0,0,0,0,0,0,0,0,0,0,0,0,0,0,0,0,0,0,0,0,0,0,0,0,0,0,0,0,0,0,0,0,0,0,0,0,0,0,0,0,0,0,0,0,0,0,0,0,0,0,0,0,0,0,0,0,0,0,0,0,0,0,0,0,0,0,0,0,0,0,0,0,0,0,0,0,0,0,0,0,0,13746,0.0000020938,0.0000149984
minecraft:white_stained_glass,0,0,0,0,0,0,0,0,0,0,0,0,0,0,0,0,0,0,0,0,0,0,0,0,0,0,0,0,0,66,154,342,435,385,401,415,477,464,409,431,433,399,415,474,453,391,467,591,599,685,570,392,385,288,229,173,203,262,233,185,180,226,230,220,238,242,242,180,110,53,0,0,0,0,0,0,0,0,0,0,0,0,0,0,0,0,0,0,0,0,0,0,0,0,0,0,0,0,0,0,0,0,0,0,0,0,0,0,0,0,0,0,0,0,0,0,0,0,0,0,0,0,0,0,0,0,0,0,0,0,0,0,0,0,0,0,0,0,0,0,0,0,0,0,0,0,0,0,0,0,0,0,0,0,0,0,0,0,0,0,0,0,0,0,0,0,0,0,0,0,0,0,0,0,0,0,0,0,0,0,0,0,0,0,0,0,0,0,0,0,0,0,0,0,0,0,0,0,0,0,0,0,0,0,0,0,0,0,0,0,0,0,0,0,0,0,0,0,0,0,0,0,0,0,0,0,0,0,0,0,0,0,0,0,0,0,0,0,0,0,0,0,0,0,0,0,0,0,0,0,0,0,0,0,0,0,0,0,0,0,0,0,0,0,0,0,0,0,0,0,0,0,0,0,0,0,0,0,0,0,0,0,0,0,0,0,0,0,0,0,0,0,0,0,0,0,0,0,0,0,0,0,0,0,0,0,0,0,0,0,0,0,0,0,0,0,0,0,0,0,0,0,0,0,0,0,0,0,0,0,0,0,0,0,0,0,13727,0.0000020909,0.0000149777
minecraft:polished_granite,0,0,0,0,0,0,0,0,0,0,0,0,0,0,0,0,0,0,0,0,0,0,0,0,0,0,0,0,0,0,0,0,0,0,0,0,0,1,1,0,0,0,0,0,0,0,0,0,0,0,0,0,0,0,0,0,0,0,0,0,0,0,0,0,0,0,0,2,8,17,16,11,11,11,13,7,11,11,11,26,13,19,2,15,21,12,22,29,21,35,28,48,34,51,66,55,59,66,94,154,209,240,284,379,425,427,519,391,338,330,341,296,427,601,891,1106,870,705,565,532,369,418,264,244,257,146,56,49,55,48,45,25,15,11,10,0,4,11,7,0,0,2,8,5,0,1,0,0,0,0,0,0,0,0,0,0,0,0,0,0,0,0,0,0,0,0,0,0,0,0,0,0,0,0,0,0,0,0,0,0,0,0,0,1,1,0,0,0,0,0,0,0,0,0,0,0,0,0,0,0,0,0,0,0,0,0,0,0,0,0,0,0,0,0,0,0,0,0,0,0,0,0,0,0,0,0,0,0,0,0,0,0,0,0,0,0,0,0,0,0,0,0,0,0,0,0,0,0,0,0,0,0,0,0,0,0,0,0,0,0,0,0,0,0,0,0,0,0,0,0,0,0,0,0,0,0,0,0,0,0,0,0,0,0,0,0,0,0,0,0,0,0,0,0,0,0,0,0,0,0,0,0,0,0,0,0,0,0,0,0,0,0,0,0,0,0,0,0,0,0,0,0,0,0,0,0,0,0,0,0,0,0,0,0,0,0,12929,0.0000019694,0.000014107
minecraft:stripped_spruce_wood,0,0,0,0,0,0,0,0,0,0,0,0,0,0,0,0,0,0,0,0,0,0,0,0,0,0,0,0,0,0,0,0,0,0,0,0,0,0,0,0,0,0,0,0,0,0,0,0,0,0,0,0,0,0,0,0,0,0,0,0,0,0,0,0,0,0,0,0,0,0,0,0,0,0,0,0,0,0,0,0,0,0,0,0,0,0,0,0,0,0,0,0,0,0,0,0,0,0,0,0,0,0,0,0,0,0,0,0,1,14,0,0,0,2,0,0,0,0,0,0,0,0,0,0,0,0,0,926,772,784,921,869,793,645,772,663,580,440,414,315,318,197,239,275,265,149,135,103,77,74,60,112,96,138,108,100,69,50,40,93,41,38,61,47,20,16,24,13,27,6,20,51,19,5,22,20,22,35,18,21,17,10,22,53,153,83,92,53,34,10,22,17,15,5,6,2,0,8,14,10,8,6,11,1,0,0,0,0,0,0,0,0,0,0,0,0,0,0,0,0,0,0,0,0,0,0,0,0,0,0,0,0,0,0,0,0,0,0,0,0,0,0,0,0,0,0,0,0,0,0,0,0,0,0,0,0,0,0,0,0,0,0,0,0,0,0,0,0,0,0,0,0,0,0,0,0,0,0,0,0,0,0,0,0,0,0,0,0,0,0,0,0,0,0,0,0,0,0,0,0,0,0,0,0,0,0,0,0,0,0,0,0,0,0,0,0,0,0,0,0,0,0,0,0,0,0,0,0,0,0,0,0,0,0,0,0,12787,0.0000019477,0.000013952
minecraft:packed_mud,0,0,0,0,0,0,0,0,0,0,0,0,0,0,0,0,0,0,0,0,0,0,0,0,0,0,0,0,0,0,0,0,0,0,0,0,0,0,0,0,0,0,0,0,0,0,0,0,0,0,0,0,0,0,0,0,0,0,0,0,0,0,0,0,0,0,0,0,0,0,0,0,0,0,0,0,0,0,0,0,0,0,0,0,0,0,0,0,0,0,0,0,0,0,0,0,0,0,0,0,0,0,4,7,8,24,54,137,188,279,312,626,825,937,637,649,814,676,592,505,484,455,269,215,232,229,200,159,164,163,100,74,89,62,48,80,128,146,108,119,122,120,111,113,66,67,59,67,71,80,62,98,90,84,77,49,78,76,129,90,53,17,17,9,24,4,11,12,3,3,4,2,3,3,2,3,18,16,1,0,1,0,0,0,0,0,0,0,0,0,0,0,0,0,0,0,0,0,0,0,0,0,0,0,0,0,0,0,0,0,0,0,0,0,0,0,0,0,0,0,0,0,0,0,0,0,0,0,0,0,0,0,0,0,0,0,0,0,0,0,0,0,0,0,0,0,0,0,0,0,0,0,0,0,0,0,0,0,0,0,0,0,0,0,0,0,0,0,0,0,0,0,0,0,0,0,0,0,0,0,0,0,0,0,0,0,0,0,0,0,0,0,0,0,0,0,0,0,0,0,0,0,0,0,0,0,0,0,0,0,0,0,0,0,0,0,0,0,0,0,0,0,0,0,0,0,0,0,0,0,0,0,0,0,0,0,12713,0.0000019365,0.0000138713
minecraft:acacia_slab,0,0,0,0,0,0,0,0,0,0,0,0,0,0,0,0,0,0,0,0,0,0,0,0,0,0,0,0,0,0,0,0,0,0,0,0,0,0,0,0,0,0,0,0,0,0,0,0,0,0,0,0,0,0,0,0,0,0,0,0,0,0,0,0,0,0,0,0,0,0,0,0,0,0,0,0,0,0,0,0,0,0,0,0,0,0,0,0,0,0,0,0,0,0,0,0,0,0,0,0,0,0,0,0,0,0,0,0,0,0,0,0,0,0,0,35,0,18,0,35,0,0,0,0,0,54,18,13,105,1239,1227,1756,815,583,482,476,548,482,352,341,311,115,148,256,198,364,223,241,98,44,73,4,63,179,59,44,54,18,120,70,0,109,79,66,110,133,88,123,172,96,45,18,36,9,35,0,35,38,71,0,20,20,0,0,0,2,0,0,0,0,0,0,0,0,0,0,0,0,0,0,0,18,18,9,0,0,0,0,0,0,0,0,0,0,0,0,0,0,0,0,0,0,0,0,0,0,0,0,0,0,0,0,0,0,0,0,0,0,0,0,0,0,0,0,0,0,0,0,0,0,0,0,0,0,0,0,0,0,0,0,0,0,0,0,0,0,0,0,0,0,0,0,0,0,0,0,0,0,0,0,0,0,0,0,0,0,0,0,0,0,0,0,0,0,0,0,0,0,0,0,0,0,0,0,0,0,0,0,0,0,0,0,0,0,0,0,0,0,0,0,0,0,0,0,0,0,0,0,0,0,0,0,0,0,0,0,12611,0.0000019209,0.00001376
minecraft:oak_slab,0,0,0,0,0,0,0,0,0,0,0,0,0,0,0,0,0,0,0,0,0,0,0,0,0,0,0,0,0,0,0,72,96,60,74,88,73,74,67,92,86,66,62,70,84,80,78,72,52,84,65,70,0,0,0,0,0,0,0,0,0,0,0,0,0,0,0,0,0,0,0,0,0,0,0,0,0,0,0,0,0,0,0,0,0,0,0,0,0,7,0,10,2,0,2,0,4,8,1,12,19,12,22,19,16,27,85,112,41,41,103,84,129,239,228,204,329,200,173,392,298,208,171,146,101,64,72,47,156,176,835,534,320,560,193,440,346,361,198,217,219,107,119,65,156,94,117,99,63,53,44,114,62,54,43,68,36,21,30,24,5,38,10,52,30,22,1,46,11,44,22,34,21,24,10,7,22,36,6,35,33,1,33,37,16,9,5,7,18,0,59,30,112,98,66,47,85,9,20,0,0,0,18,0,0,0,0,0,0,4,0,0,0,0,0,0,0,0,0,0,0,0,0,0,0,0,0,0,0,0,0,0,0,0,0,0,0,0,0,0,0,0,0,0,0,0,0,0,0,0,0,0,0,0,0,0,0,0,0,0,0,0,0,0,0,0,0,0,0,0,0,0,0,0,0,0,0,0,0,0,0,0,0,0,0,0,0,0,0,0,0,0,0,0,0,0,0,0,0,0,0,0,0,0,0,0,0,0,0,0,0,0,0,0,0,0,0,0,0,0,0,0,0,0,0,0,0,0,0,0,0,0,0,0,0,0,12300,0.0000018735,0.0000134207
minecraft:smooth_stone_slab,0,0,0,1,2,3,6,8,12,17,39,16,28,49,22,8,9,34,22,22,30,77,40,41,60,36,45,53,55,39,62,66,62,44,84,46,94,51,91,51,55,62,91,69,87,38,73,98,104,73,156,59,88,58,56,93,99,108,105,85,108,94,79,86,80,82,121,109,126,168,96,164,149,90,85,90,56,43,101,78,147,84,128,122,125,135,139,106,178,129,141,147,75,211,102,178,120,160,105,101,68,58,99,64,146,128,121,141,124,96,14,23,25,24,18,22,20,17,17,14,5,3,3,3,2,3,11,344,129,84,66,134,340,147,138,249,131,43,76,64,109,106,140,46,29,9,110,12,30,49,56,86,16,7,5,35,6,14,4,6,3,15,1,11,5,5,6,19,13,4,13,6,19,0,0,0,2,4,2,0,15,15,30,14,3,0,0,0,0,15,0,0,0,0,9,2,0,0,0,0,1,4,0,0,0,0,0,0,0,0,0,0,0,0,0,0,15,0,0,0,0,0,0,0,0,0,0,0,0,0,0,0,0,0,0,0,0,0,0,0,0,0,0,0,0,0,0,0,0,0,0,0,0,0,0,0,0,0,0,0,0,0,0,0,0,0,0,0,0,0,0,0,0,0,0,0,0,0,0,0,0,0,0,0,0,0,0,0,0,0,0,0,0,0,0,0,0,0,0,0,0,0,0,0,0,0,0,0,0,0,0,0,0,0,0,0,0,0,0,0,0,0,0,0,0,0,0,0,0,0,0,0,0,0,0,0,12060,0.000001837,0.0000131588
minecraft:waxed_oxidized_cut_copper_slab,0,0,0,0,0,0,0,0,0,0,0,0,0,0,0,0,0,10,20,29,27,55,30,20,18,13,41,150,144,122,139,187,236,256,237,269,343,395,361,413,500,373,373,421,407,469,383,389,339,370,412,350,311,207,343,337,266,172,168,167,106,93,68,69,57,72,71,64,142,181,110,42,13,19,27,31,24,28,40,26,36,29,11,16,25,37,27,11,6,0,0,0,0,0,0,0,0,0,0,0,0,0,0,0,0,0,0,0,0,0,0,0,0,0,0,0,0,0,0,0,0,0,0,0,0,0,0,0,0,0,0,0,0,0,0,0,0,0,0,0,0,0,0,0,0,0,0,0,0,0,0,0,0,0,0,0,0,0,0,0,0,0,0,0,0,0,0,0,0,0,0,0,0,0,0,0,0,0,0,0,0,0,0,0,0,0,0,0,0,0,0,0,0,0,0,0,0,0,0,0,0,0,0,0,0,0,0,0,0,0,0,0,0,0,0,0,0,0,0,0,0,0,0,0,0,0,0,0,0,0,0,0,0,0,0,0,0,0,0,0,0,0,0,0,0,0,0,0,0,0,0,0,0,0,0,0,0,0,0,0,0,0,0,0,0,0,0,0,0,0,0,0,0,0,0,0,0,0,0,0,0,0,0,0,0,0,0,0,0,0,0,0,0,0,0,0,0,0,0,0,0,0,0,0,0,0,0,0,0,0,0,0,0,0,0,0,0,0,0,0,0,0,0,0,0,0,0,0,0,0,0,0,0,0,0,0,11753,0.0000017902,0.0000128238
minecraft:cyan_terracotta,0,0,0,0,0,0,0,0,0,0,0,0,0,0,0,0,0,0,0,0,0,0,0,0,0,0,0,0,0,0,0,0,0,0,0,0,0,0,0,0,0,0,0,0,0,0,0,0,0,0,0,0,0,0,0,0,0,0,0,0,0,0,0,0,0,0,0,0,0,0,0,0,0,0,0,0,0,0,0,0,0,0,0,0,0,0,0,0,0,0,0,0,0,0,0,0,0,0,0,0,0,0,0,0,0,0,0,1,16,19,102,130,217,217,324,447,467,607,791,621,634,697,514,513,311,404,358,237,226,140,230,175,151,182,159,133,114,105,74,77,82,93,97,91,131,139,50,84,122,56,99,72,57,25,61,65,76,67,88,64,84,131,84,54,41,35,47,28,1,1,13,36,24,1,12,21,23,0,2,1,8,14,22,0,0,0,0,0,0,0,0,0,0,0,0,0,0,0,0,0,0,0,0,0,0,0,0,0,0,0,0,0,0,0,0,0,0,0,0,0,0,0,0,0,0,0,0,0,0,0,0,0,0,0,0,0,0,0,0,0,0,0,0,0,0,0,0,0,0,0,0,0,0,0,0,0,0,0,0,0,0,0,0,0,0,0,0,0,0,0,0,0,0,0,0,0,0,0,0,0,0,0,0,0,0,0,0,0,0,0,0,0,0,0,0,0,0,0,0,0,0,0,0,0,0,0,0,0,0,0,0,0,0,0,0,0,0,0,0,0,0,0,0,0,0,0,0,0,0,0,0,0,0,0,0,0,11695,0.0000017814,0.0000127605
minecraft:stripped_oak_log,0,0,0,0,0,0,0,0,0,0,0,0,0,0,0,0,0,0,0,0,0,0,0,0,0,0,0,0,0,0,0,0,0,0,0,0,0,0,0,0,0,0,0,0,0,0,0,0,0,0,0,0,0,0,0,0,0,0,0,0,0,0,0,0,0,0,0,0,0,0,0,0,0,0,0,0,0,0,0,0,0,0,0,0,0,0,0,0,0,0,0,0,0,0,0,0,0,0,0,0,0,0,0,0,0,0,0,0,0,0,0,0,0,0,0,0,0,0,0,0,0,0,0,0,0,0,12,698,969,1109,1207,612,466,500,471,483,449,355,322,234,205,197,192,210,218,190,158,112,68,62,54,63,75,73,53,52,40,50,69,78,85,91,79,71,69,57,65,71,74,71,54,32,24,24,40,52,52,52,44,33,29,29,25,16,20,24,20,28,16,12,12,8,8,12,12,20,20,16,12,0,0,0,0,0,0,0,2,2,6,6,4,4,4,8,8,8,4,0,0,0,0,0,0,0,0,0,0,0,0,0,0,0,0,0,0,0,0,0,0,0,0,0,0,0,0,0,0,0,0,0,0,0,0,0,0,0,0,0,0,0,0,0,0,0,0,0,0,0,0,0,0,0,0,0,0,0,0,0,0,0,0,0,0,0,0,0,0,0,0,0,0,0,0,0,0,0,0,0,0,0,0,0,0,0,0,0,0,0,0,0,0,0,0,0,0,0,0,0,0,0,0,0,0,0,0,0,0,0,0,0,0,0,0,0,0,0,11641,0.0000017732,0.0000127016
minecraft:cobblestone_wall,0,0,0,0,0,0,0,0,0,0,0,0,0,0,0,0,0,0,0,0,0,0,0,0,0,0,0,0,0,0,0,0,0,0,0,0,0,0,0,0,0,0,0,0,0,0,0,0,0,0,0,0,0,0,0,0,0,0,0,0,0,0,0,0,0,0,0,0,0,0,0,0,0,0,0,0,0,0,0,0,0,0,0,0,0,0,0,0,0,0,0,0,0,0,0,0,0,0,0,0,0,0,0,0,0,0,0,0,0,0,1,0,0,0,0,0,0,2,0,1,0,2,0,0,2,6,7,934,594,412,314,386,375,409,455,878,601,279,246,339,410,199,338,105,278,115,542,207,111,105,248,215,97,177,48,208,62,58,51,35,50,34,24,27,46,35,17,21,52,30,41,16,19,40,25,28,39,24,9,17,26,6,12,24,13,20,9,12,10,9,107,16,18,16,15,9,36,2,191,5,7,9,6,5,9,4,3,3,4,140,6,6,6,6,6,6,0,1,0,0,4,4,0,0,0,0,0,0,0,0,0,0,0,0,0,0,0,0,0,0,0,0,0,0,0,0,0,0,0,0,0,0,0,0,0,0,0,0,0,0,4,3,0,0,0,0,0,0,0,0,0,0,0,0,0,0,0,0,0,0,0,0,0,0,0,0,0,0,0,0,0,0,0,0,0,0,0,0,0,0,0,0,0,0,0,0,0,0,0,0,0,0,0,0,0,0,0,0,0,0,0,0,0,0,0,0,0,0,0,0,0,0,0,0,0,0,11244,0.0000017127,0.0000122685
minecraft:red_sandstone,0,0,0,0,0,0,0,0,0,0,0,0,0,0,0,0,0,0,0,0,0,0,0,0,0,0,0,0,0,0,0,0,0,0,0,0,0,0,0,0,0,0,0,0,0,0,0,0,0,0,0,0,0,0,0,0,0,0,0,0,0,0,0,0,0,0,0,0,0,0,0,0,0,0,0,0,0,0,0,0,0,0,0,0,0,0,0,0,0,0,0,0,0,0,0,0,0,1,0,0,0,0,1,2,0,5,0,0,0,1,0,5,7,15,26,66,40,22,29,81,230,72,74,96,97,142,1043,987,1743,389,520,577,672,616,699,489,1738,270,272,159,39,2,0,0,0,0,0,0,0,0,0,0,0,0,0,0,0,0,0,0,0,0,0,0,0,0,0,0,0,0,0,0,0,0,0,0,0,0,0,0,0,0,0,0,0,0,0,0,0,0,0,0,0,0,0,0,0,0,0,0,0,0,0,0,0,0,0,0,0,0,0,0,0,0,0,0,0,0,0,0,0,0,0,0,0,0,0,0,0,0,0,0,0,0,0,0,0,0,0,0,0,0,0,0,0,0,0,0,0,0,0,0,0,0,0,0,0,0,0,0,0,0,0,0,0,0,0,0,0,0,0,0,0,0,0,0,0,0,0,0,0,0,0,0,0,0,0,0,0,0,0,0,0,0,0,0,0,0,0,0,0,0,0,0,0,0,0,0,0,0,0,0,0,0,0,0,0,0,0,0,0,0,0,0,0,0,0,0,0,0,0,0,0,0,0,0,11227,0.0000017101,0.0000122499
minecraft:wet_sponge,0,0,0,0,0,0,0,0,0,0,0,0,0,0,0,0,0,0,0,0,0,0,0,0,0,0,0,0,0,0,0,0,0,0,0,0,0,0,0,0,0,0,0,0,0,0,0,0,0,0,0,0,0,0,0,0,0,0,0,0,0,0,0,0,0,0,0,0,0,0,0,0,0,0,0,0,0,0,0,0,0,0,0,0,0,0,0,0,0,0,0,0,0,0,0,0,0,0,0,0,0,0,0,0,0,0,0,0,0,1156,4589,0,0,1057,4300,0,0,0,0,0,0,0,0,0,0,0,0,0,0,0,0,0,0,0,0,0,0,0,0,0,0,0,0,0,0,0,0,0,0,0,0,0,0,0,0,0,0,0,0,0,0,0,0,0,0,0,0,0,0,0,0,0,0,0,0,0,0,0,0,0,0,0,0,0,0,0,0,0,0,0,0,0,0,0,0,0,0,0,0,0,0,0,0,0,0,0,0,0,0,0,0,0,0,0,0,0,0,0,0,0,0,0,0,0,0,0,0,0,0,0,0,0,0,0,0,0,0,0,0,0,0,0,0,0,0,0,0,0,0,0,0,0,0,0,0,0,0,0,0,0,0,0,0,0,0,0,0,0,0,0,0,0,0,0,0,0,0,0,0,0,0,0,0,0,0,0,0,0,0,0,0,0,0,0,0,0,0,0,0,0,0,0,0,0,0,0,0,0,0,0,0,0,0,0,0,0,0,0,0,0,0,0,0,0,0,0,0,0,0,0,0,0,0,0,0,0,11102,0.0000016911,0.0000121135
minecraft:oak_door,0,0,0,0,0,0,1,1,1,3,11,13,4,2,7,7,5,5,4,10,13,10,16,16,11,9,13,13,15,18,23,30,26,17,18,16,16,21,16,13,7,20,32,17,11,11,13,21,55,51,14,8,12,24,30,25,17,17,17,22,36,58,46,24,29,24,19,33,35,59,70,34,25,29,15,20,34,19,44,45,24,62,65,37,38,48,50,43,37,55,40,44,44,33,59,64,46,41,32,23,35,25,26,32,33,36,53,58,26,9,7,7,16,25,35,31,19,18,19,14,12,10,4,9,20,17,10,144,811,953,437,370,391,361,357,347,363,334,217,151,142,106,95,112,116,119,94,63,47,29,39,56,60,55,46,27,21,28,39,44,48,54,42,34,30,29,33,35,40,48,39,25,24,25,28,35,34,34,37,22,14,23,25,19,26,25,9,6,7,8,8,8,8,5,5,13,13,7,6,2,2,5,4,1,0,0,1,1,1,2,1,1,3,3,2,1,1,1,0,0,0,0,0,0,1,1,0,0,0,0,0,0,0,0,0,0,0,0,0,0,0,0,0,0,0,0,0,0,0,0,0,0,0,0,0,0,0,0,0,0,0,0,0,0,0,0,0,0,0,0,0,0,0,0,0,0,0,0,0,0,0,0,0,0,0,0,0,0,0,0,0,0,0,0,0,0,0,0,0,0,0,0,0,0,0,0,0,0,0,0,0,0,0,0,0,0,0,0,0,0,0,0,0,0,0,0,0,0,0,0,0,0,0,0,0,0,10556,0.0000016079,0.0000115178
minecraft:stone_brick_slab,0,0,0,0,0,0,0,0,0,0,5,2,0,5,2,5,12,31,51,52,33,30,37,22,28,28,38,40,10,38,77,66,73,52,43,24,28,26,35,48,52,58,45,36,63,60,35,64,89,45,44,41,30,40,31,57,46,30,30,36,55,51,77,79,40,27,33,57,59,49,49,49,44,71,44,55,63,33,51,54,55,59,48,28,72,75,60,66,83,68,32,47,41,45,86,74,43,58,69,34,45,67,77,81,101,133,83,66,42,27,40,103,129,132,112,112,115,99,93,95,74,57,37,59,76,52,40,170,548,486,158,133,168,185,158,144,182,123,86,89,72,61,62,77,81,82,52,28,23,29,30,33,41,21,8,16,22,18,15,33,42,19,2,24,29,28,23,10,10,14,9,31,31,18,25,29,13,31,19,13,5,5,10,13,13,12,5,8,2,2,3,1,1,2,8,9,1,0,0,6,8,3,0,0,0,0,0,0,3,2,0,1,0,1,0,0,0,0,0,3,6,0,0,0,1,17,6,0,0,0,0,0,0,0,0,0,0,0,2,0,0,0,0,0,0,0,0,0,0,0,0,0,0,0,0,0,0,0,0,0,0,0,0,0,0,0,0,0,0,0,0,0,0,0,0,0,0,0,0,0,0,0,0,0,0,0,0,0,0,0,0,0,0,0,0,0,0,0,0,0,0,0,0,0,0,0,0,0,0,0,0,0,0,0,0,0,0,0,0,0,0,0,0,0,0,0,0,0,0,0,0,0,0,0,0,0,10216,0.0000015561,0.0000111468
minecraft:white_carpet,0,0,0,0,0,0,0,0,0,0,0,0,0,0,0,0,0,0,0,0,0,0,0,0,0,0,0,0,0,0,0,0,0,0,0,0,0,0,0,0,0,0,0,0,0,0,0,0,0,0,0,0,0,0,0,0,0,0,0,0,0,0,0,0,0,0,0,0,0,0,0,0,0,0,0,0,0,0,0,0,0,0,0,0,0,0,0,0,0,0,0,0,0,0,0,0,0,0,0,0,0,0,0,0,0,0,0,0,0,0,0,0,0,0,0,0,0,0,0,0,0,0,0,0,9,0,0,1456,554,61,37,486,448,64,399,1226,992,58,18,459,421,23,356,35,471,91,388,141,7,17,148,126,42,139,28,130,13,1,1,30,10,0,0,9,0,0,0,4,11,9,9,1,0,0,0,10,9,6,18,0,0,0,0,0,0,9,0,0,0,9,453,5,0,0,0,18,0,0,428,19,9,0,0,0,0,9,0,0,0,131,2,2,0,0,0,9,0,0,0,0,0,0,0,0,0,0,0,0,0,0,0,0,0,0,0,0,0,0,0,0,0,0,0,0,0,0,9,0,0,0,0,0,0,0,0,0,0,0,0,0,0,0,0,0,0,0,0,0,0,0,0,0,0,0,0,0,0,0,0,0,0,0,0,0,0,0,0,0,0,0,0,0,0,0,0,0,0,0,0,0,0,0,0,0,0,0,0,0,0,0,0,0,0,0,0,0,0,0,0,0,0,0,0,0,0,0,0,0,0,0,0,0,0,0,0,0,10083,0.0000015359,0.0000110017
minecraft:torch,0,0,0,0,0,0,0,0,0,0,0,0,0,0,0,0,0,6,6,6,6,0,0,0,442,0,110,0,0,0,6,0,12,0,0,0,6,6,0,0,0,0,0,0,1,12,6,0,0,24,0,0,0,0,0,12,0,12,0,0,6,6,6,6,0,0,0,12,6,6,6,6,0,6,18,0,12,12,6,0,12,18,6,0,6,24,6,6,0,6,0,6,6,6,18,0,12,0,12,0,12,24,6,4,12,6,0,6,7,13,6,7,12,0,0,3,0,3,2,1,3,3,7,1,0,0,11,49,964,604,363,496,341,369,345,375,358,379,271,351,218,113,151,244,184,129,163,90,122,81,98,107,92,72,77,54,44,50,36,61,32,67,37,36,34,52,42,48,32,48,37,30,27,14,37,47,24,45,20,21,23,17,13,29,15,13,14,2,8,1,7,12,3,15,60,1,7,2,1,1,11,1,61,4,8,1,4,1,4,1,0,0,1,16,0,4,1,0,0,0,0,0,0,0,4,1,0,0,0,0,0,0,0,0,0,0,0,0,0,0,0,0,0,0,0,0,0,0,0,0,0,0,0,0,0,0,0,0,0,0,0,0,0,0,4,0,0,0,0,0,0,0,0,0,0,0,0,0,0,0,0,0,0,0,0,0,0,0,0,0,0,0,0,0,0,0,0,0,0,0,0,0,0,0,0,0,0,0,0,0,0,0,0,0,0,0,0,0,0,0,0,0,0,0,0,0,0,0,0,0,0,0,0,0,0,0,9632,0.0000014672,0.0000105096
minecraft:hanging_roots,0,0,0,0,0,0,0,0,0,0,0,0,0,0,0,0,0,0,0,0,0,0,0,0,0,22,14,12,25,16,12,12,6,17,30,43,32,46,22,29,83,66,88,72,49,64,91,74,113,125,94,74,93,119,116,99,232,226,225,185,199,187,156,186,238,246,246,157,143,177,196,118,313,235,167,146,132,129,105,90,218,143,132,101,113,136,88,76,130,143,102,104,92,91,101,67,154,70,83,88,62,51,45,51,45,49,42,32,29,30,18,20,39,43,46,28,11,20,7,10,9,14,7,2,15,15,9,10,6,21,9,4,20,7,5,6,2,1,4,6,14,4,9,5,15,5,2,2,7,7,0,0,0,0,5,0,0,0,0,0,0,0,0,0,1,3,0,0,3,3,0,0,0,0,0,0,0,0,0,0,0,0,0,0,0,7,0,0,0,0,0,1,0,0,0,0,0,0,0,0,1,3,2,0,0,0,0,0,0,0,0,0,0,0,0,0,0,0,0,0,0,0,0,0,0,0,0,0,0,0,0,0,0,0,0,0,0,0,0,0,0,0,0,0,0,0,0,0,0,0,0,0,0,0,0,0,0,0,0,0,0,0,0,0,0,0,0,0,0,0,0,0,0,0,0,0,0,0,0,0,0,0,0,0,0,0,0,0,0,0,0,0,0,0,0,0,0,0,0,0,0,0,0,0,0,0,0,0,0,0,0,0,0,0,0,0,0,0,0,0,0,0,0,0,0,0,0,0,0,0,0,0,0,0,0,0,9373,0.0000014277,0.000010227
minecraft:black_stained_glass,0,0,0,0,0,0,0,0,0,0,0,0,0,0,0,0,0,0,0,0,0,0,0,0,0,0,0,0,0,68,246,314,257,262,291,299,277,277,297,296,280,266,301,319,282,280,329,450,499,410,300,211,171,156,146,145,158,156,137,125,130,122,144,180,174,158,133,85,27,0,0,0,0,0,0,0,0,0,0,0,0,0,0,0,0,0,0,0,0,0,0,0,0,0,0,0,0,0,0,0,0,0,0,0,0,0,0,0,0,0,0,0,0,0,0,0,0,0,0,0,0,0,0,0,0,0,0,0,0,0,0,0,0,0,0,0,0,0,0,0,0,0,0,0,0,0,0,0,0,0,0,0,0,0,0,0,0,0,0,0,0,0,0,0,0,0,0,0,0,0,0,0,0,0,0,0,0,0,0,0,0,0,0,0,0,0,0,0,0,0,0,0,0,0,0,0,0,0,0,0,0,0,0,0,0,0,0,0,0,0,0,0,0,0,0,0,0,0,0,0,0,0,0,0,0,0,0,0,0,0,0,0,0,0,0,0,0,0,0,0,0,0,0,0,0,0,0,0,0,0,0,0,0,0,0,0,0,0,0,0,0,0,0,0,0,0,0,0,0,0,0,0,0,0,0,0,0,0,0,0,0,0,0,0,0,0,0,0,0,0,0,0,0,0,0,0,0,0,0,0,0,0,0,0,0,0,0,0,0,0,0,0,0,0,0,0,0,0,0,0,0,0,0,0,0,0,0,0,0,0,0,0,0,0,0,0,9158,0.000001395,0.0000099924
minecraft:deepslate_emerald_ore,0,0,0,0,0,0,0,0,0,0,0,0,0,0,0,0,0,0,0,0,0,0,0,0,0,0,0,0,0,0,0,0,0,0,0,0,0,0,0,0,0,0,0,0,0,0,16,51,89,139,165,234,241,265,369,366,364,450,466,547,551,567,530,559,576,537,472,420,335,271,205,95,0,0,0,0,0,0,0,0,0,0,0,0,0,0,0,0,0,0,0,0,0,0,0,0,0,0,0,0,0,0,0,0,0,0,0,0,0,0,0,0,0,0,0,0,0,0,0,0,0,0,0,0,0,0,0,0,0,0,0,0,0,0,0,0,0,0,0,0,0,0,0,0,0,0,0,0,0,0,0,0,0,0,0,0,0,0,0,0,0,0,0,0,0,0,0,0,0,0,0,0,0,0,0,0,0,0,0,0,0,0,0,0,0,0,0,0,0,0,0,0,0,0,0,0,0,0,0,0,0,0,0,0,0,0,0,0,0,0,0,0,0,0,0,0,0,0,0,0,0,0,0,0,0,0,0,0,0,0,0,0,0,0,0,0,0,0,0,0,0,0,0,0,0,0,0,0,0,0,0,0,0,0,0,0,0,0,0,0,0,0,0,0,0,0,0,0,0,0,0,0,0,0,0,0,0,0,0,0,0,0,0,0,0,0,0,0,0,0,0,0,0,0,0,0,0,0,0,0,0,0,0,0,0,0,0,0,0,0,0,0,0,0,0,0,0,0,0,0,0,0,0,0,0,0,0,0,0,0,0,0,0,0,0,0,8880,0.0000013526,0.0000096891
minecraft:white_candle,0,0,0,0,0,0,0,0,0,0,0,0,0,0,215,2330,23,1552,3749,0,267,533,0,0,0,0,0,0,0,0,0,0,0,0,0,0,0,0,0,0,0,0,0,0,0,0,0,0,0,0,0,0,0,0,0,0,0,0,0,0,0,0,0,0,0,0,0,0,0,0,0,0,0,0,0,0,0,0,0,0,0,0,0,0,0,0,0,0,0,0,0,0,0,0,0,0,0,0,0,0,0,0,0,0,0,0,0,0,0,0,0,0,0,0,0,0,0,0,0,0,0,0,0,0,0,0,0,0,0,0,0,0,0,0,0,0,0,0,0,0,0,0,0,0,0,0,0,0,0,0,0,0,0,0,0,0,0,0,0,0,0,0,0,0,0,0,0,0,0,0,0,0,0,0,0,0,0,0,0,0,0,0,0,0,0,0,0,0,0,0,0,0,0,0,0,0,0,0,0,0,0,0,0,0,0,0,0,0,0,0,0,0,0,0,0,0,0,0,0,0,0,0,0,0,0,0,0,0,0,0,0,0,0,0,0,0,0,0,0,0,0,0,0,0,0,0,0,0,0,0,0,0,0,0,0,0,0,0,0,0,0,0,0,0,0,0,0,0,0,0,0,0,0,0,0,0,0,0,0,0,0,0,0,0,0,0,0,0,0,0,0,0,0,0,0,0,0,0,0,0,0,0,0,0,0,0,0,0,0,0,0,0,0,0,0,0,0,0,0,0,0,0,0,0,0,0,0,0,0,0,0,0,0,0,0,0,8669,0.0000013205,0.0000094588
minecraft:suspicious_sand,0,0,0,0,0,0,0,0,0,0,0,0,0,0,0,0,0,0,0,0,0,0,0,0,0,0,0,0,0,0,0,0,0,0,0,0,3,1,1,0,0,0,0,0,0,0,0,0,0,0,4,0,1,0,0,0,0,0,0,0,0,0,0,0,0,0,0,3,5,0,5,4,2,0,5,0,0,5,10,5,0,13,13,5,20,35,23,40,25,20,43,34,45,21,43,58,47,122,152,206,221,277,374,343,367,209,138,108,94,155,277,693,1023,519,414,316,294,267,253,217,162,149,72,57,31,29,26,31,37,42,39,28,19,8,10,13,11,11,8,11,6,4,3,2,1,0,0,0,0,0,0,1,1,0,0,0,0,0,0,0,0,0,0,1,1,0,0,0,0,0,0,0,0,0,0,0,0,0,0,0,0,0,2,2,1,0,0,0,0,0,0,0,0,0,0,0,0,0,0,0,0,0,0,0,0,0,0,0,0,0,0,0,0,0,0,0,0,0,0,0,0,0,0,0,0,0,0,0,0,0,0,0,0,0,0,0,0,0,0,0,0,0,0,0,0,0,0,0,0,0,0,0,0,0,0,0,0,0,0,0,0,0,0,0,0,0,0,0,0,0,0,0,0,0,0,0,0,0,0,0,0,0,0,0,0,0,0,0,0,0,0,0,0,0,0,0,0,0,0,0,0,0,0,0,0,0,0,0,0,0,0,0,0,0,0,0,0,0,0,0,0,0,0,0,0,0,0,0,0,0,0,0,0,0,0,0,8397,0.000001279,0.0000091621
minecraft:blue_orchid,0,0,0,0,0,0,0,0,0,0,0,0,0,0,0,0,0,0,0,0,0,0,0,0,0,0,0,0,0,0,0,0,0,0,0,0,0,0,0,0,0,0,0,0,0,0,0,0,0,0,0,0,0,0,0,0,0,0,0,0,0,0,0,0,0,0,0,0,0,0,0,0,0,0,0,0,0,0,0,0,0,0,0,0,0,0,0,0,0,0,0,0,0,0,0,0,0,0,0,0,0,0,0,0,0,0,0,0,0,0,0,0,0,0,4,0,1,2,0,0,0,0,0,0,0,0,3,1349,2443,758,673,587,534,416,323,254,148,112,92,53,52,23,4,6,8,5,9,10,18,12,4,23,3,0,0,0,0,0,0,1,4,10,17,2,3,0,1,0,0,0,0,0,0,0,0,1,0,1,1,1,1,0,0,0,0,0,0,0,0,0,0,0,0,0,0,0,0,0,0,0,0,0,0,0,0,0,0,0,0,0,0,0,0,0,0,0,0,0,0,0,0,0,0,0,0,0,0,0,0,0,0,0,0,0,0,0,0,0,0,0,0,0,0,0,0,0,0,0,0,0,0,0,0,0,0,0,0,0,0,0,0,0,0,0,0,0,0,0,0,0,0,0,0,0,0,0,0,0,0,0,0,0,0,0,0,0,0,0,0,0,0,0,0,0,0,0,0,0,0,0,0,0,0,0,0,0,0,0,0,0,0,0,0,0,0,0,0,0,0,0,0,0,0,0,0,0,0,0,0,0,0,0,0,0,0,0,7972,0.0000012143,0.0000086983
minecraft:jungle_fence,0,0,0,0,0,0,0,0,0,0,0,0,0,0,0,0,0,0,0,0,0,0,0,0,0,0,0,0,0,0,0,0,0,0,0,0,0,0,0,0,0,0,0,0,0,0,0,0,0,0,0,0,0,0,0,0,0,0,0,0,0,0,0,0,0,0,0,0,0,0,0,0,0,0,0,0,0,0,0,0,0,0,0,0,0,0,0,0,0,0,0,10,2,12,3,3,20,14,32,40,87,79,101,160,113,168,162,216,205,223,266,221,327,308,347,457,374,502,494,536,415,317,281,237,231,143,144,132,142,103,95,45,7,9,2,9,8,2,6,1,5,0,4,0,0,9,0,0,0,0,0,0,0,0,0,0,0,0,0,0,0,0,0,0,0,0,0,0,0,0,0,0,0,0,0,0,0,0,0,0,0,0,0,0,0,0,0,0,0,0,0,0,0,0,0,0,0,0,0,0,0,0,0,0,0,0,0,0,0,0,0,0,0,0,0,0,0,0,0,0,0,0,0,0,0,0,0,0,0,0,0,0,0,0,0,0,0,0,0,0,0,0,0,0,0,0,0,0,0,0,0,0,0,0,0,0,0,0,0,0,0,0,0,0,0,0,0,0,0,0,0,0,0,0,0,0,0,0,0,0,0,0,0,0,0,0,0,0,0,0,0,0,0,0,0,0,0,0,0,0,0,0,0,0,0,0,0,0,0,0,0,0,0,0,0,0,0,0,0,0,0,0,0,0,0,0,0,0,0,0,0,0,0,0,0,0,7829,0.0000011925,0.0000085423
minecraft:smooth_sandstone_slab,0,0,0,0,0,0,0,0,0,0,0,0,0,0,0,0,0,0,0,0,0,0,0,0,0,0,0,0,0,0,0,0,0,0,0,0,0,0,0,0,0,0,0,0,0,0,0,0,0,0,0,0,0,0,0,0,0,0,0,0,0,0,0,0,0,0,0,0,0,0,0,0,0,0,0,0,0,0,0,0,0,0,0,0,0,0,0,0,0,0,0,0,0,0,0,0,0,0,0,0,0,0,0,0,0,0,0,0,0,0,0,0,0,0,0,0,14,2,0,0,0,0,0,0,0,0,3,89,115,570,962,742,556,344,290,330,316,473,536,397,303,203,207,177,147,130,93,65,41,14,36,37,58,61,122,9,23,28,24,45,59,27,13,24,0,0,0,6,10,8,0,0,0,0,0,0,0,0,0,0,0,0,0,0,0,0,0,0,0,0,0,0,0,0,0,0,0,0,0,0,0,0,0,0,0,0,0,0,0,0,0,0,0,0,0,0,0,0,0,0,0,0,0,0,0,0,0,0,0,0,0,0,0,0,0,0,0,0,0,0,0,0,0,0,0,0,0,0,0,0,0,0,0,0,0,0,0,0,0,0,0,0,0,0,0,0,0,0,0,0,0,0,0,0,0,0,0,0,0,0,0,0,0,0,0,0,0,0,0,0,0,0,0,0,0,0,0,0,0,0,0,0,0,0,0,0,0,0,0,0,0,0,0,0,0,0,0,0,0,0,0,0,0,0,0,0,0,0,0,0,0,0,0,0,0,0,7709,0.0000011742,0.0000084114
minecraft:mossy_stone_brick_slab,0,0,0,0,0,0,0,0,0,0,0,0,0,0,0,0,1,10,14,13,7,5,6,13,13,6,9,14,2,9,14,11,25,12,6,5,11,6,3,14,11,15,7,7,16,19,7,14,13,12,9,11,6,8,4,8,15,15,6,12,17,19,25,10,4,4,6,15,9,6,8,12,11,20,12,14,15,14,19,6,6,15,5,3,12,21,33,21,12,11,20,11,18,14,24,26,14,32,77,69,94,121,191,145,200,210,151,91,71,74,85,232,494,555,430,197,239,281,229,186,149,106,72,55,49,52,41,109,213,245,89,68,74,70,87,70,79,55,40,22,20,43,38,36,33,23,19,14,7,15,13,11,25,12,3,7,12,11,9,7,13,11,2,7,11,2,8,1,4,5,6,4,6,4,16,16,10,2,8,2,4,1,4,8,5,2,4,1,0,0,0,0,1,1,2,1,0,0,0,1,3,2,0,0,0,0,0,0,1,0,0,0,0,0,0,0,0,0,0,1,1,0,0,0,0,5,3,0,0,0,0,0,0,0,0,0,0,0,1,0,0,0,0,0,0,0,0,0,0,0,0,0,0,0,0,0,0,0,0,0,0,0,0,0,0,0,0,0,0,0,0,0,0,0,0,0,0,0,0,0,0,0,0,0,0,0,0,0,0,0,0,0,0,0,0,0,0,0,0,0,0,0,0,0,0,0,0,0,0,0,0,0,0,0,0,0,0,0,0,0,0,0,0,0,0,0,0,0,0,0,0,0,0,0,0,0,7703,0.0000011733,0.0000084048
minecraft:dark_oak_slab,0,0,0,0,0,0,0,0,0,0,0,0,0,0,0,0,0,0,0,0,0,0,0,0,0,0,0,0,0,0,0,0,0,0,0,0,0,0,0,0,0,0,0,0,0,0,0,0,0,0,0,0,0,0,0,0,0,0,0,0,0,0,0,0,0,0,0,0,0,0,0,0,0,0,0,0,0,0,0,0,0,0,0,0,0,0,0,0,0,0,0,0,0,0,0,0,0,3,2,7,13,28,13,33,97,22,29,82,23,64,108,47,99,96,114,226,184,269,262,278,230,229,155,101,102,63,39,165,95,162,405,269,190,108,147,203,149,215,306,234,176,103,80,73,66,73,108,93,69,37,50,49,52,56,40,29,12,16,32,8,23,16,36,65,7,8,38,12,16,44,8,33,0,16,33,0,8,36,4,0,0,8,12,0,0,8,0,0,0,0,0,5,0,8,28,4,0,0,4,0,0,0,8,0,0,0,0,5,4,12,24,4,0,0,4,0,0,0,8,0,0,0,0,0,0,0,0,0,0,0,0,0,0,0,0,0,0,0,0,0,0,0,0,0,0,0,0,5,0,8,20,0,0,0,4,0,0,0,8,0,0,0,0,0,0,0,0,0,0,0,0,0,0,0,0,0,0,0,0,0,0,0,0,0,0,0,0,0,0,0,0,0,0,0,0,0,0,0,0,0,0,0,0,0,0,0,0,0,0,0,0,0,0,0,0,0,0,0,0,0,0,0,0,0,0,0,0,0,0,0,0,0,0,0,0,0,7482,0.0000011397,0.0000081637
minecraft:melon_stem,0,0,0,0,0,0,0,0,0,0,0,0,0,0,0,0,0,0,0,0,0,0,0,0,0,0,0,0,0,0,0,0,0,0,0,0,0,0,0,0,0,0,0,0,0,0,0,0,0,0,0,0,0,0,0,0,0,0,0,0,0,0,0,0,0,0,0,0,0,0,0,0,0,0,0,0,0,0,0,0,0,0,0,0,0,0,0,0,0,0,0,0,0,0,1,6,0,0,0,0,0,0,0,1,0,0,1,2,0,1,0,4,0,0,3,2,1,4,1,7,6,19,9,9,18,13,36,1619,565,276,283,304,350,365,256,332,215,125,147,87,140,131,117,216,158,93,67,73,80,79,80,51,48,34,30,30,41,62,37,61,37,36,54,25,30,65,44,23,22,21,21,20,12,29,35,8,42,11,15,1,4,0,1,3,6,0,1,0,0,0,1,0,2,1,0,0,1,3,3,0,12,0,0,0,0,0,0,0,0,0,0,0,0,0,0,0,0,0,0,0,0,0,0,0,0,0,0,0,0,0,0,0,0,0,0,0,0,0,0,0,0,0,0,0,0,0,0,0,0,0,0,0,0,0,0,0,0,0,0,0,0,0,0,0,0,0,0,0,0,0,0,0,0,0,0,0,0,0,0,0,0,0,0,0,0,0,0,0,0,0,0,0,0,0,0,0,0,0,0,0,0,0,0,0,0,0,0,0,0,0,0,0,0,0,0,0,0,0,0,0,0,0,0,0,0,0,0,0,0,0,0,0,0,0,0,0,7285,0.0000011097,0.0000079487
minecraft:bee_nest,0,0,0,0,0,0,0,0,0,0,0,0,0,0,0,0,0,0,0,0,0,0,0,0,0,0,0,0,0,0,0,0,0,0,0,0,0,0,0,0,0,0,0,0,0,0,0,0,0,0,0,0,0,0,0,0,0,0,0,0,0,0,0,0,0,0,0,0,0,0,0,0,0,0,0,0,0,0,0,0,0,0,0,0,0,0,0,0,0,0,0,0,0,0,0,0,0,0,0,0,0,0,0,0,0,0,0,0,0,0,0,0,0,0,0,0,0,0,0,0,0,1,1,2,9,3,4,85,295,426,437,422,384,407,380,420,413,365,261,160,125,123,129,100,117,100,76,60,55,42,38,58,65,63,51,37,50,34,36,49,72,43,45,39,26,32,39,44,45,53,48,29,27,35,42,43,42,63,28,40,26,31,28,33,34,42,44,29,23,22,16,29,20,19,25,21,8,11,2,2,6,14,5,2,5,2,2,2,3,1,7,2,2,3,0,0,0,1,0,0,1,0,1,0,0,0,0,0,0,0,0,0,0,0,0,0,0,0,0,0,0,0,0,0,0,0,0,0,0,0,0,0,0,0,0,0,0,0,0,0,0,0,0,0,0,0,0,0,0,0,0,0,0,0,0,0,0,0,0,0,0,0,0,0,0,0,0,0,0,0,0,0,0,0,0,0,0,0,0,0,0,0,0,0,0,0,0,0,0,0,0,0,0,0,0,0,0,0,0,0,0,0,0,0,0,0,0,0,0,0,0,0,0,0,0,0,7242,0.0000011031,0.0000079018
minecraft:polished_deepslate_stairs,0,0,0,0,0,0,0,0,0,0,0,0,0,837,2185,160,79,81,2213,0,119,119,0,0,1332,0,0,0,0,0,0,0,0,0,0,0,0,0,0,0,0,0,0,0,0,0,0,0,0,0,0,0,0,0,0,0,0,0,0,0,0,0,0,0,0,0,0,0,0,0,0,0,0,0,0,0,0,0,0,0,0,0,0,0,0,0,0,0,0,0,0,0,0,0,0,0,0,0,0,0,0,0,0,0,0,0,0,0,0,0,0,0,0,0,0,0,0,0,0,0,0,0,0,0,0,0,0,0,0,0,0,0,0,0,0,0,0,0,0,0,0,0,0,0,0,0,0,0,0,0,0,0,0,0,0,0,0,0,0,0,0,0,0,0,0,0,0,0,0,0,0,0,0,0,0,0,0,0,0,0,0,0,0,0,0,0,0,0,0,0,0,0,0,0,0,0,0,0,0,0,0,0,0,0,0,0,0,0,0,0,0,0,0,0,0,0,0,0,0,0,0,0,0,0,0,0,0,0,0,0,0,0,0,0,0,0,0,0,0,0,0,0,0,0,0,0,0,0,0,0,0,0,0,0,0,0,0,0,0,0,0,0,0,0,0,0,0,0,0,0,0,0,0,0,0,0,0,0,0,0,0,0,0,0,0,0,0,0,0,0,0,0,0,0,0,0,0,0,0,0,0,0,0,0,0,0,0,0,0,0,0,0,0,0,0,0,0,0,0,0,0,0,0,0,0,0,0,0,0,0,0,0,0,0,0,0,7125,0.0000010853,0.0000077742
minecraft:oak_trapdoor,0,0,0,0,0,0,0,0,0,0,0,0,0,0,0,0,0,0,0,0,0,0,0,0,0,0,0,0,0,0,0,0,0,0,0,0,0,0,0,0,0,0,0,0,0,0,0,0,0,0,0,0,0,0,0,0,0,0,0,0,0,0,0,0,0,0,0,0,0,0,0,0,0,0,0,0,0,0,0,0,0,0,0,0,0,0,0,0,0,0,0,0,0,0,0,0,25,2,9,31,2,29,46,102,81,137,165,119,74,35,47,91,27,87,194,357,378,211,173,260,142,133,117,61,89,77,115,723,324,154,139,93,228,131,135,137,131,74,65,51,53,61,69,79,91,14,18,22,17,15,18,4,18,17,16,25,8,8,33,21,35,20,10,11,27,20,12,49,51,19,5,18,0,16,9,16,16,22,0,14,2,6,4,2,1,0,0,0,12,5,0,20,0,0,8,0,0,8,0,0,0,0,0,0,1,0,0,0,0,0,4,0,0,0,1,0,0,0,0,0,0,0,0,4,8,0,0,0,0,0,0,0,0,0,0,0,0,0,0,0,0,0,0,0,0,1,0,0,0,0,0,0,0,0,0,0,0,0,0,0,0,0,0,0,0,0,0,0,0,0,0,0,0,0,0,0,0,0,0,0,0,0,0,0,0,0,0,0,0,0,0,0,0,0,0,0,0,0,0,0,0,0,0,0,0,0,0,0,0,0,0,0,0,0,0,0,0,0,0,0,0,0,0,0,0,0,0,0,0,0,0,0,0,0,0,0,6865,0.0000010457,0.0000074905
minecraft:soul_fire,0,0,0,0,0,0,0,0,0,0,0,0,0,0,0,0,0,0,0,0,533,0,6254,0,0,0,0,0,0,0,0,0,0,0,0,0,0,0,0,0,0,0,0,0,0,0,0,0,0,0,0,0,0,0,0,0,0,0,0,0,0,0,0,0,0,0,0,0,0,0,0,0,0,0,0,0,0,0,0,0,0,0,0,0,0,0,0,0,0,0,0,0,0,0,0,0,0,0,0,0,0,0,0,0,0,0,0,0,0,0,0,0,0,0,0,0,0,0,0,0,0,0,0,0,0,0,0,0,0,0,0,0,0,0,0,0,0,0,0,0,0,0,0,0,0,0,0,0,0,0,0,0,0,0,0,0,0,0,0,0,0,0,0,0,0,0,0,0,0,0,0,0,0,0,0,0,0,0,0,0,0,0,0,0,0,0,0,0,0,0,0,0,0,0,0,0,0,0,0,0,0,0,0,0,0,0,0,0,0,0,0,0,0,0,0,0,0,0,0,0,0,0,0,0,0,0,0,0,0,0,0,0,0,0,0,0,0,0,0,0,0,0,0,0,0,0,0,0,0,0,0,0,0,0,0,0,0,0,0,0,0,0,0,0,0,0,0,0,0,0,0,0,0,0,0,0,0,0,0,0,0,0,0,0,0,0,0,0,0,0,0,0,0,0,0,0,0,0,0,0,0,0,0,0,0,0,0,0,0,0,0,0,0,0,0,0,0,0,0,0,0,0,0,0,0,0,0,0,0,0,0,0,0,0,0,0,6787,0.0000010338,0.0000074054
minecraft:soul_sand,0,0,0,0,0,0,0,0,0,0,0,0,0,0,0,0,0,0,0,509,0,5767,0,0,0,0,0,0,0,0,0,0,0,0,0,0,0,0,0,0,0,0,0,0,0,0,0,0,0,0,0,0,0,0,0,0,0,0,0,0,0,0,0,0,0,0,0,0,0,0,0,0,0,0,0,0,0,0,0,0,0,0,0,0,0,0,0,0,0,0,0,0,0,0,0,0,0,0,0,0,0,0,0,0,0,0,0,0,0,0,0,0,0,0,0,0,0,0,0,0,0,0,0,0,0,0,0,0,0,0,0,0,0,0,0,0,0,0,0,0,0,0,0,0,0,0,0,0,0,0,0,0,0,0,0,0,0,0,0,0,0,0,0,0,0,0,0,0,0,0,0,0,0,0,0,0,0,0,0,0,0,0,0,0,0,0,0,0,0,0,0,0,0,0,0,0,0,0,0,0,0,0,0,0,0,0,0,0,0,0,0,0,0,0,0,0,0,0,0,0,0,0,0,0,0,0,0,0,0,0,0,0,0,0,0,0,0,0,0,0,0,0,0,0,0,0,0,0,0,0,0,0,0,0,0,0,0,0,0,0,0,0,0,0,0,0,0,0,0,0,0,0,0,0,0,0,0,0,0,0,0,0,0,0,0,0,0,0,0,0,0,0,0,0,0,0,0,0,0,0,0,0,0,0,0,0,0,0,0,0,0,0,0,0,0,0,0,0,0,0,0,0,0,0,0,0,0,0,0,0,0,0,0,0,0,0,6276,0.000000956,0.0000068478
minecraft:light_blue_wool,0,0,0,0,0,0,0,0,0,0,0,0,0,0,739,922,185,61,3961,0,0,0,0,0,0,0,0,0,0,0,0,0,0,0,0,0,0,0,0,0,0,0,0,0,0,0,0,0,0,0,0,0,0,0,0,0,0,0,0,0,0,0,0,0,0,0,0,0,0,0,0,0,0,0,0,0,0,0,0,0,0,0,0,0,0,0,0,0,0,0,0,0,0,0,0,0,0,0,0,0,0,0,0,0,0,0,0,0,0,0,0,0,0,0,0,0,0,0,0,0,0,0,0,0,0,0,0,48,44,18,2,48,44,18,2,0,24,22,9,1,0,0,0,0,0,0,0,0,0,0,0,0,0,0,0,0,0,0,0,0,0,0,0,0,0,0,0,0,0,0,0,0,0,0,0,0,0,0,0,0,0,0,0,0,0,0,0,0,0,0,0,0,0,0,0,0,0,0,0,0,0,0,0,0,0,0,0,0,0,0,0,0,0,0,0,0,0,0,0,0,0,0,0,0,0,0,0,0,0,0,0,0,0,0,0,0,0,0,0,0,0,0,0,0,0,0,0,0,0,0,0,0,0,0,0,0,0,0,0,0,0,0,0,0,0,0,0,0,0,0,0,0,0,0,0,0,0,0,0,0,0,0,0,0,0,0,0,0,0,0,0,0,0,0,0,0,0,0,0,0,0,0,0,0,0,0,0,0,0,0,0,0,0,0,0,0,0,0,0,0,0,0,0,0,0,0,0,0,0,0,0,0,0,0,0,0,6148,0.0000009365,0.0000067082
minecraft:reinforced_deepslate,0,0,0,0,0,0,0,0,0,0,0,0,0,0,0,0,0,0,0,0,0,0,0,0,0,0,0,0,0,2399,218,218,218,218,218,218,2399,0,0,0,0,0,0,0,0,0,0,0,0,0,0,0,0,0,0,0,0,0,0,0,0,0,0,0,0,0,0,0,0,0,0,0,0,0,0,0,0,0,0,0,0,0,0,0,0,0,0,0,0,0,0,0,0,0,0,0,0,0,0,0,0,0,0,0,0,0,0,0,0,0,0,0,0,0,0,0,0,0,0,0,0,0,0,0,0,0,0,0,0,0,0,0,0,0,0,0,0,0,0,0,0,0,0,0,0,0,0,0,0,0,0,0,0,0,0,0,0,0,0,0,0,0,0,0,0,0,0,0,0,0,0,0,0,0,0,0,0,0,0,0,0,0,0,0,0,0,0,0,0,0,0,0,0,0,0,0,0,0,0,0,0,0,0,0,0,0,0,0,0,0,0,0,0,0,0,0,0,0,0,0,0,0,0,0,0,0,0,0,0,0,0,0,0,0,0,0,0,0,0,0,0,0,0,0,0,0,0,0,0,0,0,0,0,0,0,0,0,0,0,0,0,0,0,0,0,0,0,0,0,0,0,0,0,0,0,0,0,0,0,0,0,0,0,0,0,0,0,0,0,0,0,0,0,0,0,0,0,0,0,0,0,0,0,0,0,0,0,0,0,0,0,0,0,0,0,0,0,0,0,0,0,0,0,0,0,0,0,0,0,0,0,0,0,0,0,0,6106,0.0000009301,0.0000066623
minecraft:jungle_slab,0,0,0,0,0,0,0,0,0,0,0,0,0,0,0,0,0,0,0,0,0,0,0,0,0,0,0,0,0,0,0,0,0,0,0,0,0,0,0,0,0,0,0,0,0,0,0,0,0,0,0,0,0,0,0,0,0,0,0,0,0,0,0,0,0,0,0,0,0,0,0,0,0,0,0,0,0,0,0,0,0,0,0,0,0,0,0,0,0,2,0,1,0,0,1,0,3,5,16,20,33,30,47,69,199,267,110,251,188,111,130,71,109,133,225,213,276,366,416,473,347,415,210,251,177,106,40,86,134,147,89,13,2,8,11,0,0,0,0,0,0,1,0,8,11,0,0,0,0,0,0,0,0,0,0,0,0,0,0,0,0,0,0,0,0,0,0,0,0,0,0,0,0,0,0,0,0,0,0,0,0,0,0,0,0,0,0,0,0,0,0,0,0,0,0,0,0,0,0,0,0,0,0,0,0,0,0,0,0,0,0,0,0,0,0,0,0,0,0,0,0,0,0,0,0,0,0,0,0,0,0,0,0,0,0,0,0,0,0,0,0,0,0,0,0,0,0,0,0,0,0,0,0,0,0,0,0,0,0,0,0,0,0,0,0,0,0,0,0,0,0,0,0,0,0,0,0,0,0,0,0,0,0,0,0,0,0,0,0,0,0,0,0,0,0,0,0,0,0,0,0,0,0,0,0,0,0,0,0,0,0,0,0,0,0,0,0,0,0,0,0,0,0,0,0,0,0,0,0,0,0,0,0,0,0,0,5821,0.0000008867,0.0000063514
minecraft:redstone_wire,0,0,0,0,0,0,0,0,0,0,0,0,0,0,0,2457,1825,260,551,0,0,0,0,0,0,0,0,0,2,0,1,2,0,2,0,1,3,0,0,2,1,1,0,4,1,2,1,0,4,1,0,0,1,0,1,1,0,1,1,0,0,0,0,0,0,0,0,0,0,0,0,0,0,0,0,0,0,0,0,0,0,0,0,0,0,0,0,0,0,0,0,0,0,0,0,0,0,0,0,0,0,0,0,0,0,0,0,0,0,0,0,0,0,0,0,0,0,0,0,0,0,0,0,0,0,11,25,63,39,21,82,77,55,25,28,18,20,5,1,11,14,15,15,4,1,11,3,1,0,11,3,1,0,0,11,3,1,0,0,0,11,14,15,4,1,11,3,1,11,3,1,0,0,22,17,5,1,0,0,0,0,0,0,0,0,0,0,0,0,0,0,0,0,0,0,0,0,0,0,0,0,0,0,0,0,0,0,0,0,0,0,0,0,0,0,0,0,0,0,0,0,0,0,0,0,0,0,0,0,0,0,0,0,0,0,0,0,0,0,0,0,0,0,0,0,0,0,0,0,0,0,0,0,0,0,0,0,0,0,0,0,0,0,0,0,0,0,0,0,0,0,0,0,0,0,0,0,0,0,0,0,0,0,0,0,0,0,0,0,0,0,0,0,0,0,0,0,0,0,0,0,0,0,0,0,0,0,0,0,0,0,0,0,0,0,0,0,0,0,0,0,0,0,0,0,0,0,0,0,0,0,0,0,0,0,0,5821,0.0000008867,0.0000063514
minecraft:cobbled_deepslate_stairs,0,0,0,0,0,0,0,0,0,0,0,0,0,2851,896,531,1060,0,0,0,0,0,0,0,0,0,0,0,0,0,0,0,0,0,0,0,0,0,0,0,0,0,0,0,0,0,0,0,0,0,0,0,0,0,0,0,0,0,0,0,0,0,0,0,0,0,0,0,0,0,0,0,0,0,0,0,0,0,0,0,0,0,0,0,0,0,0,0,0,0,0,0,0,0,0,0,0,0,0,0,0,0,0,0,0,0,0,0,0,0,0,0,0,0,0,0,0,0,0,0,0,0,0,0,0,0,0,0,0,0,0,0,0,0,0,0,0,0,0,0,0,0,0,0,0,0,0,0,0,0,0,0,0,0,0,0,0,0,0,0,0,0,0,0,0,0,0,0,0,0,0,0,0,0,0,0,0,0,0,0,0,0,0,0,0,0,0,0,0,0,0,0,0,0,0,0,0,0,0,0,0,0,0,0,0,0,0,0,0,0,0,0,0,0,0,0,0,0,0,0,0,0,0,0,0,0,0,0,0,0,0,0,0,0,0,0,0,0,0,0,0,0,0,0,0,0,0,0,0,0,0,0,0,0,0,0,0,0,0,0,0,0,0,0,0,0,0,0,0,0,0,0,0,0,0,0,0,0,0,0,0,0,0,0,0,0,0,0,0,0,0,0,0,0,0,0,0,0,0,0,0,0,0,0,0,0,0,0,0,0,0,0,0,0,0,0,0,0,0,0,0,0,0,0,0,0,0,0,0,0,0,0,0,0,0,0,5338,0.0000008131,0.0000058244
minecraft:stone_button,0,0,0,0,0,0,2,2,4,1,0,14,11,0,21,13,22,2,39,40,61,49,48,94,96,89,157,102,102,139,141,139,100,132,122,123,86,148,162,117,98,132,133,135,52,60,46,48,57,86,43,19,6,33,41,35,31,32,18,26,18,54,62,21,34,41,12,20,41,57,68,39,21,31,38,16,40,16,10,72,12,28,63,24,36,31,34,49,51,44,56,7,58,4,40,58,42,23,54,8,30,11,20,25,13,20,34,72,35,0,8,0,0,0,0,0,0,0,0,0,0,0,0,0,0,0,0,0,6,3,0,0,0,0,0,0,3,0,0,0,3,0,0,0,0,0,0,0,0,0,0,0,0,0,0,0,0,0,0,0,0,0,0,0,0,0,0,0,0,0,0,0,0,0,0,0,0,0,0,0,0,0,0,0,0,0,0,0,0,0,0,0,0,0,0,0,0,0,0,0,0,0,0,0,0,0,0,0,0,0,0,0,0,0,0,0,0,0,0,0,0,0,0,0,0,0,0,0,0,0,0,0,0,0,0,0,0,0,0,0,0,0,0,0,0,0,0,0,0,0,0,0,0,0,0,0,0,0,0,0,0,0,0,0,0,0,0,0,0,0,0,0,0,0,0,0,0,0,0,0,0,0,0,0,0,0,0,0,0,0,0,0,0,0,0,0,0,0,0,0,0,0,0,0,0,0,0,0,0,0,0,0,0,0,0,0,0,0,0,0,0,0,0,0,0,0,0,0,0,0,0,0,0,0,0,0,5225,0.0000007959,0.0000057011
minecraft:purple_bed,0,0,0,0,0,0,0,0,0,0,0,0,0,0,0,0,0,0,0,0,0,0,0,0,0,0,14,15,10,22,22,128,150,130,176,152,136,150,181,210,178,176,164,190,168,176,180,132,118,164,162,210,66,80,56,38,64,31,44,24,32,34,30,14,18,24,30,28,40,12,19,0,0,0,0,0,0,0,0,0,0,0,0,0,0,0,0,0,0,0,0,0,0,0,0,0,0,0,0,0,0,0,0,0,0,0,0,0,0,0,0,0,0,0,0,0,0,0,0,0,0,0,2,0,0,0,2,16,132,36,38,62,44,30,47,34,56,40,20,14,8,6,10,8,6,4,6,4,2,4,4,2,4,8,4,2,2,4,2,2,2,0,6,2,2,2,2,2,2,2,6,2,2,2,2,0,4,4,0,2,0,4,0,6,0,2,2,0,0,0,0,0,0,0,0,0,0,0,0,0,0,0,0,0,0,0,0,0,0,0,0,0,0,0,0,0,0,0,0,0,0,0,0,0,0,0,0,0,0,0,0,0,0,0,0,0,0,0,0,0,0,0,0,0,0,0,0,0,0,0,0,0,0,0,0,0,0,0,0,0,0,0,0,0,0,0,0,0,0,0,0,0,0,0,0,0,0,0,0,0,0,0,0,0,0,0,0,0,0,0,0,0,0,0,0,0,0,0,0,0,0,0,0,0,0,0,0,0,0,0,0,0,0,0,0,0,0,0,0,0,0,0,0,0,0,0,0,0,0,0,0,0,0,0,0,0,4923,0.0000007499,0.0000053715
minecraft:white_concrete,0,0,0,0,0,0,0,0,0,0,0,0,0,0,0,0,0,0,0,0,0,0,0,0,0,0,0,0,0,0,0,0,104,164,133,141,168,184,182,144,156,134,154,96,148,158,178,132,140,184,277,224,297,84,68,88,108,76,60,104,96,80,68,68,64,72,84,96,88,47,0,0,0,0,0,0,0,0,0,0,0,0,0,0,0,0,0,0,0,0,0,0,0,0,0,0,0,0,0,0,0,0,0,0,0,0,0,0,0,0,0,0,0,0,0,0,0,0,0,0,0,0,0,0,0,0,0,0,0,0,0,0,0,0,0,0,0,0,0,0,0,0,0,0,0,0,0,0,0,0,0,0,0,0,0,0,0,0,0,0,0,0,0,0,0,0,0,0,0,0,0,0,0,0,0,0,0,0,0,0,0,0,0,0,0,0,0,0,0,0,0,0,0,0,0,0,0,0,0,0,0,0,0,0,0,0,0,0,0,0,0,0,0,0,0,0,0,0,0,0,0,0,0,0,0,0,0,0,0,0,0,0,0,0,0,0,0,0,0,0,0,0,0,0,0,0,0,0,0,0,0,0,0,0,0,0,0,0,0,0,0,0,0,0,0,0,0,0,0,0,0,0,0,0,0,0,0,0,0,0,0,0,0,0,0,0,0,0,0,0,0,0,0,0,0,0,0,0,0,0,0,0,0,0,0,0,0,0,0,0,0,0,0,0,0,0,0,0,0,0,0,0,0,0,0,0,0,0,0,0,0,0,0,0,0,0,4849,0.0000007386,0.0000052908
minecraft:carrots,0,0,0,0,0,0,0,0,0,0,0,0,0,0,0,0,0,0,0,0,0,0,0,0,0,0,0,0,0,0,0,0,0,0,0,0,0,0,0,0,0,0,0,0,0,0,0,0,0,0,0,0,0,0,0,0,0,0,0,0,0,0,0,0,0,0,0,0,0,0,0,0,0,0,0,0,0,0,0,0,0,0,0,0,0,0,0,0,0,0,0,0,0,0,0,0,0,0,0,0,0,0,0,10,0,0,0,0,0,0,0,0,7,0,0,10,0,0,0,0,0,0,7,0,0,9,4,11,912,311,242,209,181,276,261,256,296,201,73,42,15,64,178,158,32,29,15,28,40,31,39,45,38,32,19,0,10,12,29,37,32,34,15,18,0,6,3,23,36,39,10,4,14,28,0,18,20,52,19,7,8,15,10,17,0,13,3,15,9,0,18,17,37,0,0,22,0,0,0,4,0,0,10,0,0,0,0,3,0,10,0,0,0,0,10,0,0,0,0,0,0,0,0,0,0,3,0,0,0,0,0,0,0,0,0,0,0,0,0,0,0,0,0,0,0,0,0,0,0,0,0,0,0,0,0,0,0,0,0,0,0,0,0,0,0,0,0,0,0,0,0,0,0,0,0,0,0,0,0,0,0,0,0,0,0,0,0,0,0,0,0,0,0,0,0,0,0,0,0,0,0,0,0,0,0,0,0,0,0,0,0,0,0,0,0,0,0,0,0,0,0,0,0,0,0,0,0,0,0,0,0,0,0,0,0,0,4771,0.0000007267,0.0000052057
minecraft:tripwire,0,0,0,0,0,0,0,0,0,0,0,0,0,0,0,0,0,0,0,0,0,0,0,0,0,0,150,180,110,156,178,133,176,150,216,170,231,139,170,218,126,143,115,140,262,153,246,23,30,72,33,20,30,47,64,23,63,30,53,53,10,10,50,20,0,0,0,0,0,0,0,0,0,0,0,0,0,0,0,0,0,0,0,0,0,0,0,0,0,0,0,0,0,0,0,0,0,0,0,0,0,0,0,0,0,0,0,0,0,0,0,0,0,0,0,0,0,0,0,0,0,0,0,0,0,5,10,20,10,5,35,25,15,5,10,5,5,0,0,5,5,5,5,0,0,5,0,0,0,5,0,0,0,0,5,0,0,0,0,0,5,5,5,0,0,5,0,0,5,0,0,0,0,10,5,0,0,0,0,0,0,0,0,0,0,0,0,0,0,0,0,0,0,0,0,0,0,0,0,0,0,0,0,0,0,0,0,0,0,0,0,0,0,0,0,0,0,0,0,0,0,0,0,0,0,0,0,0,0,0,0,0,0,0,0,0,0,0,0,0,0,0,0,0,0,0,0,0,0,0,0,0,0,0,0,0,0,0,0,0,0,0,0,0,0,0,0,0,0,0,0,0,0,0,0,0,0,0,0,0,0,0,0,0,0,0,0,0,0,0,0,0,0,0,0,0,0,0,0,0,0,0,0,0,0,0,0,0,0,0,0,0,0,0,0,0,0,0,0,0,0,0,0,0,0,0,0,0,0,0,0,0,0,0,0,0,4418,0.000000673,0.0000048205
minecraft:white_bed,0,0,0,0,0,0,0,0,0,0,0,0,0,0,0,0,0,0,0,0,0,0,0,0,0,0,16,24,20,14,24,58,42,22,38,30,52,28,53,48,53,68,34,32,70,56,66,40,28,26,20,34,12,26,10,10,10,18,6,0,0,0,0,0,0,0,0,0,0,0,0,0,0,0,0,0,0,0,0,0,0,0,0,0,0,0,0,0,0,0,0,0,0,0,0,0,0,0,0,0,0,0,0,0,0,0,0,0,0,0,0,0,2,4,0,0,0,0,0,0,0,0,0,4,2,0,2,138,532,218,92,178,178,142,138,136,148,100,50,60,70,44,44,72,40,48,34,26,12,16,26,28,22,20,16,10,10,18,24,16,20,20,12,18,8,16,14,14,32,26,8,8,12,10,6,16,19,16,12,4,6,8,4,10,4,10,4,0,0,2,2,0,2,2,4,4,2,4,2,8,0,0,0,0,0,4,2,0,2,0,0,2,2,2,2,0,2,0,0,0,0,0,0,0,2,0,0,0,0,0,0,0,0,0,0,0,0,0,0,0,0,0,0,0,0,0,0,0,0,0,0,0,0,0,0,0,0,0,0,0,0,0,0,0,0,0,0,0,0,0,0,0,0,0,0,0,0,0,0,0,0,0,0,0,0,0,0,0,0,0,0,0,0,0,0,0,0,0,0,0,0,0,0,0,0,0,0,0,0,0,0,0,0,0,0,0,0,0,0,0,0,0,0,0,0,0,0,0,0,0,0,0,0,0,0,0,4197,0.0000006393,0.0000045794
minecraft:gold_block,0,0,0,0,0,0,0,0,0,0,0,0,0,0,0,0,4,1,4,3,6,5,7,5,7,2,4,6,2,5,10,7,4,7,3,7,7,4,8,10,9,4,7,2,7,6,5,5,7,8,11,5,8,3,3,11,7,6,6,9,6,6,3,1,1,4,0,10,8,3,1,12,6,9,5,5,4,8,7,2,3,8,3,6,5,6,6,9,9,11,4,10,3,13,5,6,4,13,8,9,12,20,22,19,24,19,21,1068,1058,15,29,51,71,40,28,28,26,38,42,23,24,24,15,26,20,23,19,99,65,18,20,27,55,56,29,25,26,22,23,17,11,15,18,12,9,11,11,12,4,6,4,4,6,4,2,3,2,6,4,2,5,9,2,5,5,4,0,2,3,2,4,2,4,7,0,2,8,3,0,5,3,3,1,2,1,3,4,0,0,0,1,0,3,1,0,1,0,0,0,1,0,0,0,0,0,0,0,0,1,0,0,3,0,0,0,0,0,0,0,2,0,0,0,0,0,0,0,0,0,0,0,0,0,0,0,0,0,0,0,0,0,0,0,0,0,0,0,0,0,0,0,0,0,0,0,0,0,0,0,0,0,0,0,0,0,0,0,0,0,0,0,0,0,0,0,0,0,0,0,0,0,0,0,0,0,0,0,0,0,0,0,0,0,0,0,0,0,0,0,0,0,0,0,0,0,0,0,0,0,0,0,0,0,0,0,0,0,0,0,0,0,0,0,0,0,0,0,0,0,0,0,0,0,0,0,0,4034,0.0000006145,0.0000044015
minecraft:spruce_door,0,0,0,0,0,0,0,0,0,0,0,0,0,0,0,0,0,0,0,0,0,0,0,0,0,0,0,0,0,0,0,0,0,0,0,0,0,0,0,0,0,0,0,0,0,0,0,0,0,0,0,0,0,0,0,0,0,0,0,0,0,0,0,0,0,0,0,0,0,1,1,0,0,0,0,0,0,0,0,0,0,0,0,0,0,0,0,0,0,0,0,0,0,0,2,3,1,1,1,2,3,6,12,13,15,17,11,9,12,8,9,18,32,47,43,38,35,33,35,26,15,5,8,22,25,22,14,169,448,365,170,195,192,168,180,186,195,157,84,59,52,51,54,50,39,27,17,18,22,20,21,22,26,35,27,15,13,18,20,14,16,12,8,14,14,13,14,11,17,18,13,14,9,12,11,5,11,16,12,6,2,2,8,17,17,10,5,4,4,1,0,1,1,0,0,1,1,0,2,7,5,0,1,1,0,1,2,2,1,0,0,0,0,0,0,0,0,0,0,0,0,0,0,0,0,0,0,0,0,0,0,0,0,0,0,0,0,0,0,0,0,0,0,0,0,0,0,0,0,0,0,0,0,0,0,0,0,0,0,0,0,0,0,0,0,0,0,0,0,0,0,0,0,0,0,0,0,0,0,0,0,0,0,0,0,0,0,0,0,0,0,0,0,0,0,0,0,0,0,0,0,0,0,0,0,0,0,0,0,0,0,0,0,0,0,0,0,0,0,0,0,0,0,0,0,0,0,0,0,0,0,0,0,0,0,0,4016,0.0000006117,0.0000043819
minecraft:mud_brick_stairs,0,0,0,0,0,0,0,0,0,0,0,0,0,0,0,0,0,0,0,0,0,0,0,0,0,0,0,0,0,0,0,0,0,0,0,0,0,0,0,0,0,0,0,0,0,0,0,0,0,0,0,0,0,0,0,0,0,0,0,0,0,0,0,0,0,0,0,0,0,0,0,0,0,0,0,0,0,0,0,0,0,0,0,0,0,0,0,0,0,0,0,0,0,0,0,0,0,0,0,0,0,0,0,0,0,0,0,7,26,29,68,68,93,248,223,173,296,245,170,175,163,194,140,128,89,61,101,52,56,32,57,30,37,41,13,17,28,45,33,32,29,49,15,36,40,35,38,20,26,14,16,22,29,42,16,36,17,16,29,60,49,24,7,2,8,1,1,9,0,3,8,0,0,0,0,0,4,6,0,6,0,0,0,0,0,0,0,0,0,0,0,0,0,0,0,0,0,0,0,0,0,0,0,0,0,0,0,0,0,0,0,0,0,0,0,0,0,0,0,0,0,0,0,0,0,0,0,0,0,0,0,0,0,0,0,0,0,0,0,0,0,0,0,0,0,0,0,0,0,0,0,0,0,0,0,0,0,0,0,0,0,0,0,0,0,0,0,0,0,0,0,0,0,0,0,0,0,0,0,0,0,0,0,0,0,0,0,0,0,0,0,0,0,0,0,0,0,0,0,0,0,0,0,0,0,0,0,0,0,0,0,0,0,0,0,0,0,0,0,0,0,0,0,0,0,0,0,0,0,0,0,0,0,0,0,0,3883,0.0000005915,0.0000042368
minecraft:light_blue_carpet,0,0,0,0,0,0,0,0,0,0,0,0,0,0,0,0,191,52,52,3478,0,0,0,0,0,0,0,0,0,0,0,0,0,0,0,0,0,0,0,0,0,0,0,0,0,0,0,0,0,0,0,0,0,0,0,0,0,0,0,0,0,0,0,0,0,0,0,0,0,0,0,0,0,0,0,0,0,0,0,0,0,0,0,0,0,0,0,0,0,0,0,0,0,0,0,0,0,0,0,0,0,0,0,0,0,0,0,0,0,0,0,0,0,0,0,0,0,0,0,0,0,0,0,0,0,0,0,0,0,0,0,0,0,0,0,0,18,6,0,0,6,6,2,2,0,0,0,8,0,0,0,0,0,4,6,0,18,0,0,0,0,0,2,0,0,0,0,0,0,0,0,0,0,0,0,0,0,0,0,0,0,0,0,0,0,0,0,0,0,0,0,0,0,0,0,0,0,0,0,6,0,0,0,0,0,0,0,0,0,0,6,0,0,0,0,0,0,0,0,0,0,0,0,0,0,0,0,0,0,0,0,0,0,0,0,0,0,0,0,0,0,0,0,0,0,0,0,0,0,0,0,0,0,0,0,0,0,0,0,0,0,0,0,0,0,0,0,0,0,0,0,0,0,0,0,0,0,0,0,0,0,0,0,0,0,0,0,0,0,0,0,0,0,0,0,0,0,0,0,0,0,0,0,0,0,0,0,0,0,0,0,0,0,0,0,0,0,0,0,0,0,0,0,0,0,0,0,0,0,0,0,0,0,0,0,0,3863,0.0000005884,0.000004215
minecraft:birch_stairs,0,0,0,0,0,0,0,0,0,0,0,0,0,0,0,0,0,0,0,0,0,0,0,0,0,0,0,0,0,0,0,0,0,0,0,0,0,0,0,0,0,0,0,0,0,0,0,0,0,0,0,0,0,0,0,0,0,0,0,0,0,0,0,0,0,0,0,0,0,0,0,0,0,0,0,0,0,0,0,0,0,0,0,0,0,0,0,0,0,0,0,0,0,0,2,4,5,18,9,28,41,29,68,90,64,98,77,126,94,68,72,107,102,136,138,220,189,180,206,195,164,121,126,100,61,89,57,44,39,35,26,12,8,6,0,9,9,0,0,0,0,2,2,24,61,69,15,0,11,26,15,31,16,38,19,5,1,2,3,29,4,50,9,0,0,0,0,0,0,0,0,0,0,0,0,0,0,0,0,0,0,0,0,0,0,0,0,0,0,0,0,0,0,0,0,0,0,0,9,0,0,0,0,0,2,0,24,15,15,0,0,0,0,0,0,0,0,0,0,0,0,0,0,0,0,0,0,0,0,0,0,0,0,0,0,0,0,0,0,0,0,0,0,0,0,0,0,0,0,0,0,0,0,0,0,0,0,0,0,0,0,0,0,0,0,0,0,0,0,0,0,0,0,0,0,0,0,0,0,0,0,0,0,0,0,0,0,0,0,0,0,0,0,0,0,0,0,0,0,0,0,0,0,0,0,0,0,0,0,0,0,0,0,0,0,0,0,0,0,0,0,0,0,0,0,0,0,0,0,0,0,0,0,0,0,0,3769,0.0000005741,0.0000041124
minecraft:dark_oak_trapdoor,0,0,0,0,0,0,0,0,0,0,0,0,0,0,0,0,0,0,0,0,0,0,0,0,0,0,0,0,0,0,0,0,0,0,0,0,0,0,0,0,0,0,0,0,0,0,0,0,0,0,0,0,0,0,0,0,0,0,0,0,0,0,0,0,0,0,0,0,0,0,0,0,0,0,0,0,0,0,0,0,0,0,0,0,0,0,0,0,0,0,11,0,0,0,0,11,0,2,4,22,28,14,63,106,62,166,92,143,83,84,41,90,49,77,310,259,449,249,244,133,160,170,116,112,70,123,34,106,14,19,23,0,0,25,0,0,0,0,0,0,0,0,4,0,0,0,0,0,0,0,0,0,0,0,0,0,0,0,0,0,0,0,0,0,0,0,0,0,0,0,0,0,0,0,0,0,0,0,0,0,0,0,0,0,0,0,0,0,0,0,0,0,0,0,0,0,0,0,0,0,0,0,0,0,0,0,0,0,0,0,0,0,0,0,0,0,0,0,0,0,0,0,0,0,0,0,0,0,0,0,0,0,0,0,0,0,0,0,0,0,0,0,0,0,0,0,0,0,0,0,0,0,0,0,0,0,0,0,0,0,0,0,0,0,0,0,0,0,0,0,0,0,0,0,0,0,0,0,0,0,0,0,0,0,0,0,0,0,0,0,0,0,0,0,0,0,0,0,0,0,0,0,0,0,0,0,0,0,0,0,0,0,0,0,0,0,0,0,0,0,0,0,0,0,0,0,0,0,0,0,0,0,0,0,0,0,3768,0.0000005739,0.0000041113
minecraft:mossy_stone_brick_stairs,0,0,0,0,0,0,0,0,0,0,0,0,0,0,0,0,2,5,6,6,4,5,1,3,12,4,9,4,3,5,8,5,7,2,3,1,3,3,8,2,7,4,2,7,9,6,7,9,7,4,8,2,2,5,4,6,6,5,6,8,5,12,20,2,3,2,1,11,8,4,7,6,10,8,5,8,2,4,5,4,10,2,4,2,13,6,10,9,9,7,10,8,8,10,11,9,4,19,22,28,54,78,82,65,96,61,59,45,44,37,44,128,280,270,94,123,108,117,137,73,59,53,43,28,28,27,23,57,173,61,41,51,38,47,38,42,33,26,20,15,16,19,9,29,12,15,7,4,3,4,4,9,8,1,3,5,3,1,13,9,8,3,3,5,4,2,1,1,2,3,1,1,1,2,13,6,6,2,1,3,0,0,3,5,0,2,0,1,0,0,1,0,0,2,1,0,0,0,0,0,0,0,0,0,0,0,0,0,0,0,0,0,0,1,1,0,0,0,0,1,0,0,0,0,1,4,0,0,0,0,0,0,0,0,0,2,0,0,0,0,0,0,0,0,0,0,0,0,0,0,0,0,0,0,0,0,0,0,0,0,0,0,0,0,0,0,0,0,0,0,0,0,0,0,0,0,0,0,0,0,0,0,0,0,0,0,0,0,0,0,0,0,0,0,0,0,0,0,0,0,0,0,0,0,0,0,0,0,0,0,0,0,0,0,0,0,0,0,0,0,0,0,0,0,0,0,0,0,0,0,0,0,0,0,0,0,3718,0.0000005663,0.0000040568
minecraft:birch_fence,0,0,0,0,0,0,0,0,0,0,0,0,0,0,0,0,0,0,0,0,0,0,0,0,0,0,0,0,0,0,0,0,0,0,0,0,0,0,0,0,0,0,0,0,0,0,0,0,0,0,0,0,0,0,0,0,0,0,0,0,0,0,0,0,0,0,0,0,0,0,0,0,0,0,0,0,0,0,0,0,0,0,0,0,0,0,0,0,0,0,0,0,0,6,2,9,12,6,33,38,22,60,66,49,84,66,93,93,113,94,116,100,149,79,131,167,185,176,231,220,229,175,78,143,55,68,99,55,44,56,69,26,12,20,0,51,19,4,2,19,19,0,17,0,17,0,0,0,0,0,0,0,2,2,4,6,0,4,0,0,0,0,0,0,0,0,0,0,0,0,0,0,0,0,0,0,0,0,0,0,0,0,0,0,0,0,0,0,0,0,0,0,0,0,0,0,0,0,17,2,2,0,2,0,0,0,0,0,0,0,0,0,0,0,0,0,0,0,0,0,0,0,0,0,0,0,0,0,0,0,0,0,0,0,0,0,0,0,0,0,0,0,0,0,0,0,0,0,0,0,0,0,0,0,0,0,0,0,0,0,0,0,0,0,0,0,0,0,0,0,0,0,0,0,0,0,0,0,0,0,0,0,0,0,0,0,0,0,0,0,0,0,0,0,0,0,0,0,0,0,0,0,0,0,0,0,0,0,0,0,0,0,0,0,0,0,0,0,0,0,0,0,0,0,0,0,0,0,0,0,0,0,0,0,0,0,3718,0.0000005663,0.0000040568
minecraft:white_wool,0,0,0,0,0,0,0,0,0,0,0,0,0,0,0,0,0,0,0,0,0,0,0,0,0,0,0,0,0,0,0,0,0,0,0,0,0,0,0,0,0,0,0,0,0,0,0,0,0,0,0,0,0,0,0,0,0,0,0,0,0,0,0,0,0,0,0,0,0,0,0,0,0,0,0,0,0,0,0,0,0,0,0,0,0,0,0,0,0,0,0,0,0,0,0,0,0,0,0,0,0,0,0,0,0,0,0,0,0,0,0,0,0,0,0,0,0,0,0,0,0,0,0,0,9,0,24,12,145,194,335,178,139,116,73,233,171,137,106,151,127,63,35,22,69,47,153,51,27,35,63,60,58,86,54,121,33,18,28,31,24,25,8,27,15,4,6,32,25,29,18,1,9,6,14,8,14,18,1,10,12,8,13,1,7,0,0,0,9,0,0,0,2,6,0,10,1,0,27,1,1,0,9,2,1,0,0,0,0,25,1,3,0,0,2,1,0,0,0,0,0,0,0,0,0,0,0,0,0,0,0,0,0,0,0,0,0,0,0,0,0,0,0,0,0,0,0,0,0,0,0,0,0,0,0,0,0,0,0,0,0,0,0,0,0,0,0,0,0,0,0,0,0,0,0,0,0,0,0,0,0,0,0,0,0,0,0,0,0,0,0,0,0,0,0,0,0,0,0,0,0,0,0,0,0,0,0,0,0,0,0,0,0,0,0,0,0,0,0,0,0,0,0,0,0,0,0,0,0,0,0,0,0,0,0,0,3640,0.0000005544,0.0000039716
minecraft:iron_door,0,0,0,0,0,1,2,5,5,1,10,18,8,5,8,7,4,3,4,23,31,16,26,31,21,14,10,11,17,28,38,25,22,23,21,21,30,33,21,13,4,32,47,24,18,15,18,32,68,57,14,11,15,33,41,40,34,18,17,27,49,76,51,35,55,37,17,36,60,93,82,39,39,46,34,39,39,17,59,61,26,59,57,48,57,53,58,64,70,76,47,52,46,32,66,71,55,54,40,27,31,22,27,25,23,33,71,76,25,6,6,0,0,0,0,0,0,0,0,0,0,0,0,0,0,0,0,6,23,25,8,0,4,8,4,8,10,6,4,0,0,0,0,0,0,0,0,0,0,0,0,0,0,0,0,0,0,0,0,0,0,0,0,0,0,0,0,0,0,0,0,0,0,0,0,0,0,0,0,0,0,0,0,0,0,0,0,0,0,0,0,4,4,0,0,0,0,0,0,0,0,0,0,0,0,0,0,0,0,0,0,0,0,0,0,0,0,0,0,0,0,0,0,0,0,0,0,0,0,0,0,0,0,0,0,0,0,0,0,0,0,0,0,0,0,0,0,0,0,0,0,0,0,0,0,0,0,0,0,0,0,0,0,0,0,0,0,0,0,0,0,0,0,0,0,0,0,0,0,0,0,0,0,0,0,0,0,0,0,0,0,0,0,0,0,0,0,0,0,0,0,0,0,0,0,0,0,0,0,0,0,0,0,0,0,0,0,0,0,0,0,0,0,0,0,0,0,0,0,0,0,0,0,0,0,0,3602,0.0000005487,0.0000039302
minecraft:sandstone_slab,0,0,0,0,0,0,0,0,0,0,0,0,0,0,0,0,0,0,0,0,0,0,0,0,0,0,0,0,0,0,0,0,0,0,0,0,0,0,0,0,0,0,0,0,0,0,0,0,0,0,0,0,0,0,0,0,0,0,0,0,0,0,0,0,0,0,0,0,0,0,0,0,0,0,0,0,0,0,0,0,0,0,0,0,0,0,0,0,0,0,0,0,0,0,0,0,0,0,0,0,0,0,0,0,0,0,0,0,0,0,0,0,0,0,0,0,0,0,0,0,0,0,2,0,2,0,0,12,78,133,345,716,219,156,135,170,103,270,170,162,78,94,105,60,61,53,64,99,17,30,20,16,37,6,16,8,2,14,23,0,2,4,21,0,0,0,4,0,0,8,0,0,3,3,14,24,0,0,0,0,0,0,0,0,0,0,0,0,0,0,0,0,0,0,0,0,0,0,0,0,0,0,0,0,0,0,0,0,0,0,0,0,0,0,0,0,0,0,0,0,0,0,0,0,0,0,0,0,0,0,0,0,0,0,0,0,0,0,0,0,0,0,0,0,0,0,0,0,0,0,0,0,0,0,0,0,0,0,0,0,0,0,0,0,0,0,0,0,0,0,0,0,0,0,0,0,0,0,0,0,0,0,0,0,0,0,0,0,0,0,0,0,0,0,0,0,0,0,0,0,0,0,0,0,0,0,0,0,0,0,0,0,0,0,0,0,0,0,0,0,0,0,0,0,0,0,0,0,0,0,0,0,0,0,0,0,3559,0.0000005421,0.0000038833
minecraft:potatoes,0,0,0,0,0,0,0,0,0,0,0,0,0,0,0,0,0,0,0,0,0,0,0,0,0,0,0,0,0,0,0,0,0,0,0,0,0,0,0,0,0,0,0,0,0,0,0,0,0,0,0,0,0,0,0,0,0,0,0,0,0,0,0,0,0,0,0,0,0,0,0,0,0,0,0,0,0,0,0,0,0,0,0,0,0,0,0,0,0,0,0,0,0,0,0,0,0,0,0,0,0,0,0,3,0,0,0,0,0,0,0,0,2,0,0,3,0,0,0,0,0,0,2,0,0,8,2,6,688,176,137,171,133,223,197,216,193,110,65,31,22,66,92,75,47,8,12,25,22,43,36,39,24,28,47,0,17,3,21,21,20,17,5,4,2,1,6,33,22,33,1,5,41,22,0,21,14,23,9,13,5,12,5,45,0,59,12,21,6,0,9,8,21,0,0,14,0,0,0,3,0,0,4,0,0,0,0,13,0,4,0,0,0,0,0,0,0,0,0,0,0,0,0,0,0,1,0,0,0,0,0,0,0,0,0,0,0,0,0,0,0,0,0,0,0,0,0,0,0,0,0,0,0,0,0,0,0,0,0,0,0,0,0,0,0,0,0,0,0,0,0,0,0,0,0,0,0,0,0,0,0,0,0,0,0,0,0,0,0,0,0,0,0,0,0,0,0,0,0,0,0,0,0,0,0,0,0,0,0,0,0,0,0,0,0,0,0,0,0,0,0,0,0,0,0,0,0,0,0,0,0,0,0,0,0,0,3548,0.0000005404,0.0000038713
minecraft:smooth_sandstone_stairs,0,0,0,0,0,0,0,0,0,0,0,0,0,0,0,0,0,0,0,0,0,0,0,0,0,0,0,0,0,0,0,0,0,0,0,0,0,0,0,0,0,0,0,0,0,0,0,0,0,0,0,0,0,0,0,0,0,0,0,0,0,0,0,0,0,0,0,0,0,0,0,0,0,0,0,0,0,0,0,0,0,0,0,0,0,0,0,0,0,0,0,0,0,0,0,0,0,0,0,0,0,0,0,0,0,0,0,0,0,0,0,0,0,0,2,0,0,8,0,0,0,0,0,2,8,4,14,440,294,101,374,173,160,244,239,271,233,148,114,110,68,57,59,52,20,32,7,49,31,37,19,24,44,3,7,4,10,1,4,15,13,1,9,0,0,0,2,0,6,0,12,12,0,2,0,0,0,0,0,0,0,0,0,0,0,0,0,0,0,0,0,0,0,0,0,0,0,0,0,0,0,0,0,0,0,0,0,0,0,0,0,0,0,0,0,0,0,0,0,0,0,0,0,0,0,0,0,0,0,0,0,0,0,0,0,0,0,0,0,0,0,0,0,0,0,0,0,0,0,0,0,0,0,0,0,0,0,0,0,0,0,0,0,0,0,0,0,0,0,0,0,0,0,0,0,0,0,0,0,0,0,0,0,0,0,0,0,0,0,0,0,0,0,0,0,0,0,0,0,0,0,0,0,0,0,0,0,0,0,0,0,0,0,0,0,0,0,0,0,0,0,0,0,0,0,0,0,0,0,0,0,0,0,0,0,0,3539,0.0000005391,0.0000038614
minecraft:yellow_bed,0,0,0,0,0,0,0,0,0,0,0,0,0,0,0,0,0,0,0,0,0,0,0,0,0,0,30,18,14,26,20,52,32,24,22,48,50,40,46,74,56,68,50,58,66,54,68,36,30,44,30,12,16,8,14,24,18,14,18,0,0,0,0,0,0,0,0,0,0,0,0,0,0,0,0,0,0,0,0,0,0,0,0,0,0,0,0,0,0,0,0,0,0,0,0,0,0,0,0,0,0,0,0,0,0,0,0,0,0,0,0,0,0,0,2,0,0,0,0,0,0,0,0,0,0,0,2,6,483,194,96,98,111,111,116,100,96,80,46,38,32,34,22,36,41,42,10,16,10,2,10,14,16,16,18,4,8,4,8,8,13,12,10,8,6,4,10,14,12,10,2,4,6,10,6,4,8,16,6,0,8,6,8,6,11,2,0,6,4,2,2,6,6,4,2,4,4,0,2,0,2,2,0,0,0,0,2,0,0,2,0,0,0,0,0,0,0,0,0,0,0,0,0,0,0,0,0,0,0,0,0,0,0,0,0,0,0,0,0,0,0,0,0,0,0,0,0,0,0,0,0,0,0,0,0,0,0,0,0,0,0,0,0,0,0,0,0,0,0,0,0,0,0,0,0,0,0,0,0,0,0,0,0,0,0,0,0,0,0,0,0,0,0,0,0,0,0,0,0,0,0,0,0,0,0,0,0,0,0,0,0,0,0,0,0,0,0,0,0,0,0,0,0,0,0,0,0,0,0,0,0,0,0,0,0,0,3362,0.0000005121,0.0000036683
minecraft:mud_brick_slab,0,0,0,0,0,0,0,0,0,0,0,0,0,0,0,0,0,0,0,0,0,0,0,0,0,0,0,0,0,0,0,0,0,0,0,0,0,0,0,0,0,0,0,0,0,0,0,0,0,0,0,0,0,0,0,0,0,0,0,0,0,0,0,0,0,0,0,0,0,0,0,0,0,0,0,0,0,0,0,0,0,0,0,0,0,0,0,0,0,0,0,0,0,0,0,0,0,0,0,0,0,0,0,0,0,0,0,3,19,29,66,89,68,214,146,108,83,106,175,204,100,85,115,107,96,84,106,130,69,91,77,66,23,31,32,37,35,46,27,54,27,24,23,51,8,26,17,19,11,28,34,30,31,15,42,31,10,13,14,20,20,2,2,4,20,11,6,3,1,3,1,0,1,14,3,1,3,14,3,0,0,0,0,0,0,0,0,0,0,0,0,0,0,0,0,0,0,0,0,0,0,0,0,0,0,0,0,0,0,0,0,0,0,0,0,0,0,0,0,0,0,0,0,0,0,0,0,0,0,0,0,0,0,0,0,0,0,0,0,0,0,0,0,0,0,0,0,0,0,0,0,0,0,0,0,0,0,0,0,0,0,0,0,0,0,0,0,0,0,0,0,0,0,0,0,0,0,0,0,0,0,0,0,0,0,0,0,0,0,0,0,0,0,0,0,0,0,0,0,0,0,0,0,0,0,0,0,0,0,0,0,0,0,0,0,0,0,0,0,0,0,0,0,0,0,0,0,0,0,0,0,0,0,0,0,0,3307,0.0000005037,0.0000036083
minecraft:crying_obsidian,0,0,0,0,0,0,0,0,0,0,0,0,0,0,0,0,7,3,6,6,7,5,8,12,8,15,6,5,10,8,8,12,11,11,8,7,10,5,5,9,6,12,14,7,10,9,12,9,14,11,10,19,5,11,8,12,10,10,6,6,10,4,12,9,5,6,7,10,11,7,10,11,10,13,8,14,9,9,18,11,9,13,18,12,7,20,8,14,15,11,9,10,17,7,14,12,9,1,12,22,20,31,48,40,39,47,39,30,33,24,34,48,64,73,81,80,67,56,67,61,45,46,36,30,25,19,17,85,73,113,77,56,66,62,81,44,41,35,32,32,24,21,27,14,22,13,12,12,8,11,11,10,13,10,14,0,7,6,4,4,3,2,6,5,6,4,4,5,4,6,4,8,4,5,5,8,3,8,3,11,4,4,1,1,2,7,3,3,2,2,1,2,0,1,1,4,0,0,0,0,3,1,1,1,2,2,0,0,0,0,0,0,0,3,0,0,0,1,0,0,2,1,0,0,0,0,2,1,0,0,0,0,0,0,0,1,0,0,0,0,0,0,0,0,0,0,0,0,0,0,0,0,0,0,0,0,0,0,0,0,0,0,0,0,0,0,0,0,0,0,0,0,0,0,0,0,0,0,0,0,0,0,0,0,0,0,0,0,0,0,0,0,0,0,0,0,0,0,0,0,0,0,0,0,0,0,0,0,0,0,0,0,0,0,0,0,0,0,0,0,0,0,0,0,0,0,0,0,0,0,0,0,0,0,0,0,3230,0.000000492,0.0000035243
minecraft:cyan_carpet,0,0,0,0,0,0,0,0,0,0,0,0,0,0,0,0,0,0,0,3168,0,0,0,0,0,0,0,0,0,0,0,0,0,0,0,0,0,0,0,0,0,0,0,0,0,0,0,0,0,0,0,0,0,0,0,0,0,0,0,0,0,0,0,0,0,0,0,0,0,0,0,0,0,0,0,0,0,0,0,0,0,0,0,0,0,0,0,0,0,0,0,0,0,0,0,0,0,0,0,0,0,0,0,0,0,0,0,0,0,0,0,0,0,0,0,0,0,0,0,0,0,0,0,0,0,0,0,0,0,0,0,0,0,0,0,0,0,0,0,0,0,0,4,4,0,0,0,4,0,0,0,0,0,8,0,0,0,0,0,0,0,0,4,0,0,0,0,0,0,0,0,0,0,0,0,0,0,0,0,0,0,0,0,0,0,0,0,0,0,0,0,0,0,0,0,0,0,0,0,0,0,0,0,0,0,0,0,0,0,0,0,0,0,0,0,0,0,0,0,0,0,0,0,0,0,0,0,0,0,0,0,0,0,0,0,0,0,0,0,0,0,0,0,0,0,0,0,0,0,0,0,0,0,0,0,0,0,0,0,0,0,0,0,0,0,0,0,0,0,0,0,0,0,0,0,0,0,0,0,0,0,0,0,0,0,0,0,0,0,0,0,0,0,0,0,0,0,0,0,0,0,0,0,0,0,0,0,0,0,0,0,0,0,0,0,0,0,0,0,0,0,0,0,0,0,0,0,0,0,0,0,0,0,0,0,0,3192,0.0000004862,0.0000034828
minecraft:birch_slab,0,0,0,0,0,0,0,0,0,0,0,0,0,0,0,0,0,0,0,0,0,0,0,0,0,0,0,0,0,0,0,0,0,0,0,0,0,0,0,0,0,0,0,0,0,0,0,0,0,0,0,0,0,0,0,0,0,0,0,0,0,0,0,0,0,0,0,0,0,0,0,0,0,0,0,0,0,0,0,0,0,0,0,0,0,0,0,0,0,0,0,0,0,0,0,0,0,7,0,10,9,14,47,37,57,60,71,84,86,97,69,96,82,45,114,88,165,261,215,271,222,99,242,36,52,111,4,26,76,95,33,16,44,0,0,0,0,0,0,0,2,4,2,0,5,5,0,0,0,0,0,0,0,0,0,0,2,2,4,4,5,0,10,0,0,0,0,0,0,0,0,0,0,0,0,0,0,0,0,0,0,0,0,0,0,0,0,0,0,0,0,0,0,0,0,0,0,0,0,0,0,0,0,2,2,0,0,5,0,0,0,0,0,0,0,0,0,0,0,0,0,0,0,0,0,0,0,0,0,0,0,0,0,0,0,0,0,0,0,0,0,0,0,0,0,0,0,0,0,0,0,0,0,0,0,0,0,0,0,0,0,0,0,0,0,0,0,0,0,0,0,0,0,0,0,0,0,0,0,0,0,0,0,0,0,0,0,0,0,0,0,0,0,0,0,0,0,0,0,0,0,0,0,0,0,0,0,0,0,0,0,0,0,0,0,0,0,0,0,0,0,0,0,0,0,0,0,0,0,0,0,0,0,0,0,0,3095,0.0000004714,0.000003377
minecraft:closed_eyeblossom,0,0,0,0,0,0,0,0,0,0,0,0,0,0,0,0,0,0,0,0,0,0,0,0,0,0,0,0,0,0,0,0,0,0,0,0,0,0,0,0,0,0,0,0,0,0,0,0,0,0,0,0,0,0,0,0,0,0,0,0,0,0,0,0,0,0,0,0,0,0,0,0,0,0,0,0,0,0,0,0,0,0,0,0,0,0,0,0,0,0,0,0,0,0,0,0,0,0,0,0,0,0,0,0,0,0,0,0,0,0,0,0,0,0,0,0,0,0,0,0,0,0,0,0,0,0,0,0,0,0,0,0,2,0,0,1,1,1,0,0,0,3,4,3,0,3,3,3,5,11,35,61,56,23,24,20,28,56,64,54,83,46,42,49,35,55,85,107,104,38,42,43,64,84,132,137,163,49,35,36,96,145,143,88,60,53,62,63,71,46,29,29,36,30,6,16,8,26,37,38,40,22,8,0,0,5,11,12,0,0,0,0,0,0,0,0,0,0,0,0,0,0,0,0,0,0,0,0,0,0,0,0,0,0,0,0,0,0,0,0,0,0,0,0,0,0,0,0,0,0,0,0,0,0,0,0,0,0,0,0,0,0,0,0,0,0,0,0,0,0,0,0,0,0,0,0,0,0,0,0,0,0,0,0,0,0,0,0,0,0,0,0,0,0,0,0,0,0,0,0,0,0,0,0,0,0,0,0,0,0,0,0,0,0,0,0,0,0,0,0,0,0,0,0,0,0,0,0,0,0,0,0,0,0,0,0,3070,0.0000004676,0.0000033497
minecraft:waxed_copper_door,0,0,0,0,0,0,0,0,0,0,0,0,0,0,0,0,0,0,0,0,0,0,0,0,0,0,0,0,0,0,0,36,84,104,126,129,111,114,125,131,131,122,112,115,113,119,136,126,103,114,128,142,113,64,50,22,22,28,27,27,28,33,32,22,16,21,27,29,34,26,16,10,0,0,0,0,0,0,0,0,0,0,0,0,0,0,0,0,0,0,0,0,0,0,0,0,0,0,0,0,0,0,0,0,0,0,0,0,0,0,0,0,0,0,0,0,0,0,0,0,0,0,0,0,0,0,0,0,0,0,0,0,0,0,0,0,0,0,0,0,0,0,0,0,0,0,0,0,0,0,0,0,0,0,0,0,0,0,0,0,0,0,0,0,0,0,0,0,0,0,0,0,0,0,0,0,0,0,0,0,0,0,0,0,0,0,0,0,0,0,0,0,0,0,0,0,0,0,0,0,0,0,0,0,0,0,0,0,0,0,0,0,0,0,0,0,0,0,0,0,0,0,0,0,0,0,0,0,0,0,0,0,0,0,0,0,0,0,0,0,0,0,0,0,0,0,0,0,0,0,0,0,0,0,0,0,0,0,0,0,0,0,0,0,0,0,0,0,0,0,0,0,0,0,0,0,0,0,0,0,0,0,0,0,0,0,0,0,0,0,0,0,0,0,0,0,0,0,0,0,0,0,0,0,0,0,0,0,0,0,0,0,0,0,0,0,0,0,0,0,0,0,0,0,0,0,0,0,0,0,0,0,0,0,0,0,3068,0.0000004673,0.0000033475
minecraft:gray_terracotta,0,0,0,0,0,0,0,0,0,0,0,0,0,0,0,0,0,0,0,0,0,0,0,0,0,0,0,0,0,0,0,0,0,0,0,0,0,0,0,0,0,0,0,0,0,0,0,0,0,0,0,0,0,0,0,0,0,0,0,0,0,0,0,0,0,0,0,0,0,0,0,0,0,0,0,0,0,0,0,0,0,0,0,0,0,0,0,0,0,0,0,0,0,0,0,0,0,0,0,0,0,0,0,0,0,0,0,0,0,0,8,16,44,97,133,75,91,114,116,190,215,178,228,186,159,141,111,114,75,81,44,49,11,33,21,7,4,10,11,11,21,0,8,8,13,11,14,3,19,61,5,6,10,31,27,22,6,16,7,13,21,5,2,10,3,3,13,0,0,0,0,0,0,0,0,0,0,4,4,3,2,10,3,3,13,0,0,0,0,0,0,0,0,0,0,0,0,0,0,0,0,0,0,0,0,0,0,0,0,0,0,0,0,0,0,0,0,0,0,0,0,0,0,0,0,0,0,0,0,0,0,0,0,0,0,0,0,0,0,0,0,0,0,0,0,0,0,0,0,0,0,0,0,0,0,0,0,0,0,0,0,0,0,0,0,0,0,0,0,0,0,0,0,0,0,0,0,0,0,0,0,0,0,0,0,0,0,0,0,0,0,0,0,0,0,0,0,0,0,0,0,0,0,0,0,0,0,0,0,0,0,0,0,0,0,0,0,0,0,0,0,0,0,0,0,0,0,0,0,0,0,0,0,0,0,0,2973,0.0000004529,0.0000032439
minecraft:brick_stairs,0,0,0,0,0,0,0,0,0,0,0,0,0,0,0,0,0,0,0,0,0,0,0,0,0,0,0,0,0,0,0,0,0,0,0,0,0,0,0,0,0,0,0,0,0,0,0,0,0,0,0,0,0,0,0,0,0,0,0,0,0,0,0,0,0,0,0,0,0,0,0,0,0,0,0,0,0,0,0,0,0,0,0,0,0,0,0,0,0,0,0,0,0,0,0,0,0,0,0,0,0,0,0,0,0,0,0,0,6,47,36,46,115,107,83,85,254,158,128,106,153,140,95,116,83,128,92,51,39,76,38,30,46,33,19,9,30,13,18,18,36,10,21,8,29,19,4,3,12,16,5,48,14,19,3,2,46,7,6,8,3,14,22,0,3,3,1,5,2,0,1,3,0,6,1,0,1,3,0,0,9,0,1,1,1,1,0,0,0,0,0,0,0,0,0,0,0,0,0,0,0,0,0,0,0,0,0,0,0,0,0,0,0,0,0,0,0,0,0,0,0,0,0,0,0,0,0,0,0,0,0,0,0,0,0,0,0,0,0,0,0,0,0,0,0,0,0,0,0,0,0,0,0,0,0,0,0,0,0,0,0,0,0,0,0,0,0,0,0,0,0,0,0,0,0,0,0,0,0,0,0,0,0,0,0,0,0,0,0,0,0,0,0,0,0,0,0,0,0,0,0,0,0,0,0,0,0,0,0,0,0,0,0,0,0,0,0,0,0,0,0,0,0,0,0,0,0,0,0,0,0,0,0,0,0,0,2795,0.0000004257,0.0000030497
minecraft:light_gray_glazed_terracotta,0,0,0,0,0,0,0,0,0,0,0,0,0,0,0,0,0,0,0,0,0,0,0,0,0,0,0,0,0,0,0,0,0,0,0,0,0,0,0,0,0,0,0,0,0,0,0,0,0,0,0,0,0,0,0,0,0,0,0,0,0,0,0,0,0,0,0,0,0,0,0,0,0,0,0,0,0,0,0,0,0,0,0,0,0,0,0,0,0,0,0,0,0,0,0,0,0,0,0,0,0,0,0,0,0,0,0,0,0,0,0,0,280,105,164,120,87,158,241,130,133,139,144,44,40,48,101,28,20,64,26,16,20,20,41,16,14,14,39,1,20,52,28,32,1,0,8,56,8,0,0,9,23,52,13,8,32,34,9,34,9,0,16,16,8,4,8,12,8,0,0,0,0,0,0,0,0,0,0,0,0,0,0,0,0,0,0,0,0,0,0,0,0,0,0,0,0,0,0,0,0,0,0,0,0,0,0,0,0,0,0,0,0,0,0,0,0,0,0,0,0,0,0,0,0,0,0,0,0,0,0,0,0,0,0,0,0,0,0,0,0,0,0,0,0,0,0,0,0,0,0,0,0,0,0,0,0,0,0,0,0,0,0,0,0,0,0,0,0,0,0,0,0,0,0,0,0,0,0,0,0,0,0,0,0,0,0,0,0,0,0,0,0,0,0,0,0,0,0,0,0,0,0,0,0,0,0,0,0,0,0,0,0,0,0,0,0,0,0,0,0,0,0,0,0,0,0,0,0,0,0,0,0,0,0,0,2753,0.0000004193,0.0000030038
minecraft:oak_pressure_plate,0,0,0,0,0,0,0,0,0,0,0,0,0,0,0,0,0,4,9,1,3,4,9,10,16,10,29,14,21,39,43,41,71,81,69,68,96,100,120,76,109,99,91,76,103,82,70,81,84,64,71,63,77,37,38,28,31,28,20,11,11,13,16,17,30,16,18,7,16,10,7,4,1,0,1,3,1,3,1,0,0,0,4,3,2,2,1,2,0,0,0,0,0,0,0,0,0,0,0,0,0,0,0,0,0,0,0,0,0,0,0,0,0,0,0,0,0,0,0,0,0,0,0,0,0,1,0,0,19,78,38,5,10,19,14,17,22,13,13,5,9,5,2,4,3,6,6,1,1,0,3,1,2,7,0,3,0,0,1,2,1,1,4,0,0,1,4,1,1,8,1,0,0,0,0,0,1,2,3,2,0,5,1,0,0,2,1,0,0,0,0,0,2,1,1,0,1,0,0,0,0,0,0,0,0,0,0,0,0,0,0,0,0,1,0,0,0,0,0,0,0,0,0,0,0,0,0,0,0,0,0,0,0,0,0,0,0,0,0,0,0,0,0,0,0,0,0,0,0,0,0,0,0,0,0,0,0,0,0,0,0,0,0,0,0,0,0,0,0,0,0,0,0,0,0,0,0,0,0,0,0,0,0,0,0,0,0,0,0,0,0,0,0,0,0,0,0,0,0,0,0,0,0,0,0,0,0,0,0,0,0,0,0,0,0,0,0,0,0,0,0,0,0,0,0,0,0,0,0,0,0,0,0,0,0,0,2741,0.0000004175,0.0000029907
minecraft:cactus_flower,0,0,0,0,0,0,0,0,0,0,0,0,0,0,0,0,0,0,0,0,0,0,0,0,0,0,0,0,0,0,0,0,0,0,0,0,0,0,0,0,0,0,0,0,0,0,0,0,0,0,0,0,0,0,0,0,0,0,0,0,0,0,0,0,0,0,0,0,0,0,0,0,0,0,0,0,0,0,0,0,0,0,0,0,0,0,0,0,0,0,0,0,0,0,0,0,0,0,0,0,0,0,0,0,0,0,0,0,0,0,0,0,0,0,0,0,0,0,0,0,0,0,1,1,2,4,3,14,201,363,250,232,176,194,172,233,243,179,93,57,44,32,37,33,37,26,22,12,11,6,9,6,8,7,2,1,2,6,2,1,2,1,1,3,1,0,0,0,1,0,0,0,1,0,0,0,0,0,1,0,0,1,0,0,1,0,1,0,0,0,0,0,0,0,0,0,0,0,0,0,0,0,1,0,0,0,0,0,0,0,0,0,0,0,0,0,0,0,0,0,0,0,0,0,0,0,0,0,0,0,0,0,0,0,0,0,0,0,0,0,0,0,0,0,0,0,0,0,0,0,0,0,0,0,0,0,0,0,0,0,0,0,0,0,0,0,0,0,0,0,0,0,0,0,0,0,0,0,0,0,0,0,0,0,0,0,0,0,0,0,0,0,0,0,0,0,0,0,0,0,0,0,0,0,0,0,0,0,0,0,0,0,0,0,0,0,0,0,0,0,0,0,0,0,0,0,0,0,0,0,0,0,0,0,0,0,2737,0.0000004169,0.0000029864
minecraft:polished_andesite,0,0,0,0,0,0,0,0,0,0,0,0,0,0,12,4,8,64,60,44,24,44,40,40,36,52,48,60,44,36,52,28,48,40,36,76,44,52,28,20,16,4,19,28,24,16,35,28,32,36,30,20,16,8,12,16,8,8,0,12,5,16,4,11,8,8,0,12,20,0,0,4,0,0,0,0,8,0,0,0,4,0,0,0,0,0,0,0,0,0,4,0,0,1,0,1,0,3,1,1,2,0,1,0,0,3,0,0,1,0,1,5,4,2,3,0,0,0,0,1,0,1,1,0,1,0,2,269,158,38,30,100,180,131,103,47,14,5,28,0,1,1,0,2,1,0,0,2,0,0,0,0,0,0,0,0,0,0,0,0,0,0,0,1,0,0,0,0,0,0,0,2,0,0,0,0,0,0,0,1,0,0,0,0,0,0,0,0,0,0,0,0,4,0,0,0,0,0,0,0,0,0,0,0,0,0,0,0,0,1,0,0,0,0,0,0,0,0,0,0,0,0,0,0,0,0,0,0,0,0,0,0,0,0,0,0,0,0,0,0,0,0,0,0,0,0,0,0,0,0,0,0,0,0,0,0,0,0,0,0,0,0,0,0,0,0,0,0,0,0,0,0,0,0,0,0,0,0,0,0,0,0,0,0,0,0,0,0,0,0,0,0,0,0,0,0,0,0,0,0,0,0,0,0,0,0,0,0,0,0,0,0,0,0,0,0,0,0,0,0,0,0,0,0,0,0,0,0,0,0,0,0,0,0,0,0,2666,0.0000004061,0.0000029089
minecraft:acacia_door,0,0,0,0,0,0,0,0,0,0,0,0,0,0,0,0,0,0,0,0,0,0,0,0,0,0,0,0,0,0,0,0,0,0,0,0,0,0,0,0,0,0,0,0,0,0,0,0,0,0,0,0,0,0,0,0,0,0,0,0,0,0,0,0,0,0,0,0,0,0,0,0,0,0,0,0,0,0,0,0,0,0,0,0,0,0,0,0,0,0,0,0,0,0,0,0,0,0,0,0,0,0,0,0,0,0,0,0,0,0,0,0,0,0,0,0,1,1,3,4,2,3,2,0,0,0,0,393,497,146,101,101,99,118,119,98,84,68,52,46,47,40,37,52,45,27,22,21,18,22,19,26,29,16,15,17,15,13,11,22,28,17,13,12,7,9,13,11,10,9,7,3,1,1,7,11,7,9,7,2,1,0,4,4,0,0,0,0,0,0,0,0,0,0,0,0,0,0,0,0,1,3,2,0,0,0,0,0,0,0,0,0,0,0,0,0,0,0,0,0,0,0,0,0,0,0,0,0,0,0,0,0,0,0,0,0,0,0,0,0,0,0,0,0,0,0,0,0,0,0,0,0,0,0,0,0,0,0,0,0,0,0,0,0,0,0,0,0,0,0,0,0,0,0,0,0,0,0,0,0,0,0,0,0,0,0,0,0,0,0,0,0,0,0,0,0,0,0,0,0,0,0,0,0,0,0,0,0,0,0,0,0,0,0,0,0,0,0,0,0,0,0,0,0,0,0,0,0,0,0,0,0,0,0,0,0,2651,0.0000004038,0.0000028925
minecraft:blue_wool,0,0,0,0,0,0,0,0,0,0,0,0,0,0,1160,729,305,183,0,0,0,0,0,0,0,0,0,0,0,0,0,0,0,0,0,0,0,0,0,0,0,0,0,0,0,0,0,0,0,0,0,0,0,0,0,0,0,0,0,0,0,0,0,0,0,0,0,0,0,0,0,0,0,0,0,0,0,0,0,0,0,0,0,0,0,0,0,0,0,0,0,0,0,0,0,0,0,0,0,0,0,0,0,0,0,0,0,0,0,0,0,0,0,0,0,0,0,0,0,0,0,0,0,0,0,0,0,40,30,14,8,40,30,14,8,0,20,15,7,4,0,0,0,0,0,0,0,0,0,0,0,0,0,0,0,0,0,0,0,0,0,0,0,0,0,0,0,0,0,0,0,0,0,0,0,0,0,0,0,0,0,0,0,0,0,0,0,0,0,0,0,0,0,0,0,0,0,0,0,0,0,0,0,0,0,0,0,0,0,0,0,0,0,0,0,0,0,0,0,0,0,0,0,0,0,0,0,0,0,0,0,0,0,0,0,0,0,0,0,0,0,0,0,0,0,0,0,0,0,0,0,0,0,0,0,0,0,0,0,0,0,0,0,0,0,0,0,0,0,0,0,0,0,0,0,0,0,0,0,0,0,0,0,0,0,0,0,0,0,0,0,0,0,0,0,0,0,0,0,0,0,0,0,0,0,0,0,0,0,0,0,0,0,0,0,0,0,0,0,0,0,0,0,0,0,0,0,0,0,0,0,0,0,0,0,0,2607,0.0000003971,0.0000028445
minecraft:sandstone_stairs,0,0,0,0,0,0,0,0,0,0,0,0,0,0,0,0,0,0,0,0,0,0,0,0,0,0,0,0,0,0,0,0,0,0,0,0,0,0,0,0,0,0,0,0,0,0,0,0,0,0,0,5,0,0,3,0,0,0,0,0,0,0,0,0,0,0,0,0,0,0,0,0,0,0,0,5,0,0,3,0,0,0,0,0,0,2,11,2,6,9,14,4,6,19,3,9,28,2,29,34,13,32,78,68,46,87,70,47,52,50,25,43,86,143,122,124,190,144,77,88,74,52,63,31,29,32,9,41,18,22,29,22,27,17,21,10,41,17,16,19,22,13,23,33,10,14,0,4,2,8,16,18,0,0,8,0,0,0,0,0,0,0,0,0,0,0,0,0,0,0,0,0,0,0,0,0,0,0,0,0,0,0,0,0,0,0,0,0,0,0,0,0,0,0,0,0,0,0,0,0,0,0,0,0,0,0,0,0,0,0,0,0,0,0,0,0,0,0,0,0,0,0,0,0,0,0,0,0,0,0,0,0,0,0,0,0,0,0,0,0,0,0,0,0,0,0,0,0,0,0,0,0,0,0,0,0,0,0,0,0,0,0,0,0,0,0,0,0,0,0,0,0,0,0,0,0,0,0,0,0,0,0,0,0,0,0,0,0,0,0,0,0,0,0,0,0,0,0,0,0,0,0,0,0,0,0,0,0,0,0,0,0,0,0,0,0,0,0,0,0,0,0,0,0,0,0,0,0,0,0,0,0,0,0,0,0,2540,0.0000003869,0.0000027714
minecraft:light_gray_wool,0,0,0,0,0,0,0,0,0,0,0,0,0,0,0,0,0,0,0,0,0,0,0,0,0,0,0,0,0,0,0,0,0,0,0,0,0,0,0,0,0,0,0,0,0,0,0,0,0,0,0,0,0,0,0,0,0,0,0,0,0,0,0,0,0,0,0,0,0,0,0,0,0,0,0,0,0,0,0,0,0,0,0,0,0,0,0,0,0,0,0,0,0,0,0,0,0,0,0,0,0,0,0,0,0,0,0,0,0,0,0,0,0,0,0,0,0,0,0,0,0,0,0,0,0,0,150,142,199,137,133,174,241,202,169,59,50,60,30,15,25,30,0,0,22,10,25,20,8,11,30,30,46,11,20,16,15,11,5,10,5,5,0,0,0,0,0,0,0,0,0,0,0,0,0,0,0,0,0,0,0,0,0,10,0,0,0,0,0,0,36,28,24,20,24,25,25,0,0,0,0,0,0,0,0,10,0,0,0,5,5,1,0,5,5,5,0,0,0,0,0,0,0,0,0,0,0,0,0,0,0,0,0,0,0,0,0,0,0,0,0,0,0,0,0,0,0,0,0,0,0,0,0,0,0,0,0,0,0,0,0,0,0,0,0,0,0,0,0,0,0,0,0,0,0,0,0,0,0,0,0,0,0,0,0,0,0,0,0,0,0,0,0,0,0,0,0,0,0,0,0,0,0,0,0,0,0,0,0,0,0,0,0,0,0,0,0,0,0,0,0,0,0,0,0,0,0,0,0,0,0,0,0,0,0,0,2344,0.000000357,0.0000025576
minecraft:blue_carpet,0,0,0,0,0,0,0,0,0,0,0,0,0,0,185,0,0,0,0,1844,0,0,0,0,0,0,0,0,0,0,0,0,0,0,0,0,0,0,0,0,0,0,0,0,0,0,0,0,0,0,0,0,0,0,0,0,0,0,0,0,0,0,0,0,0,0,0,0,0,0,0,0,0,0,0,0,0,0,0,0,0,0,0,0,0,0,0,0,0,0,0,0,0,0,0,0,0,0,0,0,0,0,0,0,0,0,0,0,0,0,0,1,0,0,0,0,0,0,0,0,0,0,0,0,0,0,0,0,0,6,3,2,8,6,0,0,45,12,3,0,38,20,0,8,0,0,1,20,0,0,0,16,0,1,20,1,44,4,0,0,0,1,0,0,0,0,0,0,0,0,1,0,0,0,0,0,0,3,0,0,0,0,0,0,0,0,0,0,0,0,0,0,0,0,0,0,0,0,0,28,0,0,0,0,0,0,0,0,0,0,20,0,0,0,0,0,0,0,0,0,0,0,0,0,0,0,0,0,0,0,0,0,0,0,0,0,0,0,0,0,0,0,0,0,0,0,0,0,0,0,0,0,0,0,0,0,0,0,0,0,0,0,0,0,0,0,0,0,0,0,0,0,0,0,0,0,0,0,0,0,0,0,0,0,0,0,0,0,0,0,0,0,0,0,0,0,0,0,0,0,0,0,0,0,0,0,0,0,0,0,0,0,0,0,0,0,0,0,0,0,0,0,0,0,0,0,0,0,0,0,0,0,0,0,0,0,2341,0.0000003566,0.0000025543
minecraft:waxed_oxidized_chiseled_copper,0,0,0,0,0,0,0,0,0,0,0,0,0,0,0,0,0,0,0,0,0,0,0,0,0,0,0,16,24,25,21,30,27,20,22,28,24,17,25,47,58,46,40,48,62,64,52,68,39,43,21,72,72,59,63,67,68,84,60,68,57,45,56,48,45,38,43,38,48,57,44,47,30,29,27,18,19,13,11,10,8,14,11,14,13,20,13,8,13,0,0,0,0,0,0,0,0,0,0,0,0,0,0,0,0,0,0,0,0,0,0,0,0,0,0,0,0,0,0,0,0,0,0,0,0,0,0,0,0,0,0,0,0,0,0,0,0,0,0,0,0,0,0,0,0,0,0,0,0,0,0,0,0,0,0,0,0,0,0,0,0,0,0,0,0,0,0,0,0,0,0,0,0,0,0,0,0,0,0,0,0,0,0,0,0,0,0,0,0,0,0,0,0,0,0,0,0,0,0,0,0,0,0,0,0,0,0,0,0,0,0,0,0,0,0,0,0,0,0,0,0,0,0,0,0,0,0,0,0,0,0,0,0,0,0,0,0,0,0,0,0,0,0,0,0,0,0,0,0,0,0,0,0,0,0,0,0,0,0,0,0,0,0,0,0,0,0,0,0,0,0,0,0,0,0,0,0,0,0,0,0,0,0,0,0,0,0,0,0,0,0,0,0,0,0,0,0,0,0,0,0,0,0,0,0,0,0,0,0,0,0,0,0,0,0,0,0,0,0,0,0,0,0,0,0,0,0,0,0,0,0,0,0,0,0,0,2317,0.0000003529,0.0000025281
minecraft:stone_slab,0,0,0,0,0,0,0,0,0,0,0,0,0,0,0,0,13,3,10,9,5,4,3,0,13,6,2,12,4,21,15,9,24,15,13,2,11,4,4,15,7,13,3,2,25,8,23,14,3,22,5,5,12,12,3,14,9,3,0,19,12,0,17,6,3,10,13,12,16,14,4,10,15,12,0,12,4,20,10,7,1,11,5,5,1,2,6,4,12,6,16,7,7,1,14,4,0,5,11,14,15,14,9,11,16,25,19,8,2,22,5,21,47,31,34,20,20,51,18,10,25,14,14,11,27,22,22,143,121,89,26,41,40,41,41,26,45,36,16,18,20,27,8,20,22,7,11,3,5,4,7,17,9,5,8,8,1,1,2,18,3,0,4,10,4,0,3,10,1,1,7,7,1,0,10,0,3,4,2,1,0,0,0,0,1,1,14,2,1,0,3,0,0,6,4,2,0,0,0,0,0,1,0,0,0,0,0,0,0,0,0,0,1,0,2,0,0,0,0,1,1,0,0,0,0,1,0,0,0,0,0,0,0,0,0,0,0,0,0,0,0,0,0,0,0,0,0,0,0,0,0,0,0,0,0,0,0,0,0,0,0,0,0,0,0,0,0,0,0,0,0,0,0,0,0,0,0,0,0,0,0,0,0,0,0,0,0,0,0,0,0,0,0,0,0,0,0,0,0,0,0,0,0,0,0,0,0,0,0,0,0,0,0,0,0,0,0,0,0,0,0,0,0,0,0,0,0,0,0,0,0,0,0,0,0,0,2279,0.0000003471,0.0000024866
minecraft:brown_wall_banner,0,0,0,0,0,0,0,0,0,0,0,0,0,0,0,0,0,0,0,0,0,0,0,0,0,0,0,0,0,0,0,0,0,0,0,0,0,0,0,0,0,0,0,0,0,0,0,0,0,0,0,0,0,0,0,0,0,0,0,0,0,0,0,0,0,0,0,0,0,0,0,0,0,0,0,0,0,0,0,0,0,0,0,0,0,0,0,0,0,0,0,0,0,0,0,0,0,0,0,0,0,0,0,0,0,0,0,0,0,0,0,0,0,0,0,0,6,6,2,0,6,0,2,0,0,0,0,0,0,114,652,106,123,108,72,95,82,81,76,47,40,26,31,27,24,10,68,12,18,8,20,16,22,24,42,19,10,8,4,16,14,8,22,14,6,4,12,12,26,26,12,4,10,0,0,6,6,22,6,8,9,2,0,0,0,14,0,0,0,0,0,0,0,0,0,0,0,0,0,0,0,0,0,0,0,0,0,0,0,0,0,0,0,0,0,0,0,0,0,0,0,0,0,0,0,0,0,0,0,0,0,0,0,0,0,0,0,0,0,0,0,0,0,0,0,0,0,0,0,0,0,0,0,0,0,0,0,0,0,0,0,0,0,0,0,0,0,0,0,0,0,0,0,0,0,0,0,0,0,0,0,0,0,0,0,0,0,0,0,0,0,0,0,0,0,0,0,0,0,0,0,0,0,0,0,0,0,0,0,0,0,0,0,0,0,0,0,0,0,0,0,0,0,0,0,0,0,0,0,0,0,0,0,0,0,0,2266,0.0000003452,0.0000024725
minecraft:yellow_glazed_terracotta,0,0,0,0,0,0,0,0,0,0,0,0,0,0,0,0,0,0,0,0,0,0,0,0,0,0,0,0,0,0,0,0,0,0,0,0,0,0,0,0,0,0,0,0,0,0,0,0,0,0,0,0,0,0,0,0,0,0,0,0,0,0,0,0,0,0,0,0,0,0,0,0,0,0,0,0,0,0,0,0,0,0,0,0,0,0,0,0,0,0,0,0,0,0,0,0,0,0,0,0,0,0,0,0,0,0,12,42,24,18,54,18,99,124,56,65,32,159,190,90,97,135,76,26,58,70,36,28,44,65,42,14,38,36,14,36,37,10,28,20,18,16,44,37,29,30,8,18,6,0,12,10,6,4,6,15,16,0,9,0,2,0,0,0,8,12,0,0,0,0,0,6,0,0,0,0,0,6,0,0,0,0,0,0,0,0,0,0,0,0,0,0,0,0,0,0,0,0,0,0,0,0,0,0,0,0,0,0,0,0,0,0,0,0,0,0,0,0,0,0,0,0,0,0,0,0,0,0,0,0,0,0,0,0,0,0,0,0,0,0,0,0,0,0,0,0,0,0,0,0,0,0,0,0,0,0,0,0,0,0,0,0,0,0,0,0,0,0,0,0,0,0,0,0,0,0,0,0,0,0,0,0,0,0,0,0,0,0,0,0,0,0,0,0,0,0,0,0,0,0,0,0,0,0,0,0,0,0,0,0,0,0,0,0,0,0,0,0,0,0,0,0,0,0,0,0,0,0,0,0,0,0,0,0,0,0,2211,0.0000003368,0.0000024124
minecraft:sandstone_wall,0,0,0,0,0,0,0,0,0,0,0,0,0,0,0,0,0,0,0,0,0,0,0,0,0,0,0,0,0,0,0,0,0,0,0,0,0,0,0,0,0,0,0,0,0,0,0,0,0,0,0,0,0,0,0,0,0,0,0,0,0,0,0,0,0,0,0,0,0,0,0,0,0,0,0,0,0,0,0,0,0,0,0,0,0,0,0,0,0,0,0,0,0,0,0,0,0,0,0,0,0,0,0,0,0,0,0,0,0,0,0,0,0,0,0,0,0,0,0,0,0,0,0,0,28,4,16,208,197,122,77,102,75,91,131,148,209,145,66,53,51,45,39,37,15,31,6,4,6,8,33,26,22,21,29,24,8,3,3,1,27,4,4,0,0,0,15,0,0,0,0,8,0,0,0,0,0,0,0,0,0,0,0,0,0,0,0,0,0,0,0,0,0,0,0,0,0,0,0,0,0,0,0,0,0,0,0,0,0,0,0,0,0,0,0,0,0,0,0,0,0,0,0,0,0,0,0,0,0,0,0,0,0,0,0,0,0,0,0,0,0,0,0,0,0,0,0,0,0,0,0,0,0,0,0,0,0,0,0,0,0,0,0,0,0,0,0,0,0,0,0,0,0,0,0,0,0,0,0,0,0,0,0,0,0,0,0,0,0,0,0,0,0,0,0,0,0,0,0,0,0,0,0,0,0,0,0,0,0,0,0,0,0,0,0,0,0,0,0,0,0,0,0,0,0,0,0,0,0,0,0,0,0,0,0,0,2142,0.0000003263,0.0000023372
minecraft:blue_bed,0,0,0,0,0,0,0,0,0,0,0,0,0,0,0,0,0,0,0,0,0,0,0,0,0,0,8,18,11,22,16,50,30,32,42,52,40,48,34,44,64,56,54,48,59,40,48,34,26,30,30,40,8,10,18,18,16,16,14,0,0,0,0,0,0,0,0,0,0,0,0,0,0,0,0,0,0,0,0,0,0,0,0,0,0,0,0,0,0,0,0,0,0,0,0,0,0,0,0,0,0,0,0,0,0,0,0,0,0,0,0,0,0,0,0,0,0,0,0,0,0,0,0,0,0,0,2,108,170,38,51,38,46,50,52,62,68,34,10,8,10,10,22,12,8,4,6,6,6,10,4,2,12,8,4,2,6,6,12,6,8,0,4,10,4,2,2,3,4,4,8,4,2,6,2,0,4,2,4,0,0,0,6,6,4,2,0,4,0,0,0,2,0,0,0,0,0,0,2,2,0,0,0,0,0,0,0,0,0,0,0,0,0,0,0,0,0,0,0,0,0,0,0,0,0,0,0,0,0,0,0,0,0,0,0,0,0,0,0,0,0,0,0,0,0,0,0,0,0,0,0,0,0,0,0,0,0,0,0,0,0,0,0,0,0,0,0,0,0,0,0,0,0,0,0,0,0,0,0,0,0,0,0,0,0,0,0,0,0,0,0,0,0,0,0,0,0,0,0,0,0,0,0,0,0,0,0,0,0,0,0,0,0,0,0,0,0,0,0,0,0,0,0,0,0,0,0,0,0,0,0,0,0,0,0,0,2070,0.0000003153,0.0000022586
minecraft:jungle_trapdoor,0,0,0,0,0,0,0,0,0,0,0,0,0,0,0,0,0,0,0,0,0,0,0,0,0,0,0,0,0,0,0,0,0,0,0,0,0,0,0,0,0,0,0,0,0,0,0,0,0,0,0,0,0,0,0,0,0,0,0,0,0,0,0,0,0,0,0,0,0,0,0,0,0,0,0,0,0,0,0,0,0,0,0,0,0,0,0,0,0,0,0,16,0,0,0,0,2,1,16,18,15,14,10,51,105,124,109,48,48,6,0,88,57,62,95,222,177,144,75,35,99,72,70,32,29,65,29,46,17,8,0,4,4,4,1,6,9,2,0,0,0,0,0,0,0,0,0,0,0,0,0,0,0,4,0,0,0,0,0,0,0,0,0,0,0,0,0,0,0,0,0,0,0,0,0,0,0,0,0,0,0,0,0,0,0,0,0,0,0,0,0,0,0,0,0,0,0,0,0,0,0,0,0,0,0,0,0,0,0,0,0,0,0,0,0,0,0,0,0,0,0,0,0,0,0,0,0,0,0,0,0,0,0,0,0,0,0,0,0,0,0,0,0,0,0,0,0,0,0,0,0,0,0,0,0,0,0,0,0,0,0,0,0,0,0,0,0,0,0,0,0,0,0,0,0,0,0,0,0,0,0,0,0,0,0,0,0,0,0,0,0,0,0,0,0,0,0,0,0,0,0,0,0,0,0,0,0,0,0,0,0,0,0,0,0,0,0,0,0,0,0,0,0,0,0,0,0,0,0,0,0,0,0,0,0,0,2039,0.0000003106,0.0000022248
minecraft:orange_bed,0,0,0,0,0,0,0,0,0,0,0,0,0,0,0,0,0,0,0,0,0,0,0,0,0,0,18,18,18,10,25,52,52,24,36,32,46,52,62,58,75,57,60,56,62,48,54,36,22,30,28,26,6,8,12,28,18,14,8,0,0,0,0,0,0,0,0,0,0,0,0,0,0,0,0,0,0,0,0,0,0,0,0,0,0,0,0,0,0,0,0,0,0,0,0,0,0,0,0,0,0,0,0,0,0,0,0,0,0,0,0,0,0,0,0,0,0,0,2,2,0,2,0,0,0,0,0,296,68,28,22,30,60,36,34,28,12,12,8,12,12,6,20,24,15,2,6,6,2,2,4,8,10,2,4,6,4,4,6,6,10,6,6,4,4,10,4,0,4,0,2,0,0,0,4,0,2,2,0,0,0,0,0,0,0,0,0,0,0,0,0,0,0,0,0,0,0,0,0,0,2,2,0,0,0,0,0,0,0,0,0,0,0,0,0,0,0,0,0,0,0,0,0,0,0,0,0,0,0,0,0,0,0,0,0,0,0,0,0,0,0,0,0,0,0,0,0,0,0,0,0,0,0,0,0,0,0,0,0,0,0,0,0,0,0,0,0,0,0,0,0,0,0,0,0,0,0,0,0,0,0,0,0,0,0,0,0,0,0,0,0,0,0,0,0,0,0,0,0,0,0,0,0,0,0,0,0,0,0,0,0,0,0,0,0,0,0,0,0,0,0,0,0,0,0,0,0,0,0,0,0,0,0,0,0,0,2014,0.0000003068,0.0000021975
minecraft:orange_glazed_terracotta,0,0,0,0,0,0,0,0,0,0,0,0,0,0,0,0,0,0,0,0,0,0,0,0,0,0,0,0,0,0,0,0,0,0,0,0,0,0,0,0,0,0,0,0,0,0,0,0,0,0,0,0,0,0,0,0,0,0,0,0,0,0,0,0,0,0,0,0,0,0,0,0,0,0,0,0,0,0,0,0,0,0,0,0,0,0,0,0,0,0,0,0,0,0,0,0,0,0,0,0,0,0,0,0,0,0,0,0,0,0,0,10,21,84,45,39,29,158,97,63,105,117,57,122,66,109,41,47,34,57,49,51,24,44,18,20,16,33,6,14,9,49,6,12,12,20,6,26,20,11,15,9,0,12,8,21,0,28,17,6,14,1,19,6,35,0,0,1,7,0,0,5,6,0,0,0,1,17,0,0,0,0,0,0,0,0,0,0,0,0,0,0,0,0,0,0,0,0,0,0,0,0,0,0,0,0,0,0,0,0,0,0,0,0,0,0,0,0,0,0,0,0,0,0,0,0,0,0,0,0,0,0,0,0,0,0,0,0,0,0,0,0,0,0,0,0,0,0,0,0,0,0,0,0,0,0,0,0,0,0,0,0,0,0,0,0,0,0,0,0,0,0,0,0,0,0,0,0,0,0,0,0,0,0,0,0,0,0,0,0,0,0,0,0,0,0,0,0,0,0,0,0,0,0,0,0,0,0,0,0,0,0,0,0,0,0,0,0,0,0,0,0,0,0,0,0,0,0,0,0,0,0,0,0,0,0,1975,0.0000003008,0.0000021549
minecraft:redstone_lamp,0,0,0,0,0,0,0,0,0,0,0,0,0,0,0,1406,0,112,55,0,0,0,0,332,0,0,0,0,0,0,0,0,0,0,0,0,0,0,0,0,0,0,0,0,0,0,0,0,0,0,0,0,0,0,0,0,0,0,0,0,0,0,0,0,0,0,0,0,0,0,0,0,0,0,0,0,0,0,0,0,0,0,0,0,0,0,0,0,0,0,0,0,0,0,0,0,0,0,0,0,0,0,0,0,0,0,0,0,0,0,0,0,0,0,0,0,0,0,0,0,0,0,0,0,0,0,0,0,0,0,0,0,0,0,0,0,0,0,0,0,0,0,0,0,0,0,0,0,0,0,0,0,0,0,0,0,0,0,0,0,0,0,0,0,0,0,0,0,0,0,0,0,0,0,0,0,0,0,0,0,0,0,0,0,0,0,0,0,0,0,0,0,0,0,0,0,0,0,0,0,0,0,0,0,0,0,0,0,0,0,0,0,0,0,0,0,0,0,0,0,0,0,0,0,0,0,0,0,0,0,0,0,0,0,0,0,0,0,0,0,0,0,0,0,0,0,0,0,0,0,0,0,0,0,0,0,0,0,0,0,0,0,0,0,0,0,0,0,0,0,0,0,0,0,0,0,0,0,0,0,0,0,0,0,0,0,0,0,0,0,0,0,0,0,0,0,0,0,0,0,0,0,0,0,0,0,0,0,0,0,0,0,0,0,0,0,0,0,0,0,0,0,0,0,0,0,0,0,0,0,0,0,0,0,0,0,1905,0.0000002902,0.0000020786
minecraft:tripwire_hook,0,0,0,0,0,0,0,0,0,0,0,0,0,0,0,0,0,0,0,0,0,0,0,0,0,0,60,72,44,64,70,54,72,60,88,68,92,58,68,86,52,58,48,56,108,62,100,10,12,32,14,8,12,20,26,10,26,12,22,22,4,4,20,8,0,0,0,0,0,0,0,0,0,0,0,0,0,0,0,0,0,0,0,0,0,0,0,0,0,0,0,0,0,0,0,0,0,0,0,0,0,0,0,0,0,0,0,0,0,0,0,0,0,0,0,0,0,0,0,0,0,0,0,0,0,4,8,16,8,4,28,20,12,4,8,4,4,0,0,4,4,4,4,0,0,4,0,0,0,4,0,0,0,0,4,0,0,0,0,0,4,4,4,0,0,4,0,0,4,0,0,0,0,8,4,0,0,0,0,0,0,0,0,0,0,0,0,0,0,0,0,0,0,0,0,0,0,0,0,0,0,0,0,0,0,0,0,0,0,0,0,0,0,0,0,0,0,0,0,0,0,0,0,0,0,0,0,0,0,0,0,0,0,0,0,0,0,0,0,0,0,0,0,0,0,0,0,0,0,0,0,0,0,0,0,0,0,0,0,0,0,0,0,0,0,0,0,0,0,0,0,0,0,0,0,0,0,0,0,0,0,0,0,0,0,0,0,0,0,0,0,0,0,0,0,0,0,0,0,0,0,0,0,0,0,0,0,0,0,0,0,0,0,0,0,0,0,0,0,0,0,0,0,0,0,0,0,0,0,0,0,0,0,0,0,0,1882,0.0000002867,0.0000020535
minecraft:cobbled_deepslate_wall,0,0,0,0,0,0,0,0,0,0,0,0,0,0,0,0,0,0,0,0,444,444,588,144,144,0,0,0,0,0,0,0,0,0,0,0,0,0,0,0,0,0,0,0,0,0,0,0,0,0,0,0,0,0,0,0,0,0,0,0,0,0,0,0,0,0,0,0,0,0,0,0,0,0,0,0,0,0,0,0,0,0,0,0,0,0,0,0,0,0,0,0,0,0,0,0,0,0,0,0,0,0,0,0,0,0,0,0,0,0,0,0,0,0,0,0,0,0,0,0,0,0,0,0,0,0,0,0,0,0,0,0,0,0,0,0,0,0,0,0,0,0,0,0,0,0,0,0,0,0,0,0,0,0,0,0,0,0,0,0,0,0,0,0,0,0,0,0,0,0,0,0,0,0,0,0,0,0,0,0,0,0,0,0,0,0,0,0,0,0,0,0,0,0,0,0,0,0,0,0,0,0,0,0,0,0,0,0,0,0,0,0,0,0,0,0,0,0,0,0,0,0,0,0,0,0,0,0,0,0,0,0,0,0,0,0,0,0,0,0,0,0,0,0,0,0,0,0,0,0,0,0,0,0,0,0,0,0,0,0,0,0,0,0,0,0,0,0,0,0,0,0,0,0,0,0,0,0,0,0,0,0,0,0,0,0,0,0,0,0,0,0,0,0,0,0,0,0,0,0,0,0,0,0,0,0,0,0,0,0,0,0,0,0,0,0,0,0,0,0,0,0,0,0,0,0,0,0,0,0,0,0,0,0,0,0,1764,0.0000002687,0.0000019247
minecraft:smooth_stone,0,0,0,0,0,0,0,0,0,0,0,0,0,0,0,0,0,0,0,0,0,0,0,0,0,0,0,0,0,0,0,0,0,0,0,0,0,0,0,0,0,0,0,0,0,0,0,0,0,0,0,0,0,0,0,0,0,0,0,0,0,0,0,0,0,0,0,0,0,0,0,0,0,0,0,0,0,0,0,0,0,0,0,0,0,0,0,0,0,0,0,0,0,0,0,0,0,0,0,0,0,0,0,0,0,0,0,0,0,0,0,0,0,0,0,0,0,0,1,0,0,0,0,0,8,0,0,121,225,138,132,96,64,98,70,105,88,53,64,38,41,31,20,12,35,11,5,1,1,1,20,42,20,21,21,6,1,2,0,1,8,18,0,8,0,1,9,2,0,3,8,1,1,16,0,0,0,8,1,0,9,17,0,1,8,0,0,0,0,0,0,0,0,0,0,0,0,0,0,0,0,0,0,0,0,0,0,0,0,0,0,0,0,0,0,0,0,0,0,0,0,0,0,0,0,0,0,0,0,0,0,0,0,0,0,0,0,0,0,0,0,0,0,0,0,0,0,0,0,0,0,0,0,0,0,0,0,0,0,0,0,0,0,0,0,0,0,0,0,0,0,0,0,0,0,0,0,0,0,0,0,0,0,0,0,0,0,0,0,0,0,0,0,0,0,0,0,0,0,0,0,0,0,0,0,0,0,0,0,0,0,0,0,0,0,0,0,0,0,0,0,0,0,0,0,0,0,0,0,0,0,0,0,0,0,0,1712,0.0000002608,0.000001868
minecraft:red_bed,0,0,0,0,0,0,0,0,0,0,0,0,0,0,0,0,0,0,0,0,0,0,0,0,0,0,18,19,13,10,20,48,46,42,42,34,38,42,40,58,60,54,65,52,56,77,54,34,18,22,22,22,8,20,18,10,14,14,12,0,0,0,0,0,0,0,0,0,0,0,0,0,0,0,0,0,0,0,0,0,0,0,0,0,0,0,0,0,0,0,0,0,0,0,0,0,0,0,0,0,0,0,0,0,0,0,0,0,0,0,0,0,0,0,0,0,0,0,4,0,0,0,0,0,4,0,0,166,50,22,24,24,24,30,28,18,22,8,6,10,20,10,10,8,0,4,6,6,2,8,6,6,4,4,6,0,2,2,0,10,6,0,0,2,0,4,2,2,2,2,2,0,0,0,0,2,4,0,4,0,0,2,0,0,0,2,0,2,0,2,2,0,0,0,0,4,0,0,0,0,2,0,0,0,0,2,0,0,0,0,0,0,0,0,0,2,0,0,0,0,0,0,0,0,0,0,0,0,0,0,0,0,0,0,0,0,0,0,0,0,0,0,0,0,0,0,2,0,0,0,0,0,0,0,0,0,0,0,0,0,0,0,0,0,0,0,0,0,0,0,0,0,0,0,0,0,0,0,0,0,0,0,0,0,0,0,0,0,0,0,0,0,0,0,0,0,0,0,0,0,0,0,0,0,0,0,0,0,0,0,0,0,0,0,0,0,0,0,0,0,0,0,0,0,0,0,0,0,0,0,0,0,0,0,0,0,1710,0.0000002605,0.0000018658
minecraft:lantern,0,0,0,0,0,0,0,0,0,0,0,0,0,0,0,0,0,0,0,0,0,0,0,0,0,0,0,0,0,0,0,0,0,0,0,0,0,0,0,0,0,0,0,0,0,0,0,0,0,0,0,0,0,0,0,0,0,0,0,0,0,0,0,0,0,0,0,0,0,0,0,0,0,0,0,0,0,0,0,0,0,0,0,0,0,0,0,0,0,0,0,0,0,0,0,0,0,0,0,0,0,0,0,0,0,0,0,0,0,0,1,2,0,0,0,1,0,0,0,0,0,0,0,0,0,0,0,0,28,275,105,101,122,102,80,72,67,70,78,33,20,33,61,40,23,18,26,12,3,6,12,17,13,11,13,16,5,11,6,3,7,13,8,4,12,0,5,0,10,8,8,3,0,6,6,2,4,7,3,6,2,0,0,13,8,17,19,11,5,4,0,0,1,0,0,2,0,0,1,2,5,6,0,2,0,2,3,2,0,2,1,0,0,0,0,0,0,0,0,0,0,0,0,0,0,0,0,0,0,0,0,0,0,0,0,0,0,0,0,0,0,0,0,0,0,0,0,0,0,0,0,0,0,0,0,0,0,0,0,0,0,0,0,0,0,0,0,0,0,0,0,0,0,0,0,0,0,0,0,0,0,0,0,0,0,0,0,0,0,0,0,0,0,0,0,0,0,0,0,0,0,0,0,0,0,0,0,0,0,0,0,0,0,0,0,0,0,0,0,0,0,0,0,0,0,0,0,0,0,0,0,0,0,0,0,0,1706,0.0000002599,0.0000018614
minecraft:cyan_wool,0,0,0,0,0,0,0,0,0,0,0,0,0,0,800,555,124,62,0,0,0,0,0,0,0,0,0,0,0,0,0,0,0,0,0,0,0,0,0,0,0,0,0,0,0,0,0,0,0,0,0,0,0,0,0,0,0,0,0,0,0,0,0,0,0,0,0,0,0,0,0,0,0,0,0,0,0,0,0,0,0,0,0,0,0,0,0,0,0,0,0,0,0,0,0,0,0,0,0,0,0,0,0,0,0,0,0,0,0,0,0,0,0,0,0,0,0,0,0,0,0,0,0,0,0,0,0,22,10,4,2,22,10,4,2,0,11,5,2,1,0,0,0,0,0,0,0,0,0,0,0,0,0,0,0,0,0,0,0,0,0,0,0,0,0,0,0,0,0,0,0,0,0,0,0,0,0,0,0,0,0,0,0,0,0,0,0,0,0,0,0,0,0,0,0,0,0,0,0,0,0,0,0,0,0,0,0,0,0,0,0,0,0,0,0,0,0,0,0,0,0,0,0,0,0,0,0,0,0,0,0,0,0,0,0,0,0,0,0,0,0,0,0,0,0,0,0,0,0,0,0,0,0,0,0,0,0,0,0,0,0,0,0,0,0,0,0,0,0,0,0,0,0,0,0,0,0,0,0,0,0,0,0,0,0,0,0,0,0,0,0,0,0,0,0,0,0,0,0,0,0,0,0,0,0,0,0,0,0,0,0,0,0,0,0,0,0,0,0,0,0,0,0,0,0,0,0,0,0,0,0,0,0,0,0,0,1636,0.0000002492,0.0000017851
minecraft:crafting_table,0,0,0,0,0,0,0,0,0,0,0,0,0,0,0,0,0,0,0,0,0,0,0,0,0,0,0,0,0,0,0,36,48,30,37,43,36,36,33,46,42,33,31,35,42,40,39,36,26,41,33,35,0,0,0,0,0,0,0,0,0,0,0,0,0,0,0,0,0,0,0,0,0,0,0,0,0,0,0,0,0,0,0,0,0,0,0,0,0,0,0,0,0,0,0,0,0,0,0,0,0,0,0,0,0,0,0,0,0,0,0,1,7,24,9,11,6,12,13,7,11,5,6,3,1,2,7,133,83,57,43,27,25,31,41,36,37,19,9,10,8,9,8,6,9,5,5,6,5,6,4,8,4,3,7,1,3,1,6,7,4,1,0,3,2,2,2,4,3,2,5,1,1,4,1,1,4,1,2,1,0,0,1,1,1,1,0,0,0,1,1,0,0,0,0,2,0,0,0,0,1,0,0,0,0,1,0,0,0,0,0,0,0,0,0,1,0,0,0,0,0,0,0,0,0,0,0,0,0,0,0,0,0,0,0,0,0,0,0,0,0,0,0,0,0,0,1,0,0,0,0,0,0,0,0,0,0,0,0,0,0,0,0,0,0,0,0,0,0,0,0,0,0,0,0,0,0,0,0,0,0,0,0,0,0,0,0,0,0,0,0,0,0,0,0,0,0,0,0,0,0,0,0,0,0,0,0,0,0,0,0,0,0,0,0,0,0,0,0,0,0,0,0,0,0,0,0,0,0,0,0,0,0,0,0,0,1621,0.0000002469,0.0000017687
minecraft:yellow_stained_glass_pane,0,0,0,0,0,0,0,0,0,0,0,0,0,0,0,0,0,0,0,0,0,0,0,0,0,0,0,0,0,0,0,0,0,0,0,0,0,0,0,0,0,0,0,0,0,0,0,0,0,0,0,0,0,0,0,0,0,0,0,0,0,0,0,0,0,0,0,0,0,0,0,0,0,0,0,0,0,0,0,0,0,0,0,0,0,0,0,0,0,0,0,0,0,0,0,0,0,0,0,0,0,0,0,0,0,0,0,0,0,0,0,0,0,0,0,0,0,0,0,0,0,0,0,0,0,0,0,0,0,198,117,71,73,32,155,104,78,64,50,34,36,9,32,54,34,2,24,15,22,9,5,9,5,19,2,9,1,4,18,1,14,10,11,16,2,5,20,11,22,7,20,18,1,8,9,14,10,11,6,14,4,4,9,0,0,0,10,2,5,0,5,14,6,4,0,4,4,9,1,0,0,0,4,5,0,0,0,0,0,0,0,0,0,0,0,0,0,0,0,0,0,0,0,0,0,0,0,0,0,0,0,0,0,0,0,0,0,0,0,0,0,0,0,0,0,0,0,0,0,0,0,0,0,0,0,0,0,0,0,0,0,0,0,0,0,0,0,0,0,0,0,0,0,0,0,0,0,0,0,0,0,0,0,0,0,0,0,0,0,0,0,0,0,0,0,0,0,0,0,0,0,0,0,0,0,0,0,0,0,0,0,0,0,0,0,0,0,0,0,0,0,0,0,0,0,0,0,0,0,0,0,0,0,0,0,0,1605,0.0000002445,0.0000017512
minecraft:black_glazed_terracotta,0,0,0,0,0,0,0,0,0,0,0,0,0,0,0,0,0,0,0,0,0,0,0,0,0,0,0,0,0,0,0,0,0,0,0,0,0,0,0,0,0,0,0,0,0,0,0,0,0,0,0,0,0,0,0,0,0,0,0,0,0,0,0,0,0,0,0,0,0,0,0,0,0,0,0,0,0,0,0,0,0,0,0,0,0,0,0,0,0,0,0,0,0,0,0,0,0,0,0,0,0,0,0,0,0,0,5,20,40,40,60,25,20,36,69,42,14,38,42,81,46,84,86,76,99,56,81,50,46,15,46,22,22,10,0,0,0,10,8,30,0,2,0,20,40,2,8,6,10,0,0,0,28,8,28,20,0,8,8,8,0,0,0,8,6,8,0,2,0,0,0,0,0,0,0,0,0,0,0,0,0,8,6,8,0,0,0,0,0,0,0,0,0,0,0,0,0,0,0,0,0,0,0,0,0,0,0,0,0,0,0,0,0,0,0,0,0,0,0,0,0,0,0,0,0,0,0,0,0,0,0,0,0,0,0,0,0,0,0,0,0,0,0,0,0,0,0,0,0,0,0,0,0,0,0,0,0,0,0,0,0,0,0,0,0,0,0,0,0,0,0,0,0,0,0,0,0,0,0,0,0,0,0,0,0,0,0,0,0,0,0,0,0,0,0,0,0,0,0,0,0,0,0,0,0,0,0,0,0,0,0,0,0,0,0,0,0,0,0,0,0,0,0,0,0,0,0,0,0,0,0,0,0,0,0,0,1561,0.0000002378,0.0000017032
minecraft:brick_slab,0,0,0,0,0,0,0,0,0,0,0,0,0,0,0,0,0,0,0,0,0,0,0,0,0,0,0,0,0,0,0,0,0,0,0,0,0,0,0,0,0,0,0,0,0,0,0,0,0,0,0,0,0,0,0,0,0,0,0,0,0,0,0,0,0,0,0,0,0,0,0,0,0,0,0,0,0,0,0,0,0,0,0,0,0,0,0,0,0,0,0,0,0,0,0,0,0,0,0,0,0,0,0,0,0,0,0,0,3,11,7,14,23,29,28,15,25,161,67,61,96,76,86,56,61,55,70,43,28,24,39,17,19,33,16,27,15,15,14,13,13,6,11,25,8,36,11,0,14,4,13,2,33,12,1,7,3,27,4,0,9,0,13,16,0,3,6,3,2,1,1,0,0,1,0,0,0,0,0,0,0,3,0,0,0,0,0,0,0,0,0,0,0,0,0,0,0,0,0,0,0,0,0,0,0,0,0,0,0,0,0,0,0,0,0,0,0,0,0,0,0,0,0,0,0,0,0,0,0,0,0,0,0,0,0,0,0,0,0,0,0,0,0,0,0,0,0,0,0,0,0,0,0,0,0,0,0,0,0,0,0,0,0,0,0,0,0,0,0,0,0,0,0,0,0,0,0,0,0,0,0,0,0,0,0,0,0,0,0,0,0,0,0,0,0,0,0,0,0,0,0,0,0,0,0,0,0,0,0,0,0,0,0,0,0,0,0,0,0,0,0,0,0,0,0,0,0,0,0,0,0,0,0,0,0,0,1535,0.0000002338,0.0000016749
minecraft:white_stained_glass_pane,0,0,0,0,0,0,0,0,0,0,0,0,0,0,0,0,0,0,0,0,0,0,0,0,0,0,0,0,0,0,0,0,0,0,0,0,0,0,0,0,0,0,0,0,0,0,0,0,0,0,0,0,0,0,0,0,0,0,0,0,0,0,0,0,0,0,0,0,0,0,0,0,0,0,0,0,0,0,0,0,0,0,0,0,0,0,0,0,0,0,0,0,0,0,0,0,0,0,0,0,0,0,0,0,0,0,0,0,0,0,0,0,0,0,0,0,0,0,0,0,0,0,0,0,0,0,0,0,0,0,183,105,68,64,31,154,94,69,61,50,34,36,9,31,45,33,2,22,14,21,9,5,9,5,15,2,9,1,4,17,1,12,9,11,16,2,5,20,11,18,7,18,18,1,8,9,13,10,10,5,12,4,4,8,0,0,0,10,2,5,0,5,14,6,4,0,4,4,9,1,0,0,0,4,4,0,0,0,0,0,0,0,0,0,0,0,0,0,0,0,0,0,0,0,0,0,0,0,0,0,0,0,0,0,0,0,0,0,0,0,0,0,0,0,0,0,0,0,0,0,0,0,0,0,0,0,0,0,0,0,0,0,0,0,0,0,0,0,0,0,0,0,0,0,0,0,0,0,0,0,0,0,0,0,0,0,0,0,0,0,0,0,0,0,0,0,0,0,0,0,0,0,0,0,0,0,0,0,0,0,0,0,0,0,0,0,0,0,0,0,0,0,0,0,0,0,0,0,0,0,0,0,0,0,0,0,1506,0.0000002294,0.0000016432
minecraft:green_bed,0,0,0,0,0,0,0,0,0,0,0,0,0,0,0,0,0,0,0,0,0,0,0,0,0,0,20,16,32,12,24,54,34,38,36,54,30,22,50,92,56,54,24,34,56,52,40,34,22,48,38,44,10,18,10,16,18,10,12,0,0,0,0,0,0,0,0,0,0,0,0,0,0,0,0,0,0,0,0,0,0,0,0,0,0,0,0,0,0,0,0,0,0,0,0,0,0,0,0,0,0,0,0,0,0,0,0,0,0,0,0,0,0,0,2,0,0,0,0,0,0,0,0,0,2,2,0,112,28,18,10,16,18,18,18,20,18,8,4,2,2,4,2,0,2,0,2,2,4,4,0,0,0,0,2,0,0,0,0,0,0,0,0,0,0,0,0,0,0,0,0,0,0,0,0,0,0,0,0,0,0,0,0,0,0,0,0,0,0,0,0,0,0,0,0,0,0,0,0,0,0,0,0,0,0,0,0,0,0,0,0,0,0,0,0,0,0,0,0,0,0,0,0,0,0,0,0,0,0,0,0,0,0,0,0,0,0,0,0,0,0,0,0,0,0,0,0,0,0,0,0,0,0,0,0,0,0,0,0,0,0,0,0,0,0,0,0,0,0,0,0,0,0,0,0,0,0,0,0,0,0,0,0,0,0,0,0,0,0,0,0,0,0,0,0,0,0,0,0,0,0,0,0,0,0,0,0,0,0,0,0,0,0,0,0,0,0,0,0,0,0,0,0,0,0,0,0,0,0,0,0,0,0,0,0,0,1430,0.0000002178,0.0000015603
minecraft:black_wool,0,0,0,0,0,0,0,0,0,0,0,0,0,0,0,0,0,0,0,0,0,0,0,0,0,0,0,0,0,0,0,0,0,0,0,0,0,0,0,0,0,0,0,0,0,0,0,0,0,0,0,0,0,0,0,0,0,0,0,0,0,0,0,0,0,0,0,0,0,0,0,0,0,0,0,0,0,0,0,0,0,0,0,0,0,0,0,0,0,0,0,0,0,0,0,0,0,0,0,0,0,0,0,0,0,0,0,0,0,0,0,0,0,0,0,0,0,0,0,0,0,0,0,0,0,0,0,4,11,9,5,7,7,3,3,3,161,144,152,132,76,42,31,10,41,38,81,63,49,24,13,3,3,1,1,1,1,0,0,0,0,0,0,0,0,0,0,0,0,0,0,0,0,0,0,0,0,0,0,0,0,0,0,0,0,0,0,0,0,0,2,2,1,1,1,0,0,0,40,36,38,23,10,1,2,0,0,0,0,41,37,38,23,10,1,2,0,0,0,0,0,0,0,0,0,0,0,0,0,0,0,0,0,0,0,0,0,0,0,0,0,0,0,0,0,0,0,0,0,0,0,0,0,0,0,0,0,0,0,0,0,0,0,0,0,0,0,0,0,0,0,0,0,0,0,0,0,0,0,0,0,0,0,0,0,0,0,0,0,0,0,0,0,0,0,0,0,0,0,0,0,0,0,0,0,0,0,0,0,0,0,0,0,0,0,0,0,0,0,0,0,0,0,0,0,0,0,0,0,0,0,0,0,0,0,0,1428,0.0000002175,0.0000015581
minecraft:lime_bed,0,0,0,0,0,0,0,0,0,0,0,0,0,0,0,0,0,0,0,0,0,0,0,0,0,0,22,28,26,8,10,36,32,52,20,32,26,22,58,64,52,46,34,52,84,62,44,32,36,28,28,30,12,20,24,10,6,10,12,0,0,0,0,0,0,0,0,0,0,0,0,0,0,0,0,0,0,0,0,0,0,0,0,0,0,0,0,0,0,0,0,0,0,0,0,0,0,0,0,0,0,0,0,0,0,0,0,0,0,0,0,0,0,0,0,0,0,0,0,0,0,0,0,0,0,2,2,114,40,8,14,10,14,12,18,16,24,8,4,6,4,10,6,6,4,6,6,4,6,0,2,10,2,0,2,0,0,0,2,0,2,0,0,0,0,2,2,0,0,0,0,0,0,0,0,0,0,0,0,0,0,0,0,0,0,0,0,0,0,0,0,0,0,0,0,0,0,0,0,0,0,0,0,0,0,0,0,0,0,0,0,0,0,0,0,0,0,0,0,0,0,0,0,0,0,0,0,0,0,0,0,0,0,0,0,0,0,0,0,0,0,0,0,0,0,0,0,0,0,0,0,0,0,0,0,0,0,0,0,0,0,0,0,0,0,0,0,0,0,0,0,0,0,0,0,0,0,0,0,0,0,0,0,0,0,0,0,0,0,0,0,0,0,0,0,0,0,0,0,0,0,0,0,0,0,0,0,0,0,0,0,0,0,0,0,0,0,0,0,0,0,0,0,0,0,0,0,0,0,0,0,0,0,0,0,0,1426,0.0000002172,0.0000015559
minecraft:light_blue_glazed_terracotta,0,0,0,0,0,0,0,0,0,0,0,0,0,0,0,0,0,0,0,0,0,0,0,0,0,0,0,0,0,0,0,0,0,0,0,0,0,0,0,0,0,0,0,0,0,0,0,0,0,0,0,0,0,0,0,0,0,0,0,0,0,0,0,0,0,0,0,0,0,0,0,0,0,0,0,0,0,0,0,0,0,0,0,0,0,0,0,0,0,0,0,0,0,0,0,0,0,0,0,0,0,0,0,0,0,0,0,0,0,0,0,0,2,13,35,36,24,104,44,55,45,142,74,58,50,47,67,37,45,41,51,10,9,26,18,9,9,18,9,11,3,2,5,19,8,22,2,10,3,19,10,0,18,0,9,0,18,18,0,7,3,21,9,9,0,0,9,9,4,4,3,0,0,0,0,0,0,2,1,1,0,0,0,0,0,0,0,0,0,0,0,0,0,0,0,0,0,0,0,0,0,0,0,0,0,0,0,0,0,0,0,0,0,0,0,0,0,0,0,0,0,0,0,0,0,0,0,0,0,0,0,0,0,0,0,0,0,0,0,0,0,0,0,0,0,0,0,0,0,0,0,0,0,0,0,0,0,0,0,0,0,0,0,0,0,0,0,0,0,0,0,0,0,0,0,0,0,0,0,0,0,0,0,0,0,0,0,0,0,0,0,0,0,0,0,0,0,0,0,0,0,0,0,0,0,0,0,0,0,0,0,0,0,0,0,0,0,0,0,0,0,0,0,0,0,0,0,0,0,0,0,0,0,0,0,0,1337,0.0000002037,0.0000014588
minecraft:jungle_door,0,0,0,0,0,0,0,0,0,0,0,0,0,0,0,0,0,0,0,0,0,0,0,0,0,0,0,0,0,0,0,0,0,0,0,0,0,0,0,0,0,0,0,0,0,0,0,0,0,0,0,0,0,0,0,0,0,0,0,0,0,0,0,0,0,0,0,0,0,0,0,0,0,0,0,0,0,0,0,0,0,0,0,0,0,0,0,0,0,1,1,0,0,0,0,0,1,2,1,2,3,4,6,8,8,3,3,4,1,6,8,3,3,7,14,17,10,3,5,7,6,4,1,5,9,8,6,153,198,80,49,36,39,50,70,69,68,60,36,24,21,22,23,19,11,9,9,7,9,11,6,8,9,5,6,5,4,3,4,4,2,1,0,0,0,1,3,2,0,0,0,1,1,0,0,0,0,0,0,0,0,0,0,0,0,0,0,0,0,0,0,0,0,0,0,0,0,0,0,0,0,0,0,0,0,0,0,0,0,0,0,0,0,0,0,0,0,0,0,0,0,0,0,0,0,0,0,0,0,0,0,0,0,0,0,0,0,0,0,0,0,0,0,0,0,0,0,0,0,0,0,0,0,0,0,0,0,0,0,0,0,0,0,0,0,0,0,0,0,0,0,0,0,0,0,0,0,0,0,0,0,0,0,0,0,0,0,0,0,0,0,0,0,0,0,0,0,0,0,0,0,0,0,0,0,0,0,0,0,0,0,0,0,0,0,0,0,0,0,0,0,0,0,0,0,0,0,0,0,0,0,0,0,0,0,0,1308,0.0000001992,0.0000014272
minecraft:cyan_bed,0,0,0,0,0,0,0,0,0,0,0,0,0,0,0,0,0,0,0,0,0,0,0,0,0,0,20,22,18,8,12,44,36,52,38,44,26,40,60,46,56,33,45,54,64,80,60,28,34,22,26,22,16,18,14,12,8,16,14,0,0,0,0,0,0,0,0,0,0,0,0,0,0,0,0,0,0,0,0,0,0,0,0,0,0,0,0,0,0,0,0,0,0,0,0,0,0,0,0,0,0,0,0,0,0,0,0,0,0,0,0,0,0,0,0,0,0,0,0,0,0,0,0,0,2,0,0,66,12,12,2,4,0,20,18,12,8,6,10,0,2,4,2,2,4,0,0,0,4,2,0,0,0,2,2,0,0,2,2,2,0,0,0,0,0,0,0,0,0,0,0,0,0,0,0,0,0,0,0,0,0,0,0,0,0,0,0,0,0,0,0,0,0,0,0,0,0,0,0,0,0,0,0,0,0,0,0,0,0,0,0,0,0,0,0,0,0,0,0,0,0,0,0,0,0,0,0,0,0,0,0,0,0,0,0,0,0,0,0,0,0,0,0,0,0,0,0,0,0,0,0,0,0,0,0,0,0,0,0,0,0,0,0,0,0,0,0,0,0,0,0,0,0,0,0,0,0,0,0,0,0,0,0,0,0,0,0,0,0,0,0,0,0,0,0,0,0,0,0,0,0,0,0,0,0,0,0,0,0,0,0,0,0,0,0,0,0,0,0,0,0,0,0,0,0,0,0,0,0,0,0,0,0,0,0,0,1290,0.0000001965,0.0000014075
minecraft:stripped_oak_wood,0,0,0,0,0,0,0,0,0,0,0,0,0,0,0,0,0,0,0,0,0,0,0,0,0,0,0,0,0,0,0,0,0,0,0,0,0,0,0,0,0,0,0,0,0,0,0,0,0,0,0,0,0,0,0,0,0,0,0,0,0,0,0,0,0,0,0,0,0,0,0,0,0,0,0,0,0,0,0,0,0,0,0,0,0,0,0,0,0,0,0,0,0,0,0,0,0,0,0,0,0,0,0,0,0,0,0,0,0,0,0,0,0,0,0,0,0,0,0,0,0,0,0,0,1,1,2,1,1,6,324,104,39,36,54,80,65,55,49,66,17,25,17,16,18,19,20,15,7,10,6,1,10,8,9,9,0,2,3,4,1,5,11,10,4,4,1,8,5,7,9,13,6,5,5,0,2,3,9,5,5,4,3,3,6,0,4,0,2,1,2,1,1,0,3,1,0,3,0,3,3,0,0,0,0,0,0,0,0,0,0,1,0,1,0,0,0,0,0,0,0,0,0,0,0,0,1,1,0,0,1,0,0,0,0,0,0,0,0,0,0,0,0,0,0,0,0,0,0,0,0,0,0,0,0,0,0,0,0,0,0,0,0,0,0,0,0,0,0,0,0,0,0,0,0,0,0,0,0,0,0,0,0,0,0,0,0,0,0,0,0,0,0,0,0,0,0,0,0,0,0,0,0,0,0,0,0,0,0,0,0,0,0,0,0,0,0,0,0,0,0,0,0,0,0,0,0,0,0,0,0,0,0,0,0,0,1263,0.0000001924,0.0000013781
minecraft:cobblestone_slab,0,0,0,0,0,0,0,0,0,0,0,0,0,0,0,0,0,0,0,0,0,0,0,0,0,0,0,0,0,0,0,0,0,0,0,0,0,0,0,0,0,0,0,0,0,0,0,0,0,0,0,0,0,0,0,0,0,0,0,0,0,0,0,0,0,0,0,0,0,0,0,0,0,0,0,0,0,0,0,0,0,0,0,0,0,0,0,0,0,0,0,0,0,0,0,0,0,0,0,0,0,0,0,0,0,0,0,0,0,0,0,0,0,0,0,0,0,0,0,0,0,0,0,0,0,0,79,134,46,2,25,99,130,70,66,56,86,20,38,37,38,28,19,4,2,7,20,19,10,8,3,12,4,6,8,4,4,0,2,4,0,2,0,0,14,4,4,3,2,6,8,4,2,2,2,4,0,2,6,2,2,0,0,0,0,0,0,0,0,29,32,2,0,2,2,6,0,0,4,0,5,0,0,0,0,0,0,0,0,3,6,4,0,0,0,0,0,0,0,0,0,0,0,0,0,0,0,0,0,0,0,0,0,0,0,0,0,0,0,0,0,0,0,0,0,0,0,0,0,0,0,4,0,0,0,0,0,0,0,0,0,0,0,0,0,0,0,0,0,0,0,0,0,0,0,0,0,0,0,0,0,0,0,0,0,0,0,0,0,0,0,0,0,0,0,0,0,0,0,0,0,0,0,0,0,0,0,0,0,0,0,0,0,0,0,0,0,0,0,0,0,0,0,0,0,0,0,0,0,0,0,0,0,0,0,0,1258,0.0000001916,0.0000013726
minecraft:light_blue_bed,0,0,0,0,0,0,0,0,0,0,0,0,0,0,0,0,0,0,0,0,0,0,0,0,0,0,18,24,12,8,22,48,40,40,28,48,52,26,70,70,52,40,68,70,60,52,62,38,40,56,28,50,10,14,8,30,30,14,8,0,0,0,0,0,0,0,0,0,0,0,0,0,0,0,0,0,0,0,0,0,0,0,0,0,0,0,0,0,0,0,0,0,0,0,0,0,0,0,0,0,0,0,0,0,0,0,0,0,0,0,0,0,0,0,0,0,0,0,0,0,0,0,0,0,0,0,0,0,0,0,0,0,0,0,0,0,0,0,0,0,0,0,0,0,0,0,0,0,0,0,0,0,0,0,0,0,0,0,0,0,0,0,0,0,0,0,0,0,0,0,0,0,0,0,0,0,0,0,0,0,0,0,0,0,0,0,0,0,0,0,0,0,0,0,0,0,0,0,0,0,0,0,0,0,0,0,0,0,0,0,0,0,0,0,0,0,0,0,0,0,0,0,0,0,0,0,0,0,0,0,0,0,0,0,0,0,0,0,0,0,0,0,0,0,0,0,0,0,0,0,0,0,0,0,0,0,0,0,0,0,0,0,0,0,0,0,0,0,0,0,0,0,0,0,0,0,0,0,0,0,0,0,0,0,0,0,0,0,0,0,0,0,0,0,0,0,0,0,0,0,0,0,0,0,0,0,0,0,0,0,0,0,0,0,0,0,0,0,0,0,0,0,0,0,0,0,0,0,0,0,0,0,0,0,0,0,1236,0.0000001883,0.0000013486
minecraft:yellow_wool,0,0,0,0,0,0,0,0,0,0,0,0,0,0,0,0,0,0,0,0,0,0,0,0,0,0,0,0,0,0,0,0,0,0,0,0,0,0,0,0,0,0,0,0,0,0,0,0,0,0,0,0,0,0,0,0,0,0,0,0,0,0,0,0,0,0,0,0,0,0,0,0,0,0,0,0,0,0,0,0,0,0,0,0,0,0,0,0,0,0,0,0,0,0,0,0,0,0,0,0,0,0,0,0,0,0,0,0,0,0,0,0,0,0,0,0,0,0,0,0,0,0,0,0,9,0,24,12,9,6,170,75,45,40,22,70,57,48,10,49,39,25,14,14,28,29,27,26,9,10,6,10,6,16,8,5,9,0,0,1,0,10,1,18,15,5,6,24,1,9,10,1,9,6,6,0,10,18,1,10,5,0,9,1,7,0,0,0,9,0,0,0,0,6,0,11,2,0,0,0,0,0,9,0,0,0,0,0,0,0,0,0,0,0,0,0,0,0,0,0,0,0,0,0,0,0,0,0,0,0,0,0,0,0,0,0,0,0,0,0,0,0,0,0,0,0,0,0,0,0,0,0,0,0,0,0,0,0,0,0,0,0,0,0,0,0,0,0,0,0,0,0,0,0,0,0,0,0,0,0,0,0,0,0,0,0,0,0,0,0,0,0,0,0,0,0,0,0,0,0,0,0,0,0,0,0,0,0,0,0,0,0,0,0,0,0,0,0,0,0,0,0,0,0,0,0,0,0,0,0,0,0,0,0,0,0,1147,0.0000001747,0.0000012515
minecraft:repeater,0,0,0,0,0,0,0,0,0,0,0,0,0,0,0,860,220,0,0,0,0,0,0,0,0,0,0,0,0,0,0,0,0,0,0,0,0,0,0,0,0,0,0,0,0,0,0,0,0,0,0,0,0,0,0,0,0,0,0,0,0,0,0,0,0,0,0,0,0,0,0,0,0,0,0,0,0,0,0,0,0,0,0,0,0,0,0,0,0,0,0,0,0,0,0,0,0,0,0,0,0,0,0,0,0,0,0,0,0,0,0,0,0,0,0,0,0,0,0,0,0,0,0,0,0,0,1,2,4,2,1,7,5,3,1,2,1,1,0,0,1,1,1,1,0,0,1,0,0,0,1,0,0,0,0,1,0,0,0,0,0,1,1,1,0,0,1,0,0,1,0,0,0,0,2,1,0,0,0,0,0,0,0,0,0,0,0,0,0,0,0,0,0,0,0,0,0,0,0,0,0,0,0,0,0,0,0,0,0,0,0,0,0,0,0,0,0,0,0,0,0,0,0,0,0,0,0,0,0,0,0,0,0,0,0,0,0,0,0,0,0,0,0,0,0,0,0,0,0,0,0,0,0,0,0,0,0,0,0,0,0,0,0,0,0,0,0,0,0,0,0,0,0,0,0,0,0,0,0,0,0,0,0,0,0,0,0,0,0,0,0,0,0,0,0,0,0,0,0,0,0,0,0,0,0,0,0,0,0,0,0,0,0,0,0,0,0,0,0,0,0,0,0,0,0,0,0,0,0,0,0,0,0,0,0,0,1125,0.0000001714,0.0000012275
minecraft:black_bed,0,0,0,0,0,0,0,0,0,0,0,0,0,0,0,0,0,0,0,0,0,0,0,0,0,0,24,18,14,8,30,26,60,28,42,36,40,32,40,62,70,46,33,58,64,44,42,26,32,56,38,26,8,14,16,22,40,6,14,0,0,0,0,0,0,0,0,0,0,0,0,0,0,0,0,0,0,0,0,0,0,0,0,0,0,0,0,0,0,0,0,0,0,0,0,0,0,0,0,0,0,0,0,0,0,0,0,0,0,0,0,0,0,0,0,0,0,0,0,0,0,0,0,0,0,0,0,0,0,0,0,0,0,0,0,0,0,0,0,0,0,0,0,0,0,0,0,0,0,0,0,0,0,0,0,0,0,0,0,0,0,0,0,0,0,0,0,0,0,0,0,0,0,0,0,0,0,0,0,0,0,0,0,0,0,0,0,0,0,0,0,0,0,0,0,0,0,0,0,0,0,0,0,0,0,0,0,0,0,0,0,0,0,0,0,0,0,0,0,0,0,0,0,0,0,0,0,0,0,0,0,0,0,0,0,0,0,0,0,0,0,0,0,0,0,0,0,0,0,0,0,0,0,0,0,0,0,0,0,0,0,0,0,0,0,0,0,0,0,0,0,0,0,0,0,0,0,0,0,0,0,0,0,0,0,0,0,0,0,0,0,0,0,0,0,0,0,0,0,0,0,0,0,0,0,0,0,0,0,0,0,0,0,0,0,0,0,0,0,0,0,0,0,0,0,0,0,0,0,0,0,0,0,0,0,0,1115,0.0000001698,0.0000012166
minecraft:light_gray_bed,0,0,0,0,0,0,0,0,0,0,0,0,0,0,0,0,0,0,0,0,0,0,0,0,0,0,12,24,28,18,24,38,48,42,33,32,40,48,47,72,40,48,63,42,68,50,40,32,20,40,32,38,12,8,24,14,20,12,2,0,0,0,0,0,0,0,0,0,0,0,0,0,0,0,0,0,0,0,0,0,0,0,0,0,0,0,0,0,0,0,0,0,0,0,0,0,0,0,0,0,0,0,0,0,0,0,0,0,0,0,0,0,0,0,0,0,0,0,0,0,0,0,0,0,0,0,0,0,0,0,0,0,0,0,0,0,0,0,0,0,0,0,0,0,0,0,0,0,0,0,0,0,0,0,0,0,0,0,0,0,0,0,0,0,0,0,0,0,0,0,0,0,0,0,0,0,0,0,0,0,0,0,0,0,0,0,0,0,0,0,0,0,0,0,0,0,0,0,0,0,0,0,0,0,0,0,0,0,0,0,0,0,0,0,0,0,0,0,0,0,0,0,0,0,0,0,0,0,0,0,0,0,0,0,0,0,0,0,0,0,0,0,0,0,0,0,0,0,0,0,0,0,0,0,0,0,0,0,0,0,0,0,0,0,0,0,0,0,0,0,0,0,0,0,0,0,0,0,0,0,0,0,0,0,0,0,0,0,0,0,0,0,0,0,0,0,0,0,0,0,0,0,0,0,0,0,0,0,0,0,0,0,0,0,0,0,0,0,0,0,0,0,0,0,0,0,0,0,0,0,0,0,0,0,0,0,1111,0.0000001692,0.0000012122
minecraft:gray_bed,0,0,0,0,0,0,0,0,0,0,0,0,0,0,0,0,0,0,0,0,0,0,0,0,0,0,18,26,22,20,22,42,26,28,42,30,48,48,40,58,60,50,56,62,62,51,46,38,36,26,38,28,8,14,20,12,14,4,14,0,0,0,0,0,0,0,0,0,0,0,0,0,0,0,0,0,0,0,0,0,0,0,0,0,0,0,0,0,0,0,0,0,0,0,0,0,0,0,0,0,0,0,0,0,0,0,0,0,0,0,0,0,0,0,0,0,0,0,0,0,0,0,0,0,0,0,0,0,0,0,0,0,0,0,0,0,0,0,0,0,0,0,0,0,0,0,0,0,0,0,0,0,0,0,0,0,0,0,0,0,0,0,0,0,0,0,0,0,0,0,0,0,0,0,0,0,0,0,0,0,0,0,0,0,0,0,0,0,0,0,0,0,0,0,0,0,0,0,0,0,0,0,0,0,0,0,0,0,0,0,0,0,0,0,0,0,0,0,0,0,0,0,0,0,0,0,0,0,0,0,0,0,0,0,0,0,0,0,0,0,0,0,0,0,0,0,0,0,0,0,0,0,0,0,0,0,0,0,0,0,0,0,0,0,0,0,0,0,0,0,0,0,0,0,0,0,0,0,0,0,0,0,0,0,0,0,0,0,0,0,0,0,0,0,0,0,0,0,0,0,0,0,0,0,0,0,0,0,0,0,0,0,0,0,0,0,0,0,0,0,0,0,0,0,0,0,0,0,0,0,0,0,0,0,0,0,1109,0.0000001689,0.00000121
minecraft:brown_bed,0,0,0,0,0,0,0,0,0,0,0,0,0,0,0,0,0,0,0,0,0,0,0,0,0,0,14,16,18,14,23,28,46,40,47,32,50,32,50,56,54,52,52,46,54,40,46,42,32,56,34,30,18,10,20,12,16,16,8,0,0,0,0,0,0,0,0,0,0,0,0,0,0,0,0,0,0,0,0,0,0,0,0,0,0,0,0,0,0,0,0,0,0,0,0,0,0,0,0,0,0,0,0,0,0,0,0,0,0,0,0,0,0,0,0,0,0,0,0,0,0,0,0,0,0,0,0,0,0,0,0,0,0,0,0,0,0,0,0,0,0,0,0,0,0,0,0,0,0,0,0,0,0,0,0,0,0,0,0,0,0,0,0,0,0,0,0,0,0,0,0,0,0,0,0,0,0,0,0,0,0,0,0,0,0,0,0,0,0,0,0,0,0,0,0,0,0,0,0,0,0,0,0,0,0,0,0,0,0,0,0,0,0,0,0,0,0,0,0,0,0,0,0,0,0,0,0,0,0,0,0,0,0,0,0,0,0,0,0,0,0,0,0,0,0,0,0,0,0,0,0,0,0,0,0,0,0,0,0,0,0,0,0,0,0,0,0,0,0,0,0,0,0,0,0,0,0,0,0,0,0,0,0,0,0,0,0,0,0,0,0,0,0,0,0,0,0,0,0,0,0,0,0,0,0,0,0,0,0,0,0,0,0,0,0,0,0,0,0,0,0,0,0,0,0,0,0,0,0,0,0,0,0,0,0,0,1104,0.0000001682,0.0000012046
minecraft:magenta_bed,0,0,0,0,0,0,0,0,0,0,0,0,0,0,0,0,0,0,0,0,0,0,0,0,0,0,20,18,20,14,22,42,52,34,30,42,38,50,41,80,40,56,68,48,35,42,44,36,24,50,42,36,8,10,20,14,12,8,4,0,0,0,0,0,0,0,0,0,0,0,0,0,0,0,0,0,0,0,0,0,0,0,0,0,0,0,0,0,0,0,0,0,0,0,0,0,0,0,0,0,0,0,0,0,0,0,0,0,0,0,0,0,0,0,0,0,0,0,0,0,0,0,0,0,0,0,0,0,0,0,0,0,0,0,0,0,0,0,0,0,0,0,0,0,0,0,0,0,0,0,0,0,0,0,0,0,0,0,0,0,0,0,0,0,0,0,0,0,0,0,0,0,0,0,0,0,0,0,0,0,0,0,0,0,0,0,0,0,0,0,0,0,0,0,0,0,0,0,0,0,0,0,0,0,0,0,0,0,0,0,0,0,0,0,0,0,0,0,0,0,0,0,0,0,0,0,0,0,0,0,0,0,0,0,0,0,0,0,0,0,0,0,0,0,0,0,0,0,0,0,0,0,0,0,0,0,0,0,0,0,0,0,0,0,0,0,0,0,0,0,0,0,0,0,0,0,0,0,0,0,0,0,0,0,0,0,0,0,0,0,0,0,0,0,0,0,0,0,0,0,0,0,0,0,0,0,0,0,0,0,0,0,0,0,0,0,0,0,0,0,0,0,0,0,0,0,0,0,0,0,0,0,0,0,0,0,1100,0.0000001676,0.0000012002
minecraft:mangrove_wood,0,0,0,0,0,0,0,0,0,0,0,0,0,0,0,0,0,0,0,0,0,0,0,0,0,0,0,0,0,0,0,0,0,0,0,0,2,11,13,11,20,34,38,31,32,41,39,27,30,30,30,37,28,27,42,40,36,37,29,36,41,33,20,11,11,17,21,15,14,20,21,23,24,12,7,11,17,15,11,7,0,0,0,0,0,0,0,0,0,0,0,0,0,0,0,0,0,0,0,0,0,0,0,0,0,0,0,0,0,0,0,0,0,0,0,0,0,0,0,0,0,0,0,0,0,0,0,0,0,0,0,0,0,0,0,0,0,0,0,0,0,0,0,0,0,0,0,0,0,0,0,0,0,0,0,0,0,0,0,0,0,0,0,0,0,0,0,0,0,0,0,0,0,0,0,0,0,0,0,0,0,0,0,0,0,0,0,0,0,0,0,0,0,0,0,0,0,0,0,0,0,0,0,0,0,0,0,0,0,0,0,0,0,0,0,0,0,0,0,0,0,0,0,0,0,0,0,0,0,0,0,0,0,0,0,0,0,0,0,0,0,0,0,0,0,0,0,0,0,0,0,0,0,0,0,0,0,0,0,0,0,0,0,0,0,0,0,0,0,0,0,0,0,0,0,0,0,0,0,0,0,0,0,0,0,0,0,0,0,0,0,0,0,0,0,0,0,0,0,0,0,0,0,0,0,0,0,0,0,0,0,0,0,0,0,0,0,0,0,0,0,0,0,0,0,0,0,0,0,0,0,0,0,0,0,0,1052,0.0000001602,0.0000011478
minecraft:beetroots,0,0,0,0,0,0,0,0,0,0,0,0,0,0,0,0,0,0,0,0,0,0,0,0,0,0,0,0,0,0,0,0,0,0,0,0,0,0,0,0,0,0,0,0,0,0,0,0,0,0,0,0,0,0,0,0,0,0,0,0,0,0,0,0,0,0,0,0,0,0,0,0,0,0,0,0,0,0,0,0,0,0,0,0,0,0,0,0,0,0,0,0,0,0,0,0,0,0,0,0,0,0,0,2,0,0,0,0,0,0,0,0,0,0,0,4,0,0,0,0,0,0,0,0,0,2,1,1,170,80,56,61,31,57,65,62,68,43,23,9,4,17,37,38,8,8,4,6,11,13,8,6,10,7,3,0,4,0,8,8,14,5,0,1,0,2,1,4,9,6,0,2,3,8,0,3,3,4,5,1,2,4,1,2,0,1,0,3,1,0,1,3,5,0,0,5,0,0,0,3,0,0,3,0,0,0,0,0,0,2,0,0,0,0,1,0,0,0,0,0,0,0,0,0,0,1,0,0,0,0,0,0,0,0,0,0,0,0,0,0,0,0,0,0,0,0,0,0,0,0,0,0,0,0,0,0,0,0,0,0,0,0,0,0,0,0,0,0,0,0,0,0,0,0,0,0,0,0,0,0,0,0,0,0,0,0,0,0,0,0,0,0,0,0,0,0,0,0,0,0,0,0,0,0,0,0,0,0,0,0,0,0,0,0,0,0,0,0,0,0,0,0,0,0,0,0,0,0,0,0,0,0,0,0,0,0,1044,0.000000159,0.0000011391
minecraft:composter,0,0,0,0,0,0,0,0,0,0,0,0,0,0,0,0,0,0,0,0,0,0,0,0,0,0,0,0,0,0,0,0,0,0,0,0,0,0,0,0,0,0,0,0,0,0,0,0,0,0,0,0,0,0,0,0,0,0,0,0,0,0,0,0,0,0,0,0,0,0,0,0,0,0,0,0,0,0,0,0,0,0,0,0,0,0,0,0,0,0,0,0,0,0,0,0,0,0,0,0,0,0,0,1,0,0,0,0,0,0,0,0,1,0,1,1,0,1,1,1,0,0,1,0,2,1,2,44,171,64,52,46,38,55,52,57,60,34,17,11,10,12,30,24,12,8,6,7,9,10,8,8,9,5,6,2,3,6,4,8,8,4,2,5,0,2,2,5,4,6,2,3,6,4,1,4,4,5,3,3,1,3,2,5,0,5,1,2,1,0,2,3,4,0,0,3,0,0,0,1,0,0,1,0,0,0,0,1,0,1,0,0,0,0,1,0,0,0,0,0,0,0,0,0,0,1,0,0,0,0,0,0,0,0,0,0,0,0,0,0,0,0,0,0,0,0,0,0,0,0,0,0,0,0,0,0,0,0,0,0,0,0,0,0,0,0,0,0,0,0,0,0,0,0,0,0,0,0,0,0,0,0,0,0,0,0,0,0,0,0,0,0,0,0,0,0,0,0,0,0,0,0,0,0,0,0,0,0,0,0,0,0,0,0,0,0,0,0,0,0,0,0,0,0,0,0,0,0,0,0,0,0,0,0,0,0,1012,0.0000001541,0.0000011042
minecraft:deepslate_brick_wall,0,0,0,0,0,0,0,0,0,0,0,0,0,0,0,220,663,110,0,0,0,0,0,0,0,0,0,0,0,0,0,0,0,0,0,0,0,0,0,0,0,0,0,0,0,0,0,0,0,0,0,0,0,0,0,0,0,0,0,0,0,0,0,0,0,0,0,0,0,0,0,0,0,0,0,0,0,0,0,0,0,0,0,0,0,0,0,0,0,0,0,0,0,0,0,0,0,0,0,0,0,0,0,0,0,0,0,0,0,0,0,0,0,0,0,0,0,0,0,0,0,0,0,0,0,0,0,0,0,0,0,0,0,0,0,0,0,0,0,0,0,0,0,0,0,0,0,0,0,0,0,0,0,0,0,0,0,0,0,0,0,0,0,0,0,0,0,0,0,0,0,0,0,0,0,0,0,0,0,0,0,0,0,0,0,0,0,0,0,0,0,0,0,0,0,0,0,0,0,0,0,0,0,0,0,0,0,0,0,0,0,0,0,0,0,0,0,0,0,0,0,0,0,0,0,0,0,0,0,0,0,0,0,0,0,0,0,0,0,0,0,0,0,0,0,0,0,0,0,0,0,0,0,0,0,0,0,0,0,0,0,0,0,0,0,0,0,0,0,0,0,0,0,0,0,0,0,0,0,0,0,0,0,0,0,0,0,0,0,0,0,0,0,0,0,0,0,0,0,0,0,0,0,0,0,0,0,0,0,0,0,0,0,0,0,0,0,0,0,0,0,0,0,0,0,0,0,0,0,0,0,0,0,0,0,0,993,0.0000001513,0.0000010835
minecraft:light_blue_terracotta,0,0,0,0,0,0,0,0,0,0,0,0,0,0,0,0,0,0,0,0,0,0,0,0,0,0,0,0,0,0,0,0,0,0,0,0,0,1,1,0,0,0,0,0,0,0,0,0,0,0,0,0,0,0,0,0,0,0,0,0,0,0,0,0,0,0,0,0,0,0,0,0,0,0,0,0,0,0,0,0,0,0,0,0,0,2,5,3,5,2,3,1,7,1,6,1,6,4,6,9,15,28,24,49,33,52,34,31,11,19,10,26,44,62,101,44,44,46,32,34,27,25,26,11,10,1,1,3,0,2,0,1,2,0,1,0,0,3,0,1,0,0,0,0,0,0,0,0,0,0,0,0,0,0,0,0,0,0,0,0,0,0,0,0,0,0,0,0,0,0,0,0,0,0,0,0,0,0,0,0,0,0,0,0,1,0,0,0,0,0,0,0,0,0,0,0,0,0,0,0,0,0,0,0,0,0,0,0,0,0,0,0,0,0,0,0,0,0,0,0,0,0,0,0,0,0,0,0,0,0,0,0,0,0,0,0,0,0,0,0,0,0,0,0,0,0,0,0,0,0,0,0,0,0,0,0,0,0,0,0,0,0,0,0,0,0,0,0,0,0,0,0,0,0,0,0,0,0,0,0,0,0,0,0,0,0,0,0,0,0,0,0,0,0,0,0,0,0,0,0,0,0,0,0,0,0,0,0,0,0,0,0,0,0,0,0,0,0,0,0,0,0,0,0,0,0,0,0,0,0,0,0,0,0,0,0,917,0.0000001397,0.0000010005
minecraft:pumpkin_stem,0,0,0,0,0,0,0,0,0,0,0,0,0,0,0,0,0,0,0,0,0,0,0,0,0,0,0,0,0,0,0,0,0,0,0,0,0,0,0,0,0,0,0,0,0,0,0,0,0,0,0,0,0,0,0,0,0,0,0,0,0,0,0,0,0,0,0,0,0,0,0,0,0,0,0,0,0,0,0,0,0,0,0,0,0,0,0,0,0,0,0,0,0,0,0,0,0,0,0,0,0,0,0,0,0,0,0,0,0,0,0,0,0,0,0,0,0,0,0,0,0,0,0,0,0,9,0,7,265,72,31,73,38,59,25,20,19,49,9,17,0,6,0,19,0,0,5,10,20,0,0,0,0,7,0,0,0,0,0,0,0,9,0,17,11,17,0,6,3,0,0,14,0,15,0,0,7,8,0,9,4,0,0,0,0,0,0,0,0,0,0,0,6,0,0,0,0,0,0,0,0,0,0,0,0,0,0,0,0,0,0,0,0,0,0,0,0,0,0,0,0,0,0,0,0,0,0,0,0,0,0,0,0,0,0,0,0,0,0,0,0,0,0,0,0,0,0,0,0,0,0,0,0,0,0,0,0,0,0,0,0,0,0,0,0,0,0,0,0,0,0,0,0,0,0,0,0,0,0,0,0,0,0,0,0,0,0,0,0,0,0,0,0,0,0,0,0,0,0,0,0,0,0,0,0,0,0,0,0,0,0,0,0,0,0,0,0,0,0,0,0,0,0,0,0,0,0,0,0,0,0,0,0,0,0,0,886,0.000000135,0.0000009667
minecraft:stripped_acacia_log,0,0,0,0,0,0,0,0,0,0,0,0,0,0,0,0,0,0,0,0,0,0,0,0,0,0,0,0,0,0,0,0,0,0,0,0,0,0,0,0,0,0,0,0,0,0,0,0,0,0,0,0,0,0,0,0,0,0,0,0,0,0,0,0,0,0,0,0,0,0,0,0,0,0,0,0,0,0,0,0,0,0,0,0,0,0,0,0,0,0,0,0,0,0,0,0,0,0,0,0,0,0,0,0,0,0,0,0,0,0,0,0,0,0,0,0,0,0,0,0,0,0,0,0,0,0,253,75,33,22,22,33,0,33,11,22,11,0,0,22,0,33,11,22,11,0,11,0,13,11,22,11,0,11,0,11,11,11,11,0,0,0,0,0,0,0,22,0,0,11,0,0,0,11,0,0,0,0,0,0,0,0,0,0,0,0,0,0,0,0,0,0,0,0,0,0,0,0,0,0,0,0,0,0,0,0,0,0,0,0,0,0,0,0,0,0,0,0,0,0,0,0,0,0,0,0,0,0,0,0,0,0,0,0,0,0,0,0,0,0,0,0,0,0,0,0,0,0,0,0,0,0,0,0,0,0,0,0,0,0,0,0,0,0,0,0,0,0,0,0,0,0,0,0,0,0,0,0,0,0,0,0,0,0,0,0,0,0,0,0,0,0,0,0,0,0,0,0,0,0,0,0,0,0,0,0,0,0,0,0,0,0,0,0,0,0,0,0,0,0,0,0,0,0,0,0,0,0,0,0,0,0,0,0,0,0,781,0.000000119,0.0000008522
minecraft:oxidized_copper_trapdoor,0,0,0,0,0,0,0,0,0,0,0,0,0,0,0,0,0,0,0,0,0,0,0,0,0,0,0,0,0,0,0,0,0,0,0,0,25,33,14,15,25,28,22,21,25,22,27,10,28,29,21,19,28,25,48,30,34,16,6,16,12,15,12,16,17,15,7,9,12,15,14,20,6,10,0,0,0,0,0,0,0,0,0,0,0,0,0,0,0,0,0,0,0,0,0,0,0,0,0,0,0,0,0,0,0,0,0,0,0,0,0,0,0,0,0,0,0,0,0,0,0,0,0,0,0,0,0,0,0,0,0,0,0,0,0,0,0,0,0,0,0,0,0,0,0,0,0,0,0,0,0,0,0,0,0,0,0,0,0,0,0,0,0,0,0,0,0,0,0,0,0,0,0,0,0,0,0,0,0,0,0,0,0,0,0,0,0,0,0,0,0,0,0,0,0,0,0,0,0,0,0,0,0,0,0,0,0,0,0,0,0,0,0,0,0,0,0,0,0,0,0,0,0,0,0,0,0,0,0,0,0,0,0,0,0,0,0,0,0,0,0,0,0,0,0,0,0,0,0,0,0,0,0,0,0,0,0,0,0,0,0,0,0,0,0,0,0,0,0,0,0,0,0,0,0,0,0,0,0,0,0,0,0,0,0,0,0,0,0,0,0,0,0,0,0,0,0,0,0,0,0,0,0,0,0,0,0,0,0,0,0,0,0,0,0,0,0,0,0,0,0,0,0,0,0,0,0,0,0,0,0,0,0,0,0,0,747,0.0000001138,0.0000008151
minecraft:jungle_button,0,0,0,0,0,0,0,0,0,0,0,0,0,0,0,0,0,0,0,0,0,0,0,0,0,0,0,0,0,0,0,0,0,0,0,0,0,0,0,0,0,0,0,0,0,0,0,0,0,0,0,0,0,0,0,0,0,0,0,0,0,0,0,0,0,0,0,0,0,0,0,0,0,0,0,0,0,0,0,0,0,0,0,0,0,0,0,0,0,0,0,0,0,0,0,0,0,0,0,0,0,0,0,0,0,0,0,0,0,0,0,0,0,0,0,0,3,0,0,0,0,0,0,0,0,0,26,3,0,144,62,12,15,53,38,56,59,68,39,50,21,0,18,9,6,6,6,0,9,3,3,0,3,3,0,0,3,0,0,0,3,0,3,0,0,0,0,3,0,0,0,0,0,0,0,0,0,0,0,0,0,0,0,0,0,0,0,0,0,0,0,0,0,0,0,0,0,0,0,0,0,0,0,0,0,0,0,0,0,0,0,0,0,0,0,0,0,0,0,0,0,0,0,0,0,0,0,0,0,0,0,0,0,0,0,0,0,0,0,0,0,0,0,0,0,0,0,0,0,0,0,0,0,0,0,0,0,0,0,0,0,0,0,0,0,0,0,0,0,0,0,0,0,0,0,0,0,0,0,0,0,0,0,0,0,0,0,0,0,0,0,0,0,0,0,0,0,0,0,0,0,0,0,0,0,0,0,0,0,0,0,0,0,0,0,0,0,0,0,0,0,0,0,0,0,0,0,0,0,0,0,0,0,0,0,0,727,0.0000001107,0.0000007932
minecraft:sticky_piston,0,0,0,0,0,0,0,0,0,0,0,0,0,0,0,220,220,110,0,0,0,0,0,0,0,0,0,0,0,0,0,0,0,0,0,0,0,0,0,0,0,0,0,0,0,0,0,0,0,0,0,0,0,0,0,0,0,0,0,0,0,0,0,0,0,0,0,0,0,0,0,0,0,0,0,0,0,0,0,0,0,0,0,0,0,0,0,0,0,0,0,0,0,0,0,0,0,0,0,0,0,0,0,0,0,0,0,0,0,0,0,0,0,0,0,0,0,0,0,0,0,0,0,0,0,0,2,5,10,8,4,15,17,11,5,5,4,3,1,0,2,3,3,3,1,0,2,1,0,0,2,1,0,0,0,2,1,0,0,0,0,2,3,3,1,0,2,1,0,2,1,0,0,0,4,4,1,0,0,0,0,0,0,0,0,0,0,0,0,0,0,0,0,0,0,0,0,0,0,0,0,0,0,0,0,0,0,0,0,0,0,0,0,0,0,0,0,0,0,0,0,0,0,0,0,0,0,0,0,0,0,0,0,0,0,0,0,0,0,0,0,0,0,0,0,0,0,0,0,0,0,0,0,0,0,0,0,0,0,0,0,0,0,0,0,0,0,0,0,0,0,0,0,0,0,0,0,0,0,0,0,0,0,0,0,0,0,0,0,0,0,0,0,0,0,0,0,0,0,0,0,0,0,0,0,0,0,0,0,0,0,0,0,0,0,0,0,0,0,0,0,0,0,0,0,0,0,0,0,0,0,0,0,0,0,0,685,0.0000001043,0.0000007474
minecraft:water_cauldron,0,0,0,0,0,0,0,0,0,0,0,0,0,0,0,0,0,0,0,0,0,0,0,0,0,0,0,0,0,0,0,0,0,0,0,0,0,0,0,0,0,0,0,0,0,0,0,0,0,0,0,0,0,0,0,0,0,0,0,0,0,0,0,0,0,0,0,0,0,0,0,0,0,0,0,0,0,0,0,0,0,0,0,0,0,0,0,0,0,0,0,4,0,0,1,0,1,0,3,1,1,2,0,1,0,0,3,0,0,1,0,1,5,4,2,3,0,3,1,0,1,0,1,1,0,1,0,106,77,42,30,18,12,25,37,35,17,13,9,9,12,20,17,4,12,18,10,2,7,9,9,9,4,0,0,0,8,2,0,2,3,3,0,0,4,1,8,2,9,3,3,4,3,2,0,2,2,3,1,3,5,1,3,1,0,0,0,0,0,0,0,0,0,0,0,0,0,0,1,0,0,0,0,0,0,0,0,0,0,0,1,0,0,0,0,0,0,0,0,0,0,0,0,0,0,0,0,0,0,0,0,0,0,0,0,0,0,0,0,0,0,0,0,0,0,0,0,0,0,0,0,0,0,0,0,0,0,0,0,0,0,0,0,0,0,0,0,0,0,0,0,0,0,0,0,0,0,0,0,0,0,0,0,0,0,0,0,0,0,0,0,0,0,0,0,0,0,0,0,0,0,0,0,0,0,0,0,0,0,0,0,0,0,0,0,0,0,0,0,0,0,0,0,0,0,0,0,0,0,0,0,0,0,0,0,0,684,0.0000001042,0.0000007463
minecraft:bell,0,0,0,0,0,0,0,0,0,0,0,0,0,0,0,0,0,0,0,0,0,0,0,0,0,0,0,0,0,0,0,0,0,0,0,0,0,0,0,0,0,0,0,0,0,0,0,0,0,0,0,0,0,0,0,0,0,0,0,0,0,0,0,0,0,0,0,0,0,0,0,0,0,0,0,0,0,0,0,0,0,0,0,0,0,0,0,0,0,0,0,0,0,0,0,0,0,0,0,0,0,0,0,0,1,0,0,0,0,0,0,0,0,0,1,0,0,0,0,0,0,0,1,0,1,0,2,14,60,95,30,27,21,56,35,36,29,28,24,19,13,12,8,12,11,12,10,5,1,3,3,4,4,8,5,4,3,0,2,3,2,9,4,1,1,4,5,5,5,1,6,2,2,0,4,5,3,2,0,2,2,0,1,1,0,1,3,0,0,1,0,1,0,1,0,0,1,0,0,0,1,1,1,0,0,0,0,0,0,0,0,0,0,0,0,0,0,0,0,0,0,0,0,0,0,0,0,0,0,0,0,0,0,0,0,0,0,0,0,0,0,0,0,0,0,0,0,0,0,0,0,0,0,0,0,0,0,0,0,0,0,0,0,0,0,0,0,0,0,0,0,0,0,0,0,0,0,0,0,0,0,0,0,0,0,0,0,0,0,0,0,0,0,0,0,0,0,0,0,0,0,0,0,0,0,0,0,0,0,0,0,0,0,0,0,0,0,0,0,0,0,0,0,0,0,0,0,0,0,0,0,0,0,0,0,0,681,0.0000001037,0.000000743
minecraft:comparator,0,0,0,0,0,0,0,0,0,0,0,0,0,0,0,678,0,0,0,0,0,0,0,0,0,0,0,0,0,0,0,0,0,0,0,0,0,0,0,0,0,0,0,0,0,0,0,0,0,0,0,0,0,0,0,0,0,0,0,0,0,0,0,0,0,0,0,0,0,0,0,0,0,0,0,0,0,0,0,0,0,0,0,0,0,0,0,0,0,0,0,0,0,0,0,0,0,0,0,0,0,0,0,0,0,0,0,0,0,0,0,0,0,0,0,0,0,0,0,0,0,0,0,0,0,0,0,0,0,0,0,0,0,0,0,0,0,0,0,0,0,0,0,0,0,0,0,0,0,0,0,0,0,0,0,0,0,0,0,0,0,0,0,0,0,0,0,0,0,0,0,0,0,0,0,0,0,0,0,0,0,0,0,0,0,0,0,0,0,0,0,0,0,0,0,0,0,0,0,0,0,0,0,0,0,0,0,0,0,0,0,0,0,0,0,0,0,0,0,0,0,0,0,0,0,0,0,0,0,0,0,0,0,0,0,0,0,0,0,0,0,0,0,0,0,0,0,0,0,0,0,0,0,0,0,0,0,0,0,0,0,0,0,0,0,0,0,0,0,0,0,0,0,0,0,0,0,0,0,0,0,0,0,0,0,0,0,0,0,0,0,0,0,0,0,0,0,0,0,0,0,0,0,0,0,0,0,0,0,0,0,0,0,0,0,0,0,0,0,0,0,0,0,0,0,0,0,0,0,0,0,0,0,0,0,0,678,0.0000001033,0.0000007398
minecraft:oak_fence_gate,0,0,0,0,0,0,0,0,0,0,0,0,0,0,0,0,0,0,0,0,0,0,0,0,0,0,0,0,0,0,0,0,0,0,0,0,0,0,0,0,0,0,0,0,0,0,0,0,0,0,0,0,0,0,0,0,0,0,0,0,0,0,0,0,0,0,0,0,0,0,0,0,0,0,0,0,0,0,0,0,0,0,0,0,0,0,0,0,0,0,0,0,0,0,0,0,0,0,0,0,0,0,0,0,0,0,0,0,0,0,0,0,0,0,0,0,0,0,0,1,0,0,0,0,3,0,0,154,46,27,12,25,22,32,39,44,31,15,14,9,10,4,26,8,12,5,5,3,4,8,4,0,5,3,1,0,0,4,4,1,3,6,10,1,0,0,7,12,6,3,6,1,0,4,10,1,2,3,0,0,0,1,3,3,0,0,0,0,0,0,3,0,0,0,1,0,0,0,0,0,0,0,0,0,0,0,0,0,0,3,0,0,0,0,0,0,0,0,0,0,0,0,0,0,0,0,0,0,0,0,0,0,0,0,0,0,0,0,0,0,0,0,0,0,0,0,0,0,0,0,0,0,0,0,0,0,0,0,0,0,0,0,0,0,0,0,0,0,0,0,0,0,0,0,0,0,0,0,0,0,0,0,0,0,0,0,0,0,0,0,0,0,0,0,0,0,0,0,0,0,0,0,0,0,0,0,0,0,0,0,0,0,0,0,0,0,0,0,0,0,0,0,0,0,0,0,0,0,0,0,0,0,0,0,0,0,670,0.0000001021,0.000000731
minecraft:furnace,0,0,0,0,0,0,0,0,0,0,0,0,0,0,0,38,0,0,0,0,0,0,0,0,0,0,0,0,0,0,0,0,0,0,0,0,0,0,0,0,0,0,0,0,0,0,0,0,0,0,0,0,0,0,0,0,0,0,0,0,0,0,0,0,0,0,0,0,0,0,0,0,0,0,0,0,0,0,0,0,0,0,0,0,0,0,0,0,0,0,0,0,0,0,0,0,0,0,0,0,0,0,0,0,0,0,0,0,2,7,4,3,9,2,5,3,4,1,1,2,2,1,3,3,4,0,1,32,68,33,41,34,31,36,26,21,22,20,14,11,9,14,10,7,5,4,7,2,2,5,3,2,6,3,4,0,2,7,4,4,3,1,3,4,0,0,0,0,2,4,2,1,0,0,0,1,1,4,6,3,2,0,3,3,2,3,1,2,0,1,1,1,0,0,0,2,0,0,2,2,1,0,0,0,0,1,0,0,0,0,0,0,0,1,1,1,0,0,0,0,0,0,0,0,0,0,0,0,0,0,0,0,0,0,0,0,0,0,0,0,0,0,0,0,0,0,1,0,0,0,0,0,0,0,0,0,0,0,0,0,0,0,0,0,0,0,0,0,0,0,0,0,0,0,0,0,0,0,0,0,0,0,0,0,0,0,0,0,0,0,0,0,0,0,0,0,0,0,0,0,0,0,0,0,0,0,0,0,0,0,0,0,0,0,0,0,0,0,0,0,0,0,0,0,0,0,0,0,0,0,0,0,0,0,0,0,650,0.000000099,0.0000007092
minecraft:white_wall_banner,0,0,0,0,0,0,0,0,0,0,0,0,0,0,0,0,0,0,0,0,0,0,0,0,0,0,0,0,0,0,0,0,0,0,0,0,0,0,0,0,0,0,0,0,0,0,0,0,0,0,0,0,0,0,0,0,0,0,0,0,0,0,0,0,0,0,0,0,0,0,0,0,0,0,0,0,0,0,0,0,0,0,0,0,0,0,0,0,0,0,0,0,0,0,0,0,0,0,0,0,0,0,0,0,0,0,0,0,0,0,0,0,0,0,0,0,0,0,0,0,0,0,0,0,0,0,0,0,0,0,0,0,0,0,8,0,0,8,0,72,48,48,16,8,40,16,32,56,40,24,16,8,0,8,8,8,16,8,0,8,8,8,16,8,0,0,0,8,0,0,0,0,24,0,0,8,0,0,16,0,0,0,0,8,0,0,8,0,0,0,0,0,0,0,0,0,0,0,0,0,0,0,0,8,0,0,0,0,0,0,0,0,0,0,0,0,0,0,0,8,0,0,0,0,0,0,0,0,0,0,0,0,0,0,0,0,0,0,0,0,0,0,0,0,0,0,0,0,0,0,0,0,0,0,0,0,0,0,0,8,0,0,0,0,0,0,0,0,0,0,0,0,0,0,0,0,0,0,0,0,0,0,0,0,0,0,0,0,0,0,0,0,0,0,0,0,0,0,0,0,0,0,0,0,0,0,0,0,0,0,0,0,0,0,0,0,0,0,0,0,0,0,0,0,0,0,0,0,0,0,0,0,0,0,0,0,632,0.0000000963,0.0000006896
minecraft:end_portal_frame,0,0,0,0,0,0,0,0,0,0,0,0,0,0,0,0,0,0,0,36,12,0,0,0,0,0,12,0,0,0,0,0,0,0,0,7,12,0,12,12,0,0,0,0,12,12,0,0,0,0,12,0,12,0,0,12,24,0,0,0,0,3,12,12,0,0,12,0,24,0,0,0,0,12,24,12,0,12,0,0,12,0,0,48,12,0,0,0,24,24,0,0,0,24,0,12,24,0,12,24,12,0,0,12,0,12,12,12,0,12,0,9,0,0,0,0,0,0,0,0,0,0,0,0,0,0,0,0,0,0,0,0,0,0,0,0,0,0,0,0,0,0,0,0,0,0,0,0,0,0,0,0,0,0,0,0,0,0,0,0,0,0,0,0,0,0,0,0,0,0,0,0,0,0,0,0,0,0,0,0,0,0,0,0,0,0,0,0,0,0,0,0,0,0,0,0,0,0,0,0,0,0,0,0,0,0,0,0,0,0,0,0,0,0,0,0,0,0,0,0,0,0,0,0,0,0,0,0,0,0,0,0,0,0,0,0,0,0,0,0,0,0,0,0,0,0,0,0,0,0,0,0,0,0,0,0,0,0,0,0,0,0,0,0,0,0,0,0,0,0,0,0,0,0,0,0,0,0,0,0,0,0,0,0,0,0,0,0,0,0,0,0,0,0,0,0,0,0,0,0,0,0,0,0,0,0,0,0,0,0,0,0,0,0,0,0,0,0,0,0,0,0,0,0,0,0,0,0,0,0,0,0,0,0,0,0,607,0.0000000925,0.0000006623
minecraft:light_gray_carpet,0,0,0,0,0,0,0,0,0,0,0,0,0,0,0,0,0,0,0,0,0,0,0,0,0,0,0,0,0,0,0,0,0,0,0,0,0,0,0,0,0,0,0,0,0,0,0,0,0,0,0,0,0,0,0,0,0,0,0,0,0,0,0,0,0,0,0,0,0,0,0,0,0,0,0,0,0,0,0,0,0,0,0,0,0,0,0,0,0,0,0,0,0,0,0,0,0,0,0,0,0,0,0,0,0,0,0,0,0,0,0,0,0,0,0,0,0,0,0,0,0,0,0,0,3,0,0,113,37,10,6,22,28,20,10,11,46,14,4,9,3,33,0,3,0,13,0,22,1,3,3,4,0,3,4,0,13,0,0,9,3,0,0,3,0,0,0,0,3,3,3,0,0,0,0,3,3,0,6,0,0,0,0,0,0,3,0,0,0,3,3,2,1,0,0,6,0,0,0,20,3,0,0,0,0,3,0,0,0,0,0,0,0,0,0,3,0,0,0,0,0,0,0,0,0,0,0,0,0,0,0,0,0,0,0,0,0,0,0,0,0,0,0,0,0,0,3,0,0,0,0,0,0,0,0,0,0,0,0,0,0,0,0,0,0,0,0,0,0,0,0,0,0,0,0,0,0,0,0,0,0,0,0,0,0,0,0,0,0,0,0,0,0,0,0,0,0,0,0,0,0,0,0,0,0,0,0,0,0,0,0,0,0,0,0,0,0,0,0,0,0,0,0,0,0,0,0,0,0,0,0,0,0,0,0,0,524,0.0000000798,0.0000005717
minecraft:grindstone,0,0,0,0,0,0,0,0,0,0,0,0,0,0,0,0,0,0,0,0,0,0,0,0,0,0,0,0,0,0,0,0,0,0,0,0,0,0,0,0,0,0,0,0,0,0,0,0,0,0,0,0,0,0,0,0,0,0,0,0,0,0,0,0,0,0,0,0,0,0,0,0,0,0,0,0,0,0,0,0,0,0,0,0,0,0,0,0,0,0,0,0,0,0,0,0,0,0,0,0,0,0,0,0,0,0,0,3,3,9,8,15,12,11,7,10,7,10,8,5,2,4,1,2,2,3,3,72,57,22,7,22,14,11,11,10,26,9,2,11,8,1,3,3,5,5,1,4,4,3,4,6,6,4,4,2,2,2,1,2,4,0,0,3,6,2,5,4,3,0,2,0,0,1,1,1,4,3,2,2,1,0,0,1,0,1,0,0,0,0,0,0,0,0,0,0,0,0,0,0,0,0,0,0,0,0,0,0,0,0,0,0,1,0,0,0,0,0,0,0,0,0,0,0,0,0,0,0,0,0,0,0,0,0,0,0,0,0,0,0,0,0,0,0,0,0,0,0,0,0,0,0,0,0,0,0,0,0,0,0,0,0,0,0,0,0,0,0,0,0,0,0,0,0,0,0,0,0,0,0,0,0,0,0,0,0,0,0,0,0,0,0,0,0,0,0,0,0,0,0,0,0,0,0,0,0,0,0,0,0,0,0,0,0,0,0,0,0,0,0,0,0,0,0,0,0,0,0,0,0,0,0,0,0,0,0,516,0.0000000786,0.000000563
minecraft:potted_cactus,0,0,0,0,0,0,0,0,0,0,0,0,0,0,0,0,0,0,0,0,0,0,0,0,0,0,0,0,0,0,0,0,0,0,0,0,0,0,0,0,0,0,0,0,0,0,0,0,0,0,0,0,0,0,0,0,0,0,0,0,0,0,0,0,0,0,0,0,0,0,0,0,0,0,0,0,0,0,0,0,0,0,0,0,0,0,0,0,0,0,0,0,4,0,0,1,0,1,0,3,1,1,2,0,1,0,0,3,0,0,1,0,1,5,4,2,3,0,0,0,0,1,0,1,2,0,3,37,80,49,21,12,22,24,25,32,23,24,7,14,5,10,14,8,6,14,5,2,3,5,11,3,2,0,1,2,0,1,2,2,1,1,0,0,0,2,0,0,0,0,0,0,2,2,0,0,0,0,0,0,0,1,0,0,0,0,0,0,0,0,0,0,0,0,0,0,0,0,0,0,0,0,0,0,0,0,0,0,0,0,0,1,0,0,0,0,0,0,0,0,0,0,0,0,0,0,0,0,0,0,0,0,0,0,0,0,0,0,0,0,0,0,0,0,0,0,0,0,0,0,0,0,0,0,0,0,0,0,0,0,0,0,0,0,0,0,0,0,0,0,0,0,0,0,0,0,0,0,0,0,0,0,0,0,0,0,0,0,0,0,0,0,0,0,0,0,0,0,0,0,0,0,0,0,0,0,0,0,0,0,0,0,0,0,0,0,0,0,0,0,0,0,0,0,0,0,0,0,0,0,0,0,0,0,0,0,516,0.0000000786,0.000000563
minecraft:redstone_wall_torch,0,0,0,0,0,0,0,0,0,0,0,0,0,0,0,426,78,0,0,0,0,0,0,0,0,0,0,0,0,0,0,0,0,0,0,0,0,0,0,0,0,0,0,0,0,0,0,0,0,0,0,0,0,0,0,0,0,0,0,0,0,0,0,0,0,0,0,0,0,0,0,0,0,0,0,0,0,0,0,0,0,0,0,0,0,0,0,0,0,0,0,0,0,0,0,0,0,0,0,0,0,0,0,0,0,0,0,0,0,0,0,0,0,0,0,0,0,0,0,0,0,0,0,0,0,0,0,0,0,0,0,0,0,0,0,0,0,0,0,0,0,0,0,0,0,0,0,0,0,0,0,0,0,0,0,0,0,0,0,0,0,0,0,0,0,0,0,0,0,0,0,0,0,0,0,0,0,0,0,0,0,0,0,0,0,0,0,0,0,0,0,0,0,0,0,0,0,0,0,0,0,0,0,0,0,0,0,0,0,0,0,0,0,0,0,0,0,0,0,0,0,0,0,0,0,0,0,0,0,0,0,0,0,0,0,0,0,0,0,0,0,0,0,0,0,0,0,0,0,0,0,0,0,0,0,0,0,0,0,0,0,0,0,0,0,0,0,0,0,0,0,0,0,0,0,0,0,0,0,0,0,0,0,0,0,0,0,0,0,0,0,0,0,0,0,0,0,0,0,0,0,0,0,0,0,0,0,0,0,0,0,0,0,0,0,0,0,0,0,0,0,0,0,0,0,0,0,0,0,0,0,0,0,0,0,0,504,0.0000000768,0.0000005499
minecraft:mud_brick_wall,0,0,0,0,0,0,0,0,0,0,0,0,0,0,0,0,0,0,0,0,0,0,0,0,0,0,0,0,0,0,0,0,0,0,0,0,0,0,0,0,0,0,0,0,0,0,0,0,0,0,0,0,0,0,0,0,0,0,0,0,0,0,0,0,0,0,0,0,0,0,0,0,0,0,0,0,0,0,0,0,0,0,0,0,0,0,0,0,0,0,0,0,0,0,0,0,0,0,0,0,0,0,0,0,0,0,0,0,4,7,25,29,23,21,40,36,34,27,30,22,11,7,20,6,8,7,5,4,0,7,7,6,2,0,0,0,0,4,9,5,2,3,2,0,5,0,0,0,0,4,9,5,10,6,7,10,6,4,0,0,2,4,2,0,0,0,0,0,0,0,0,0,0,0,0,0,0,0,3,0,0,0,0,0,0,0,0,0,0,0,0,0,0,0,0,0,0,0,0,0,0,0,0,0,0,0,0,0,0,0,0,0,0,0,0,0,0,0,0,0,0,0,0,0,0,0,0,0,0,0,0,0,0,0,0,0,0,0,0,0,0,0,0,0,0,0,0,0,0,0,0,0,0,0,0,0,0,0,0,0,0,0,0,0,0,0,0,0,0,0,0,0,0,0,0,0,0,0,0,0,0,0,0,0,0,0,0,0,0,0,0,0,0,0,0,0,0,0,0,0,0,0,0,0,0,0,0,0,0,0,0,0,0,0,0,0,0,0,0,0,0,0,0,0,0,0,0,0,0,0,0,0,0,0,0,0,490,0.0000000746,0.0000005346
minecraft:purple_glazed_terracotta,0,0,0,0,0,0,0,0,0,0,0,0,0,0,0,0,0,0,0,0,0,0,0,0,0,0,0,0,0,0,0,0,0,0,0,0,0,0,0,0,0,0,0,0,0,0,0,0,0,0,0,0,0,0,0,0,0,0,0,0,0,0,0,0,0,0,0,0,0,0,3,2,0,0,0,0,0,0,0,0,4,0,0,0,0,4,0,0,0,7,6,5,4,8,5,6,5,12,12,15,31,6,22,18,11,9,10,11,6,18,31,52,42,37,15,12,19,8,19,11,0,0,0,0,0,0,0,0,0,0,0,0,0,0,0,0,0,0,0,0,0,0,0,0,0,0,0,0,0,0,0,0,0,0,0,0,0,0,0,0,0,0,0,0,0,0,0,0,0,0,0,0,0,0,0,0,0,0,0,0,0,0,0,0,0,0,0,0,0,0,0,0,0,0,0,0,0,0,0,0,0,0,0,0,0,0,0,0,0,0,0,0,0,0,0,0,0,0,0,0,0,0,0,0,0,0,0,0,0,0,0,0,0,0,0,0,0,0,0,0,0,0,0,0,0,0,0,0,0,0,0,0,0,0,0,0,0,0,0,0,0,0,0,0,0,0,0,0,0,0,0,0,0,0,0,0,0,0,0,0,0,0,0,0,0,0,0,0,0,0,0,0,0,0,0,0,0,0,0,0,0,0,0,0,0,0,0,0,0,0,0,0,0,0,0,0,0,0,0,0,0,0,0,0,0,0,0,0,0,0,0,0,0,0,0,0,486,0.000000074,0.0000005303
minecraft:brick_wall,0,0,0,0,0,0,0,0,0,0,0,0,0,0,0,0,0,0,0,0,0,0,0,0,0,0,0,0,0,0,0,0,0,0,0,0,0,0,0,0,0,0,0,0,0,0,0,0,0,0,0,0,0,0,0,0,0,0,0,0,0,0,0,0,0,0,0,0,0,0,0,0,0,0,0,0,0,0,0,0,0,0,0,0,0,0,0,0,0,0,0,0,0,0,0,0,0,0,0,0,0,0,0,0,0,0,0,0,0,16,22,23,27,39,44,28,18,28,31,8,7,12,2,0,3,8,6,11,3,2,3,0,0,7,3,6,7,5,2,0,4,3,2,0,6,0,0,0,0,0,0,0,4,3,2,0,0,0,0,3,3,0,0,0,0,0,0,0,0,0,0,0,0,0,0,0,0,0,0,0,0,0,0,0,0,0,0,0,0,0,0,0,0,0,0,0,0,0,0,0,0,0,0,0,0,0,0,0,0,0,0,0,0,0,0,0,0,0,0,0,0,0,0,0,0,0,0,0,0,0,0,0,0,0,0,0,0,0,0,0,0,0,0,0,0,0,0,0,0,0,0,0,0,0,0,0,0,0,0,0,0,0,0,0,0,0,0,0,0,0,0,0,0,0,0,0,0,0,0,0,0,0,0,0,0,0,0,0,0,0,0,0,0,0,0,0,0,0,0,0,0,0,0,0,0,0,0,0,0,0,0,0,0,0,0,0,0,0,0,0,0,0,0,0,0,0,0,0,0,0,0,0,0,0,0,0,401,0.0000000611,0.0000004375
minecraft:brewing_stand,0,0,0,0,0,0,0,0,0,0,0,0,0,0,0,0,0,0,0,0,0,0,0,0,0,0,0,0,0,0,0,0,0,0,0,0,0,0,0,0,0,0,0,0,0,0,0,0,0,0,0,0,0,0,0,0,0,0,0,0,0,0,0,0,0,0,0,0,0,0,0,0,0,0,0,0,0,0,0,0,0,0,0,0,0,0,0,0,0,0,0,0,4,0,0,1,0,1,0,3,1,1,2,0,1,0,0,3,0,0,1,0,1,5,4,2,3,0,0,0,0,2,0,1,1,0,1,51,55,20,16,18,9,13,19,10,14,7,8,4,3,4,11,6,4,8,2,2,1,4,0,3,3,0,1,1,1,4,0,6,3,4,3,1,1,4,1,3,1,3,1,0,1,3,3,2,3,1,2,0,0,2,0,0,0,2,0,1,0,1,1,1,0,0,0,0,1,0,0,0,0,1,1,0,0,0,0,0,0,0,0,1,0,0,0,0,0,0,0,0,0,0,0,0,0,0,0,0,0,0,0,0,0,0,0,0,0,0,0,0,0,0,0,0,0,0,0,0,0,0,0,0,0,0,0,0,0,0,0,0,0,0,0,0,0,0,0,0,0,0,0,0,0,0,0,0,0,0,0,0,0,0,0,0,0,0,0,0,0,0,0,0,0,0,0,0,0,0,0,0,0,0,0,0,0,0,0,0,0,0,0,0,0,0,0,0,0,0,0,0,0,0,0,0,0,0,0,0,0,0,0,0,0,0,0,0,398,0.0000000606,0.0000004343
minecraft:campfire,0,0,0,0,0,0,0,0,0,0,0,0,0,0,61,0,0,0,0,0,0,0,0,0,0,0,0,0,0,0,0,0,0,0,0,0,0,0,0,0,0,0,0,0,0,0,0,0,0,0,0,0,0,0,0,0,0,0,0,0,0,0,0,0,0,0,0,0,0,0,0,0,0,0,0,0,0,0,0,0,0,0,0,0,0,0,0,0,0,0,0,0,0,0,0,0,0,0,0,0,0,0,0,0,0,0,0,0,1,1,5,3,1,0,23,16,2,1,4,1,6,1,2,3,4,2,3,39,18,13,20,18,7,17,15,13,19,8,8,2,3,3,3,4,1,0,3,0,0,2,1,2,8,1,3,3,2,0,2,1,1,1,1,1,0,0,0,2,1,3,0,2,0,0,1,0,0,0,0,0,0,0,0,0,0,0,1,0,0,0,0,0,0,0,0,0,0,0,0,0,0,0,0,0,0,0,0,0,0,0,0,0,0,0,0,0,0,0,0,0,0,0,0,0,0,0,0,0,0,0,0,0,0,0,0,0,0,0,0,0,0,0,0,0,0,0,0,0,0,0,0,0,0,0,0,0,0,0,0,0,0,0,0,0,0,0,0,0,0,0,0,0,0,0,0,0,0,0,0,0,0,0,0,0,0,0,0,0,0,0,0,0,0,0,0,0,0,0,0,0,0,0,0,0,0,0,0,0,0,0,0,0,0,0,0,0,0,0,0,0,0,0,0,0,0,0,0,0,0,0,0,0,0,0,0,0,393,0.0000000599,0.0000004288
minecraft:yellow_carpet,0,0,0,0,0,0,0,0,0,0,0,0,0,0,0,0,0,0,0,0,0,0,0,0,0,0,0,0,0,0,0,0,0,0,0,0,0,0,0,0,0,0,0,0,0,0,0,0,0,0,0,0,0,0,0,0,0,0,0,0,0,0,0,0,0,0,0,0,0,0,0,0,0,0,0,0,0,0,0,0,0,0,0,0,0,0,0,0,0,0,0,0,0,0,0,0,0,0,0,0,0,0,0,0,0,0,0,0,0,0,0,0,0,0,0,0,0,0,0,0,0,0,0,0,0,0,0,105,30,22,8,11,6,4,7,7,26,3,8,7,17,3,10,13,14,4,3,3,3,4,7,12,0,0,3,0,6,0,3,3,0,0,0,0,0,3,0,4,0,0,0,0,0,3,0,0,3,4,0,0,3,3,0,0,0,0,0,0,0,0,0,4,0,0,0,0,0,0,0,6,0,0,0,0,0,0,0,0,0,0,3,0,0,0,0,0,0,0,0,0,0,0,0,0,0,0,0,0,0,0,0,0,0,0,0,0,0,0,0,0,0,0,0,0,0,0,0,0,0,0,0,0,0,0,0,0,0,0,0,0,0,0,0,0,0,0,0,0,0,0,0,0,0,0,0,0,0,0,0,0,0,0,0,0,0,0,0,0,0,0,0,0,0,0,0,0,0,0,0,0,0,0,0,0,0,0,0,0,0,0,0,0,0,0,0,0,0,0,0,0,0,0,0,0,0,0,0,0,0,0,0,0,0,0,0,0,388,0.0000000591,0.0000004234
minecraft:skeleton_skull,0,0,0,0,0,0,0,0,0,0,0,0,0,0,114,0,0,0,265,0,0,0,0,0,0,0,0,0,0,0,0,0,0,0,0,0,0,0,0,0,0,0,0,0,0,0,0,0,0,0,0,0,0,0,0,0,0,0,0,0,0,0,0,0,0,0,0,0,0,0,0,0,0,0,0,0,0,0,0,0,0,0,0,0,0,0,0,0,0,0,0,0,0,0,0,0,0,0,0,0,0,0,0,0,0,0,0,0,0,0,0,0,0,0,0,0,0,0,0,0,0,0,0,0,0,0,0,0,0,0,0,0,0,0,0,0,0,0,0,0,0,0,0,0,0,0,0,0,0,0,0,0,0,0,0,0,0,0,0,0,0,0,0,0,0,0,0,0,0,0,0,0,0,0,0,0,0,0,0,0,0,0,0,0,0,0,0,0,0,0,0,0,0,0,0,0,0,0,0,0,0,0,0,0,0,0,0,0,0,0,0,0,0,0,0,0,0,0,0,0,0,0,0,0,0,0,0,0,0,0,0,0,0,0,0,0,0,0,0,0,0,0,0,0,0,0,0,0,0,0,0,0,0,0,0,0,0,0,0,0,0,0,0,0,0,0,0,0,0,0,0,0,0,0,0,0,0,0,0,0,0,0,0,0,0,0,0,0,0,0,0,0,0,0,0,0,0,0,0,0,0,0,0,0,0,0,0,0,0,0,0,0,0,0,0,0,0,0,0,0,0,0,0,0,0,0,0,0,0,0,0,0,0,0,0,0,379,0.0000000577,0.0000004135
minecraft:stone_brick_wall,0,0,0,0,0,0,0,0,0,0,0,0,0,0,0,0,0,0,2,2,0,2,1,1,2,5,2,2,1,1,2,0,1,2,0,1,1,2,0,1,0,1,2,2,0,3,0,1,0,2,2,5,2,2,1,0,0,1,4,2,4,1,1,0,0,0,0,0,0,1,3,0,2,1,3,3,4,1,3,3,4,1,2,1,2,0,1,0,0,1,2,4,5,2,5,0,2,1,2,0,2,2,0,1,3,3,3,4,1,1,2,0,2,1,7,4,8,3,2,4,1,4,1,1,1,4,0,2,4,15,33,6,15,5,3,11,3,8,8,6,4,3,1,2,3,2,2,2,0,1,0,0,0,0,0,0,0,0,0,0,1,2,0,3,5,1,4,2,3,2,3,0,1,1,0,3,0,1,2,0,1,0,0,0,0,0,0,0,1,2,0,0,0,0,0,0,0,0,0,0,0,1,1,0,0,0,0,0,0,0,0,0,0,1,2,0,2,0,1,0,0,0,0,0,0,0,0,0,0,0,0,0,0,0,0,0,0,0,0,0,0,0,0,0,0,0,0,0,0,0,0,0,0,0,0,0,0,0,0,0,0,0,0,0,0,0,0,0,0,0,0,0,0,0,0,0,0,0,0,0,0,0,0,0,0,0,0,0,0,0,0,0,0,0,0,0,0,0,0,0,0,0,0,0,0,0,0,0,0,0,0,0,0,0,0,0,0,0,0,0,0,0,0,0,0,0,0,0,0,0,0,0,0,0,0,0,376,0.0000000573,0.0000004103
minecraft:blast_furnace,0,0,0,0,0,0,0,0,0,0,0,0,0,0,0,0,0,0,0,0,0,0,0,0,0,0,0,0,0,0,0,0,0,0,0,0,0,0,0,0,0,0,0,0,0,0,0,0,0,0,0,0,0,0,0,0,0,0,0,0,0,0,0,0,0,0,0,0,0,0,0,0,0,0,0,0,0,0,0,0,0,0,0,0,0,0,0,0,0,0,0,0,0,0,0,0,0,0,0,0,0,0,2,4,4,6,2,4,9,10,7,9,2,5,5,4,3,1,2,2,1,3,3,3,1,3,0,25,34,18,8,12,10,15,15,11,19,7,8,11,5,3,2,6,4,1,1,2,1,6,6,3,2,4,1,1,1,2,2,1,2,2,0,1,0,0,1,0,2,1,1,0,0,4,0,1,0,1,0,0,1,2,0,0,2,1,0,0,0,0,0,0,0,0,0,0,0,0,0,0,0,0,0,0,0,0,0,0,0,0,0,0,0,0,0,0,0,0,0,0,0,0,0,0,0,0,0,0,0,0,0,0,0,0,0,0,0,0,0,0,0,0,0,0,0,0,0,0,0,0,0,0,0,0,0,0,0,0,0,0,0,0,0,0,0,0,0,0,0,0,0,0,0,0,0,0,0,0,0,0,0,0,0,0,0,0,0,0,0,0,0,0,0,0,0,0,0,0,0,0,0,0,0,0,0,0,0,0,0,0,0,0,0,0,0,0,0,0,0,0,0,0,0,0,0,0,0,0,0,0,0,0,0,0,0,0,364,0.0000000554,0.0000003972
minecraft:glass,0,0,0,0,0,0,0,0,0,0,0,0,0,0,0,224,40,0,0,0,0,0,0,0,0,0,0,0,0,0,0,0,0,0,0,0,0,0,0,0,0,0,0,0,0,0,0,0,0,0,0,0,0,0,0,0,0,0,0,0,0,0,0,0,0,0,0,0,0,0,0,0,0,0,0,0,0,0,0,0,0,0,0,0,0,0,0,0,0,0,0,0,0,0,0,0,0,0,0,0,0,0,0,0,0,0,0,0,0,0,0,0,0,0,0,0,0,0,0,0,0,0,0,0,0,0,0,0,0,0,0,0,0,0,0,0,0,0,0,0,0,0,0,0,0,0,0,0,0,0,0,0,0,0,0,0,25,17,16,16,25,0,0,0,0,0,0,0,0,0,0,0,0,0,0,0,0,0,0,0,0,0,0,0,0,0,0,0,0,0,0,0,0,0,0,0,0,0,0,0,0,0,0,0,0,0,0,0,0,0,0,0,0,0,0,0,0,0,0,0,0,0,0,0,0,0,0,0,0,0,0,0,0,0,0,0,0,0,0,0,0,0,0,0,0,0,0,0,0,0,0,0,0,0,0,0,0,0,0,0,0,0,0,0,0,0,0,0,0,0,0,0,0,0,0,0,0,0,0,0,0,0,0,0,0,0,0,0,0,0,0,0,0,0,0,0,0,0,0,0,0,0,0,0,0,0,0,0,0,0,0,0,0,0,0,0,0,0,0,0,0,0,0,0,0,0,0,0,0,0,0,0,0,0,0,0,363,0.0000000553,0.0000003961
minecraft:green_carpet,0,0,0,0,0,0,0,0,0,0,0,0,0,0,0,0,0,0,0,0,0,0,0,0,0,0,0,0,0,0,0,0,0,0,0,0,0,0,0,0,0,0,0,0,0,0,0,0,0,0,0,0,0,0,0,0,0,0,0,0,0,0,0,0,0,0,0,0,0,0,0,0,0,0,0,0,0,0,0,0,0,0,0,0,0,0,0,0,0,0,0,0,0,0,0,0,0,0,0,0,0,0,0,0,0,0,0,0,0,0,0,0,0,0,0,0,0,0,0,0,0,0,0,0,2,0,0,122,36,18,4,8,10,8,59,16,14,6,4,2,2,2,2,2,2,2,4,2,2,8,0,2,4,0,2,0,0,0,0,2,2,0,0,0,0,0,0,0,2,0,0,0,0,0,0,2,0,0,0,0,0,2,0,0,0,0,0,0,0,0,0,0,0,0,0,0,0,0,0,0,0,0,0,0,0,0,0,0,0,0,0,0,0,0,0,0,0,0,0,0,0,0,0,0,0,0,0,0,0,0,0,0,0,0,0,0,0,0,0,0,0,0,0,0,0,0,0,0,0,0,0,0,0,0,0,0,0,0,0,0,0,0,0,0,0,0,0,0,0,0,0,0,0,0,0,0,0,0,0,0,0,0,0,0,0,0,0,0,0,0,0,0,0,0,0,0,0,0,0,0,0,0,0,0,0,0,0,0,0,0,0,0,0,0,0,0,0,0,0,0,0,0,0,0,0,0,0,0,0,0,0,0,0,0,0,0,355,0.0000000541,0.0000003873
minecraft:creaking_heart,0,0,0,0,0,0,0,0,0,0,0,0,0,0,0,0,0,0,0,0,0,0,0,0,0,0,0,0,0,0,0,0,0,0,0,0,0,0,0,0,0,0,0,0,0,0,0,0,0,0,0,0,0,0,0,0,0,0,0,0,0,0,0,0,0,0,0,0,0,0,0,0,0,0,0,0,0,0,0,0,0,0,0,0,0,0,0,0,0,0,0,0,0,0,0,0,0,0,0,0,0,0,0,0,0,0,0,0,0,0,0,0,0,0,0,0,0,0,0,0,0,0,0,0,0,0,0,0,0,0,0,0,0,0,0,0,0,0,0,0,0,0,0,0,0,0,0,0,0,1,1,2,3,2,7,3,1,4,3,4,4,8,6,6,4,6,3,2,6,7,7,5,14,5,5,8,5,11,12,20,15,8,10,13,6,12,5,9,12,4,9,1,9,3,7,3,7,7,1,2,0,5,5,3,5,2,2,1,0,0,1,0,0,0,0,1,0,0,0,0,0,1,0,0,0,0,0,0,0,0,0,0,0,0,0,0,0,0,0,0,0,0,0,0,0,0,0,0,0,0,0,0,0,0,0,0,0,0,0,0,0,0,0,0,0,0,0,0,0,0,0,0,0,0,0,0,0,0,0,0,0,0,0,0,0,0,0,0,0,0,0,0,0,0,0,0,0,0,0,0,0,0,0,0,0,0,0,0,0,0,0,0,0,0,0,0,0,0,0,0,0,0,0,0,0,0,0,0,0,0,0,0,0,0,0,0,344,0.0000000524,0.0000003753
minecraft:pink_bed,0,0,0,0,0,0,0,0,0,0,0,0,0,0,0,0,0,0,0,0,0,0,0,0,0,0,8,4,4,2,10,6,2,6,14,24,14,6,12,18,20,16,18,18,20,14,16,6,14,8,10,8,2,12,6,6,10,0,6,0,0,0,0,0,0,0,0,0,0,0,0,0,0,0,0,0,0,0,0,0,0,0,0,0,0,0,0,0,0,0,0,0,0,0,0,0,0,0,0,0,0,0,0,0,0,0,0,0,0,0,0,0,0,0,0,0,0,0,0,0,0,0,0,0,0,0,0,0,0,0,0,0,0,0,0,0,0,0,0,0,0,0,0,0,0,0,0,0,0,0,0,0,0,0,0,0,0,0,0,0,0,0,0,0,0,0,0,0,0,0,0,0,0,0,0,0,0,0,0,0,0,0,0,0,0,0,0,0,0,0,0,0,0,0,0,0,0,0,0,0,0,0,0,0,0,0,0,0,0,0,0,0,0,0,0,0,0,0,0,0,0,0,0,0,0,0,0,0,0,0,0,0,0,0,0,0,0,0,0,0,0,0,0,0,0,0,0,0,0,0,0,0,0,0,0,0,0,0,0,0,0,0,0,0,0,0,0,0,0,0,0,0,0,0,0,0,0,0,0,0,0,0,0,0,0,0,0,0,0,0,0,0,0,0,0,0,0,0,0,0,0,0,0,0,0,0,0,0,0,0,0,0,0,0,0,0,0,0,0,0,0,0,0,0,0,0,0,0,0,0,0,0,0,0,0,0,340,0.0000000518,0.000000371
minecraft:lever,0,0,0,0,0,0,0,0,0,0,0,0,0,0,0,0,150,0,0,0,0,0,0,0,0,0,0,0,0,0,0,0,0,0,0,0,0,0,0,0,0,0,0,0,0,0,0,0,0,0,0,0,0,0,0,0,0,0,0,0,0,0,0,0,0,0,0,0,0,0,0,0,0,0,0,0,0,0,0,0,0,0,0,0,0,0,0,0,0,0,0,0,0,0,0,0,0,0,0,0,0,0,0,0,0,0,0,0,0,0,0,0,0,0,0,0,0,0,0,0,0,0,0,0,0,0,3,6,15,23,11,21,15,13,7,6,11,4,4,0,3,3,3,3,0,0,3,0,0,0,3,0,0,0,0,3,0,0,0,0,0,3,3,3,0,0,3,0,0,3,0,0,0,0,6,3,0,0,0,0,0,0,0,0,0,0,0,0,0,0,0,0,4,0,0,0,0,0,0,0,0,0,0,0,0,0,0,0,0,0,0,0,0,0,0,0,0,0,0,0,0,0,0,0,0,0,0,0,0,0,0,0,0,0,0,0,0,0,0,0,0,0,0,0,0,0,0,0,0,0,0,0,0,0,0,0,0,0,0,0,0,0,0,0,0,0,0,0,0,0,0,0,0,0,0,0,0,0,0,0,0,0,0,0,0,0,0,0,0,0,0,0,0,0,0,0,0,0,0,0,0,0,0,0,0,0,0,0,0,0,0,0,0,0,0,0,0,0,0,0,0,0,0,0,0,0,0,0,0,0,0,0,0,0,0,0,338,0.0000000515,0.0000003688
minecraft:dark_oak_door,0,0,0,0,0,0,0,0,0,0,0,0,0,0,0,0,0,0,0,0,0,0,0,0,0,0,0,0,0,0,0,0,0,0,0,0,0,0,0,0,0,0,0,0,0,0,0,0,0,0,0,0,0,0,0,0,0,0,0,0,0,0,0,0,0,0,0,0,0,0,0,0,0,0,0,0,0,0,0,0,0,0,0,0,0,0,0,0,1,1,0,0,0,1,1,1,1,2,3,1,2,7,7,9,10,8,8,5,3,4,4,2,17,28,28,25,19,14,11,15,11,5,4,10,10,13,11,1,3,2,0,1,1,0,0,2,4,2,0,0,2,2,0,0,0,0,4,4,0,0,0,0,0,0,0,2,2,0,0,0,0,0,0,0,0,0,0,0,0,0,0,0,0,0,0,0,0,0,0,0,0,0,0,0,0,0,0,0,0,0,0,0,0,0,0,0,0,0,0,0,0,0,0,0,0,0,0,0,0,0,0,0,0,0,0,0,0,0,0,0,0,0,0,0,0,0,0,0,0,0,0,0,0,0,0,0,0,0,0,0,0,0,0,0,0,0,0,0,0,0,0,0,0,0,0,0,0,0,0,0,0,0,0,0,0,0,0,0,0,0,0,0,0,0,0,0,0,0,0,0,0,0,0,0,0,0,0,0,0,0,0,0,0,0,0,0,0,0,0,0,0,0,0,0,0,0,0,0,0,0,0,0,0,0,0,0,0,0,0,0,0,0,0,0,0,0,0,0,0,0,0,0,0,0,0,0,334,0.0000000509,0.0000003644
minecraft:cartography_table,0,0,0,0,0,0,0,0,0,0,0,0,0,0,0,0,0,0,0,0,0,0,0,0,0,0,0,0,0,0,0,0,0,0,0,0,0,0,0,0,0,0,0,0,0,0,0,0,0,0,0,0,0,0,0,0,0,0,0,0,0,0,0,0,0,0,0,0,0,0,0,0,0,0,0,0,0,0,0,0,0,0,0,0,0,0,0,0,0,0,0,0,0,0,0,0,0,0,0,0,0,0,0,0,0,0,0,0,0,0,0,0,0,3,1,3,4,11,3,4,6,1,2,0,3,1,2,24,13,15,29,11,11,16,12,10,16,5,9,4,3,3,4,3,5,2,6,1,0,2,3,2,0,4,4,2,0,3,0,3,3,2,3,3,0,1,2,3,4,2,1,0,0,0,0,1,2,2,2,1,0,0,2,1,0,0,0,0,0,0,0,1,0,0,0,0,0,0,0,0,0,0,0,0,0,0,0,0,0,0,0,0,0,0,0,0,0,0,0,0,0,0,0,0,0,0,0,0,0,0,0,0,0,0,0,0,0,0,0,0,0,0,0,0,0,0,0,0,0,0,0,0,0,0,0,0,0,0,0,0,0,0,0,0,0,0,0,0,0,0,0,0,0,0,0,0,0,0,0,0,0,0,0,0,0,0,0,0,0,0,0,0,0,0,0,0,0,0,0,0,0,0,0,0,0,0,0,0,0,0,0,0,0,0,0,0,0,0,0,0,0,0,0,0,0,0,0,0,0,0,0,0,0,0,0,0,305,0.0000000465,0.0000003328
minecraft:polished_deepslate_slab,0,0,0,0,0,0,0,0,0,0,0,0,0,0,0,224,0,79,0,0,0,0,0,0,0,0,0,0,0,0,0,0,0,0,0,0,0,0,0,0,0,0,0,0,0,0,0,0,0,0,0,0,0,0,0,0,0,0,0,0,0,0,0,0,0,0,0,0,0,0,0,0,0,0,0,0,0,0,0,0,0,0,0,0,0,0,0,0,0,0,0,0,0,0,0,0,0,0,0,0,0,0,0,0,0,0,0,0,0,0,0,0,0,0,0,0,0,0,0,0,0,0,0,0,0,0,0,0,0,0,0,0,0,0,0,0,0,0,0,0,0,0,0,0,0,0,0,0,0,0,0,0,0,0,0,0,0,0,0,0,0,0,0,0,0,0,0,0,0,0,0,0,0,0,0,0,0,0,0,0,0,0,0,0,0,0,0,0,0,0,0,0,0,0,0,0,0,0,0,0,0,0,0,0,0,0,0,0,0,0,0,0,0,0,0,0,0,0,0,0,0,0,0,0,0,0,0,0,0,0,0,0,0,0,0,0,0,0,0,0,0,0,0,0,0,0,0,0,0,0,0,0,0,0,0,0,0,0,0,0,0,0,0,0,0,0,0,0,0,0,0,0,0,0,0,0,0,0,0,0,0,0,0,0,0,0,0,0,0,0,0,0,0,0,0,0,0,0,0,0,0,0,0,0,0,0,0,0,0,0,0,0,0,0,0,0,0,0,0,0,0,0,0,0,0,0,0,0,0,0,0,0,0,0,0,0,303,0.0000000462,0.0000003306
minecraft:piston_head,0,0,0,0,0,0,0,0,0,0,0,0,0,0,0,141,141,0,0,0,0,0,0,0,0,0,0,0,0,0,0,0,0,0,0,0,0,0,0,0,0,0,0,0,0,0,0,0,0,0,0,0,0,0,0,0,0,0,0,0,0,0,0,0,0,0,0,0,0,0,0,0,0,0,0,0,0,0,0,0,0,0,0,0,0,0,0,0,0,0,0,0,0,0,0,0,0,0,0,0,0,0,0,0,0,0,0,0,0,0,0,0,0,0,0,0,0,0,0,0,0,0,0,0,0,0,0,0,0,0,0,0,0,0,0,0,0,0,0,0,0,0,0,0,0,0,0,0,0,0,0,0,0,0,0,0,0,0,0,0,0,0,0,0,0,0,0,0,0,0,0,0,0,0,0,0,0,0,0,0,0,0,0,0,0,0,0,0,0,0,0,0,0,0,0,0,0,0,0,0,0,0,0,0,0,0,0,0,0,0,0,0,0,0,0,0,0,0,0,0,0,0,0,0,0,0,0,0,0,0,0,0,0,0,0,0,0,0,0,0,0,0,0,0,0,0,0,0,0,0,0,0,0,0,0,0,0,0,0,0,0,0,0,0,0,0,0,0,0,0,0,0,0,0,0,0,0,0,0,0,0,0,0,0,0,0,0,0,0,0,0,0,0,0,0,0,0,0,0,0,0,0,0,0,0,0,0,0,0,0,0,0,0,0,0,0,0,0,0,0,0,0,0,0,0,0,0,0,0,0,0,0,0,0,0,0,282,0.000000043,0.0000003077
minecraft:stone_pressure_plate,0,0,0,0,0,0,0,0,0,0,0,0,0,0,0,0,0,0,240,0,0,0,0,0,0,0,0,0,0,0,0,0,0,0,0,0,0,0,0,0,0,0,0,0,0,0,0,0,0,0,0,0,0,0,0,0,0,0,0,0,0,0,0,0,0,0,0,0,0,0,0,0,0,0,0,0,0,0,0,0,0,0,0,0,0,0,0,0,0,0,0,0,0,0,0,0,0,0,0,0,0,0,0,0,0,0,0,0,0,1,0,1,0,0,0,2,1,1,1,2,1,2,3,0,1,0,0,0,1,2,2,0,0,1,0,0,0,0,0,0,0,0,0,0,0,0,0,0,0,0,0,0,0,0,0,0,0,0,0,0,0,0,0,0,0,0,0,0,0,0,0,0,0,0,0,0,0,0,0,0,0,0,0,0,0,0,0,0,0,0,0,0,0,0,0,0,0,0,0,0,0,0,0,0,0,0,0,0,0,0,0,0,0,0,0,0,0,0,0,0,0,0,0,0,0,0,0,0,0,0,0,0,0,0,0,0,0,0,0,0,0,0,0,0,0,0,0,0,0,0,0,0,0,0,0,0,0,0,0,0,0,0,0,0,0,0,0,0,0,0,0,0,0,0,0,0,0,0,0,0,0,0,0,0,0,0,0,0,0,0,0,0,0,0,0,0,0,0,0,0,0,0,0,0,0,0,0,0,0,0,0,0,0,0,0,0,0,0,0,0,0,0,0,0,0,0,0,0,0,0,0,0,0,0,0,0,262,0.0000000399,0.0000002859
minecraft:purple_carpet,0,0,0,0,0,0,0,0,0,0,0,0,0,0,0,0,0,0,0,0,0,0,0,0,0,0,0,0,0,0,0,0,0,0,0,0,0,0,0,0,0,0,0,0,0,0,0,0,0,0,0,0,0,0,0,0,0,0,0,0,0,0,0,0,0,0,0,0,0,0,0,0,0,0,0,0,0,0,0,0,0,0,0,0,0,0,0,0,0,0,0,0,0,0,0,0,0,0,0,0,0,0,0,0,0,0,0,0,0,0,0,0,0,0,0,0,0,0,0,0,0,0,0,0,0,0,0,15,8,6,24,3,0,20,17,8,58,10,5,14,6,2,0,0,0,18,0,16,0,0,3,3,0,0,2,0,16,0,0,0,0,0,0,0,0,0,5,0,0,0,0,0,0,0,0,0,0,0,0,0,0,0,0,0,0,0,0,0,0,0,0,0,0,0,0,0,0,0,0,0,0,0,0,0,0,0,0,0,2,0,0,0,0,0,0,0,0,0,0,0,0,0,0,0,0,0,0,0,0,0,0,0,0,0,0,0,0,0,0,0,0,0,0,0,0,0,0,0,0,0,0,0,0,0,0,0,0,0,0,0,0,0,0,0,0,0,0,0,0,0,0,0,0,0,0,0,0,0,0,0,0,0,0,0,0,0,0,0,0,0,0,0,0,0,0,0,0,0,0,0,0,0,0,0,0,0,0,0,0,0,0,0,0,0,0,0,0,0,0,0,0,0,0,0,0,0,0,0,0,0,0,0,0,0,0,0,261,0.0000000398,0.0000002848
minecraft:redstone_torch,0,0,0,0,0,0,0,0,0,0,0,0,0,0,0,0,160,0,0,0,0,0,0,0,0,0,0,0,0,0,0,0,0,0,0,0,0,0,0,0,0,0,0,0,0,0,0,0,0,0,0,0,0,0,0,0,0,0,0,0,0,0,0,0,0,0,0,0,0,0,0,0,0,0,0,0,0,0,0,0,0,0,0,0,0,0,0,0,0,0,0,0,0,0,0,0,0,0,0,0,0,0,0,0,0,0,0,0,0,0,0,0,0,0,0,0,0,0,0,0,0,0,0,0,1,0,0,16,12,3,2,3,5,6,3,3,4,2,0,3,1,1,0,1,0,1,0,0,0,1,1,1,0,1,1,0,1,0,0,3,1,0,0,1,0,0,0,0,1,1,1,0,0,0,0,1,1,0,2,0,0,0,0,0,0,1,0,0,0,1,1,0,0,0,0,2,0,0,0,0,1,0,0,0,0,1,0,0,0,0,0,0,0,0,0,1,0,0,0,0,0,0,0,0,0,0,0,0,0,0,0,0,0,0,0,0,0,0,0,0,0,0,0,0,0,0,1,0,0,0,0,0,0,0,0,0,0,0,0,0,0,0,0,0,0,0,0,0,0,0,0,0,0,0,0,0,0,0,0,0,0,0,0,0,0,0,0,0,0,0,0,0,0,0,0,0,0,0,0,0,0,0,0,0,0,0,0,0,0,0,0,0,0,0,0,0,0,0,0,0,0,0,0,0,0,0,0,0,0,0,0,0,0,0,0,0,254,0.0000000387,0.0000002771
minecraft:loom,0,0,0,0,0,0,0,0,0,0,0,0,0,0,0,0,0,0,0,0,0,0,0,0,0,0,0,0,0,0,0,0,0,0,0,0,0,0,0,0,0,0,0,0,0,0,0,0,0,0,0,0,0,0,0,0,0,0,0,0,0,0,0,0,0,0,0,0,0,0,0,0,0,0,0,0,0,0,0,0,0,0,0,0,0,0,0,0,0,0,0,0,0,0,0,0,0,0,0,0,0,0,0,0,0,0,0,0,0,2,1,9,18,16,6,7,15,7,14,9,13,8,3,0,3,2,3,10,12,2,6,3,1,11,4,6,2,2,7,5,1,3,3,2,0,2,3,2,0,0,3,4,1,2,0,0,1,1,3,2,0,0,0,0,0,0,1,2,2,0,0,2,0,0,1,2,0,0,0,0,0,0,0,0,0,0,0,0,0,0,0,0,0,0,0,0,0,0,0,0,0,0,0,0,0,0,0,0,0,0,0,0,0,0,0,0,0,0,0,0,0,0,0,0,0,0,0,0,0,0,0,0,0,0,0,0,0,0,0,0,0,0,0,0,0,0,0,0,0,0,0,0,0,0,0,0,0,0,0,0,0,0,0,0,0,0,0,0,0,0,0,0,0,0,0,0,0,0,0,0,0,0,0,0,0,0,0,0,0,0,0,0,0,0,0,0,0,0,0,0,0,0,0,0,0,0,0,0,0,0,0,0,0,0,0,0,0,0,0,0,0,0,0,0,0,0,0,0,0,0,0,0,0,0,0,0,250,0.0000000381,0.0000002728
minecraft:cauldron,0,0,0,0,0,0,0,0,0,0,0,0,0,0,0,0,0,0,0,0,0,0,0,0,0,0,0,0,0,0,0,0,0,0,0,0,0,0,0,0,0,0,0,0,0,0,0,0,0,0,0,0,0,0,0,0,0,0,0,0,0,0,0,0,0,0,0,0,0,0,0,0,0,0,0,0,0,0,0,0,0,0,0,0,0,0,0,0,0,0,0,0,0,0,0,0,0,0,0,0,0,0,0,2,1,2,2,2,0,5,6,3,8,11,11,7,6,7,11,5,3,5,2,2,2,3,3,6,17,36,12,3,6,7,7,11,2,7,3,3,1,1,0,0,4,0,0,0,1,1,0,0,0,1,1,0,0,2,0,1,1,0,0,0,0,0,0,0,1,0,0,0,0,0,0,0,0,0,1,0,0,0,0,0,0,0,0,0,0,0,0,4,0,0,0,0,0,0,0,0,0,0,0,0,0,0,0,0,0,0,0,0,0,0,0,0,0,0,0,0,0,0,0,0,0,0,0,0,0,0,0,0,0,0,0,0,0,0,0,0,0,0,0,0,0,0,0,0,0,0,0,0,0,0,0,0,0,0,0,0,0,0,0,0,0,0,0,0,0,0,0,0,0,0,0,0,0,0,0,0,0,0,0,0,0,0,0,0,0,0,0,0,0,0,0,0,0,0,0,0,0,0,0,0,0,0,0,0,0,0,0,0,0,0,0,0,0,0,0,0,0,0,0,0,0,0,0,0,0,0,0,0,0,0,0,0,249,0.0000000379,0.0000002717
minecraft:lectern,0,0,0,0,0,0,0,0,0,0,0,0,0,0,0,110,0,0,0,0,0,0,0,0,0,0,0,0,0,0,0,0,0,0,0,0,0,0,0,0,0,0,0,0,0,0,0,0,0,0,0,0,0,0,0,0,0,0,0,0,0,0,0,0,0,0,0,0,0,0,0,0,0,0,0,0,0,0,0,0,0,0,0,0,0,0,0,0,0,0,0,0,0,0,0,0,0,0,0,0,0,0,0,0,0,0,0,0,0,0,0,0,0,0,0,0,0,0,0,0,0,0,0,0,0,0,0,21,12,7,6,5,7,6,7,8,9,3,4,0,2,4,2,3,0,1,0,1,1,2,0,3,1,2,1,1,1,0,0,1,2,1,1,0,0,0,0,0,0,0,1,2,0,0,0,2,0,1,0,0,0,0,0,0,0,1,0,0,0,0,0,1,0,0,0,0,0,1,0,0,0,0,0,0,0,0,0,0,0,0,0,0,0,0,0,0,0,0,0,0,0,0,0,0,0,0,0,0,0,0,0,0,0,0,0,0,0,0,0,0,0,0,0,0,0,0,0,0,0,0,0,0,0,0,0,0,0,0,0,0,0,0,0,0,0,0,0,0,0,0,0,0,0,0,0,0,0,0,0,0,0,0,0,0,0,0,0,0,0,0,0,0,0,0,0,0,0,0,0,0,0,0,0,0,0,0,0,0,0,0,0,0,0,0,0,0,0,0,0,0,0,0,0,0,0,0,0,0,0,0,0,0,0,0,0,0,244,0.0000000372,0.0000002662
minecraft:acacia_pressure_plate,0,0,0,0,0,0,0,0,0,0,0,0,0,0,0,0,0,0,0,0,0,0,0,0,0,0,0,0,0,0,0,0,0,0,0,0,0,0,0,0,0,0,0,0,0,0,0,0,0,0,0,0,0,0,0,0,0,0,0,0,0,0,0,0,0,0,0,0,0,0,0,0,0,0,0,0,0,0,0,0,0,0,0,0,0,0,0,0,0,0,0,0,0,0,0,0,0,0,0,0,0,0,0,0,0,0,0,0,0,0,0,0,0,0,0,0,0,0,0,0,0,0,1,0,0,0,0,0,69,25,7,8,13,10,12,9,7,12,7,4,2,5,0,5,11,2,0,0,0,4,1,0,0,1,0,0,1,0,0,1,1,3,1,1,0,2,1,1,0,1,2,0,0,0,0,1,2,0,2,0,0,0,0,0,0,0,0,0,0,0,0,0,0,0,0,0,0,0,0,0,0,1,0,0,0,0,0,0,0,0,0,0,0,0,0,0,0,0,0,0,0,0,0,0,0,0,0,0,0,0,0,0,0,0,0,0,0,0,0,0,0,0,0,0,0,0,0,0,0,0,0,0,0,0,0,0,0,0,0,0,0,0,0,0,0,0,0,0,0,0,0,0,0,0,0,0,0,0,0,0,0,0,0,0,0,0,0,0,0,0,0,0,0,0,0,0,0,0,0,0,0,0,0,0,0,0,0,0,0,0,0,0,0,0,0,0,0,0,0,0,0,0,0,0,0,0,0,0,0,0,0,0,0,0,0,0,236,0.0000000359,0.0000002575
minecraft:carved_pumpkin,0,0,0,0,0,0,0,0,0,0,0,0,0,0,0,0,0,0,0,0,0,0,0,0,0,0,0,0,0,0,0,0,0,0,0,0,0,0,0,0,0,0,0,0,0,0,0,0,0,0,0,0,0,0,0,0,0,0,0,0,0,0,0,0,0,0,0,0,0,0,0,0,0,0,0,0,0,0,0,0,0,0,0,0,0,0,0,0,0,0,0,0,0,0,0,0,0,0,0,0,0,0,0,0,0,0,0,0,0,0,0,0,0,0,0,0,0,0,0,0,0,0,0,0,0,0,0,0,0,34,33,5,14,14,7,6,2,9,18,17,4,16,2,2,4,0,6,0,4,6,0,6,4,0,2,0,0,0,0,0,0,0,0,0,0,0,0,0,2,8,2,0,0,2,0,0,0,0,0,0,0,0,0,0,0,0,0,0,0,0,0,0,0,4,2,0,0,0,0,0,0,0,0,0,0,0,0,0,0,0,0,0,0,0,0,0,0,0,0,0,0,0,0,0,0,0,0,0,0,0,0,0,0,0,0,0,0,0,0,0,0,0,0,0,0,0,0,0,0,0,0,0,0,0,0,0,0,0,0,0,0,0,0,0,0,0,0,0,0,0,0,0,0,0,0,0,0,0,0,0,0,0,0,0,0,0,0,0,0,0,0,0,0,0,0,0,0,0,0,0,0,0,0,0,0,0,0,0,0,0,0,0,0,0,0,0,0,0,0,0,0,0,0,0,0,0,0,0,0,0,0,0,0,0,0,0,235,0.0000000358,0.0000002564
minecraft:mossy_stone_brick_wall,0,0,0,0,0,0,0,0,0,0,0,0,0,0,0,0,0,0,0,2,0,0,0,1,0,1,1,2,0,1,0,0,1,0,0,0,0,0,0,0,0,0,1,0,2,0,0,0,1,0,0,1,1,2,0,1,0,1,1,1,0,0,0,0,0,0,0,0,0,1,1,0,0,0,0,1,1,0,0,1,0,0,0,0,0,0,0,0,0,0,1,0,0,1,1,0,0,0,0,1,3,2,2,4,4,9,2,5,0,5,2,2,5,6,13,16,7,13,9,7,7,4,5,5,1,0,0,0,1,8,7,3,5,2,1,3,3,4,2,1,3,3,0,1,0,0,0,1,0,0,0,0,0,0,0,0,0,0,0,0,0,0,0,1,1,0,2,1,0,0,0,0,1,1,0,0,0,1,0,0,0,0,0,0,0,0,0,0,0,0,0,1,0,0,0,0,0,0,0,0,0,0,1,0,1,0,0,0,0,0,0,0,0,0,0,0,1,0,0,0,0,0,0,0,0,0,0,0,0,0,0,0,0,0,0,0,0,0,0,0,0,0,0,0,0,0,0,0,0,0,0,0,0,0,0,0,0,0,0,0,0,0,0,0,0,0,0,0,0,0,0,0,0,0,0,0,0,0,0,0,0,0,0,0,0,0,0,0,0,0,0,0,0,0,0,0,0,0,0,0,0,0,0,0,0,0,0,0,0,0,0,0,0,0,0,0,0,0,0,0,0,0,0,0,0,0,0,0,0,0,0,0,0,0,0,0,228,0.0000000347,0.0000002488
minecraft:redstone_block,0,0,0,0,0,0,0,0,0,0,0,0,0,0,0,110,0,112,0,0,0,0,0,0,0,0,0,0,0,0,0,0,0,0,0,0,0,0,0,0,0,0,0,0,0,0,0,0,0,0,0,0,0,0,0,0,0,0,0,0,0,0,0,0,0,0,0,0,0,0,0,0,0,0,0,0,0,0,0,0,0,0,0,0,0,0,0,0,0,0,0,0,0,0,0,0,0,0,0,0,0,0,0,0,0,0,0,0,0,0,0,0,0,0,0,0,0,0,0,0,0,0,0,0,0,0,0,0,0,0,0,0,0,0,0,0,0,0,0,0,0,0,0,0,0,0,0,0,0,0,0,0,0,0,0,0,0,0,0,0,0,0,0,0,0,0,0,0,0,0,0,0,0,0,0,0,0,0,0,0,0,0,0,0,0,0,0,0,0,0,0,0,0,0,0,0,0,0,0,0,0,0,0,0,0,0,0,0,0,0,0,0,0,0,0,0,0,0,0,0,0,0,0,0,0,0,0,0,0,0,0,0,0,0,0,0,0,0,0,0,0,0,0,0,0,0,0,0,0,0,0,0,0,0,0,0,0,0,0,0,0,0,0,0,0,0,0,0,0,0,0,0,0,0,0,0,0,0,0,0,0,0,0,0,0,0,0,0,0,0,0,0,0,0,0,0,0,0,0,0,0,0,0,0,0,0,0,0,0,0,0,0,0,0,0,0,0,0,0,0,0,0,0,0,0,0,0,0,0,0,0,0,0,0,0,0,222,0.0000000338,0.0000002422
minecraft:lime_carpet,0,0,0,0,0,0,0,0,0,0,0,0,0,0,0,0,0,0,0,0,0,0,0,0,0,0,0,0,0,0,0,0,0,0,0,0,0,0,0,0,0,0,0,0,0,0,0,0,0,0,0,0,0,0,0,0,0,0,0,0,0,0,0,0,0,0,0,0,0,0,0,0,0,0,0,0,0,0,0,0,0,0,0,0,0,0,0,0,0,0,0,0,0,0,0,0,0,0,0,0,0,0,0,0,0,0,0,0,0,0,0,0,0,0,0,0,0,0,0,0,0,0,0,0,0,0,0,2,2,0,0,1,1,0,2,0,15,0,1,0,43,15,0,14,0,0,0,14,0,2,0,28,0,0,14,0,14,0,0,0,0,0,0,0,0,0,0,0,0,0,0,0,0,0,0,0,0,0,0,0,0,0,0,0,0,0,0,0,0,0,0,0,0,0,0,0,0,0,0,28,0,0,0,0,0,0,0,0,0,0,14,0,0,0,0,0,0,0,0,0,0,0,0,0,0,0,0,0,0,0,0,0,0,0,0,0,0,0,0,0,0,0,0,0,0,0,0,0,0,0,0,0,0,0,0,0,0,0,0,0,0,0,0,0,0,0,0,0,0,0,0,0,0,0,0,0,0,0,0,0,0,0,0,0,0,0,0,0,0,0,0,0,0,0,0,0,0,0,0,0,0,0,0,0,0,0,0,0,0,0,0,0,0,0,0,0,0,0,0,0,0,0,0,0,0,0,0,0,0,0,0,0,0,0,0,0,210,0.000000032,0.0000002291
minecraft:stonecutter,0,0,0,0,0,0,0,0,0,0,0,0,0,0,0,0,0,0,0,0,0,0,0,0,0,0,0,0,0,0,0,0,0,0,0,0,0,0,0,0,0,0,0,0,0,0,0,0,0,0,0,0,0,0,0,0,0,0,0,0,0,0,0,0,0,0,0,0,0,0,0,0,0,0,0,0,0,0,0,0,0,0,0,0,0,0,0,0,0,0,0,0,0,0,0,0,0,0,0,0,0,0,0,0,0,0,0,0,0,0,0,0,0,0,0,0,0,0,0,0,0,0,1,0,0,0,1,11,44,15,6,10,9,8,13,8,10,8,3,4,4,4,5,2,1,2,0,1,3,0,0,1,0,1,0,1,1,2,2,1,0,0,2,1,0,0,1,2,1,2,1,1,1,0,2,1,0,1,2,0,1,1,1,2,2,0,0,0,0,0,0,0,1,0,0,1,0,0,0,0,0,0,0,0,0,0,0,0,0,0,0,0,0,0,0,0,0,0,0,0,0,0,0,0,0,0,0,0,0,0,0,0,0,0,0,0,0,0,0,0,0,0,0,0,0,0,0,0,0,0,0,0,0,0,0,0,0,0,0,0,0,0,0,0,0,0,0,0,0,0,0,0,0,0,0,0,0,0,0,0,0,0,0,0,0,0,0,0,0,0,0,0,0,0,0,0,0,0,0,0,0,0,0,0,0,0,0,0,0,0,0,0,0,0,0,0,0,0,0,0,0,0,0,0,0,0,0,0,0,0,0,0,0,0,0,0,209,0.0000000318,0.000000228
minecraft:diorite_wall,0,0,0,0,0,0,0,0,0,0,0,0,0,0,0,0,0,0,0,0,0,0,0,0,0,0,0,0,0,0,0,0,0,0,0,0,0,0,0,0,0,0,0,0,0,0,0,0,0,0,0,0,0,0,0,0,0,0,0,0,0,0,0,0,0,0,0,0,0,0,0,0,0,0,0,0,0,0,0,0,0,0,0,0,0,0,0,0,0,0,0,0,0,0,0,0,0,0,0,0,0,0,0,0,0,0,0,2,3,0,0,0,0,0,0,0,0,0,0,0,0,0,0,0,0,0,0,8,16,16,12,10,18,15,8,16,14,7,7,8,3,2,5,2,2,1,4,4,1,1,0,0,0,3,3,0,2,0,0,0,0,0,0,1,0,0,0,0,0,0,0,0,0,0,0,2,5,3,0,0,0,1,0,0,0,1,1,0,0,0,0,0,1,0,0,0,0,0,0,0,0,0,0,0,0,0,0,0,0,0,0,0,0,0,0,0,0,0,0,0,0,0,0,0,0,0,0,0,0,0,0,0,0,0,0,0,0,0,0,0,0,0,0,0,0,0,0,0,0,0,0,0,0,0,0,0,0,0,0,0,0,0,0,0,0,0,0,0,0,0,0,0,0,0,0,0,0,0,0,0,0,0,0,0,0,0,0,0,0,0,0,0,0,0,0,0,0,0,0,0,0,0,0,0,0,0,0,0,0,0,0,0,0,0,0,0,0,0,0,0,0,0,0,0,0,0,0,0,0,0,0,0,0,0,0,0,208,0.0000000317,0.000000227
minecraft:tnt,0,0,0,0,0,0,0,0,0,0,0,0,0,0,0,0,0,0,0,0,0,0,0,0,0,0,0,0,0,0,0,0,0,0,0,0,0,0,0,0,0,0,0,0,0,0,0,0,0,0,0,0,0,0,0,0,0,0,0,0,0,0,0,0,0,0,0,0,0,0,0,0,0,0,0,0,0,0,0,0,0,0,0,0,0,0,0,0,0,0,0,0,0,0,0,0,0,0,0,0,0,0,0,0,0,0,0,9,0,9,0,0,0,18,9,9,9,18,9,18,27,0,9,0,0,0,9,18,18,0,0,9,0,0,0,0,0,0,0,0,0,0,0,0,0,0,0,0,0,0,0,0,0,0,0,0,0,0,0,0,0,0,0,0,0,0,0,0,0,0,0,0,0,0,0,0,0,0,0,0,0,0,0,0,0,0,0,0,0,0,0,0,0,0,0,0,0,0,0,0,0,0,0,0,0,0,0,0,0,0,0,0,0,0,0,0,0,0,0,0,0,0,0,0,0,0,0,0,0,0,0,0,0,0,0,0,0,0,0,0,0,0,0,0,0,0,0,0,0,0,0,0,0,0,0,0,0,0,0,0,0,0,0,0,0,0,0,0,0,0,0,0,0,0,0,0,0,0,0,0,0,0,0,0,0,0,0,0,0,0,0,0,0,0,0,0,0,0,0,0,0,0,0,0,0,0,0,0,0,0,0,0,0,0,0,0,0,0,0,0,0,0,0,0,0,0,0,0,0,0,0,0,0,0,0,0,198,0.0000000302,0.000000216
minecraft:smithing_table,0,0,0,0,0,0,0,0,0,0,0,0,0,0,0,0,0,0,0,0,0,0,0,0,0,0,0,0,0,0,0,0,0,0,0,0,0,0,0,0,0,0,0,0,0,0,0,0,0,0,0,0,0,0,0,0,0,0,0,0,0,0,0,0,0,0,0,0,0,0,0,0,0,0,0,0,0,0,0,0,0,0,0,0,0,0,0,0,0,0,0,0,0,0,0,0,0,0,0,0,0,0,0,0,0,0,0,2,7,4,3,9,2,5,3,4,1,1,2,2,1,3,3,3,0,1,0,24,28,9,9,5,2,4,9,7,3,4,1,1,2,0,1,3,2,0,0,1,1,2,0,1,0,2,0,1,3,1,1,1,1,0,0,0,0,1,0,0,0,1,0,1,0,0,1,0,0,0,0,0,0,0,2,1,0,0,0,0,1,0,0,0,0,0,0,0,0,0,0,1,0,0,1,0,0,0,0,0,0,0,0,0,0,0,0,0,0,0,0,0,0,0,0,0,0,0,0,0,0,0,0,0,0,0,0,0,0,0,0,0,0,0,0,0,0,0,0,0,0,0,0,0,0,0,0,0,0,0,0,0,0,0,0,0,0,0,0,0,0,0,0,0,0,0,0,0,0,0,0,0,0,0,0,0,0,0,0,0,0,0,0,0,0,0,0,0,0,0,0,0,0,0,0,0,0,0,0,0,0,0,0,0,0,0,0,0,0,0,0,0,0,0,0,0,0,0,0,0,0,0,0,0,0,0,0,0,195,0.0000000297,0.0000002128
minecraft:spruce_wood,0,0,0,0,0,0,0,0,0,0,0,0,0,0,0,0,0,0,0,0,0,0,0,0,0,0,0,0,0,0,0,0,0,0,0,0,0,0,0,0,0,0,0,0,0,0,0,0,0,0,0,0,0,0,0,0,0,0,0,0,0,0,0,0,0,0,0,0,0,0,0,0,0,0,0,0,0,0,0,0,0,0,0,0,0,0,0,0,0,0,0,0,0,0,0,0,0,0,0,0,0,0,0,0,0,0,0,0,0,0,0,0,0,0,0,0,0,0,0,0,0,0,0,0,0,0,0,0,0,0,0,0,0,0,0,0,0,24,26,33,9,0,0,0,8,6,25,12,18,0,0,0,0,0,0,0,0,0,0,0,0,0,0,0,0,0,0,0,0,0,0,0,0,0,0,0,8,6,9,0,0,0,0,0,0,0,0,0,0,0,0,0,0,0,0,0,0,0,0,0,0,0,0,0,0,0,0,0,0,0,0,0,0,0,0,0,0,0,0,0,0,0,0,0,0,0,0,0,0,0,0,0,0,0,0,0,0,0,0,0,0,0,0,0,0,0,0,0,0,0,0,0,0,0,0,0,0,0,0,0,0,0,0,0,0,0,0,0,0,0,0,0,0,0,0,0,0,0,0,0,0,0,0,0,0,0,0,0,0,0,0,0,0,0,0,0,0,0,0,0,0,0,0,0,0,0,0,0,0,0,0,0,0,0,0,0,0,0,0,0,0,0,0,0,0,0,0,0,0,0,0,0,0,0,0,0,184,0.000000028,0.0000002008
minecraft:dark_oak_sapling,0,0,0,0,0,0,0,0,0,0,0,0,0,0,0,0,0,0,0,0,0,0,0,0,0,0,0,0,0,0,0,0,0,0,0,0,0,0,0,0,0,0,0,0,0,0,0,0,0,0,0,0,0,0,0,0,0,0,0,0,0,0,0,0,0,0,0,0,0,0,0,0,0,0,0,0,0,0,0,0,0,0,0,0,0,0,0,0,0,0,0,0,0,0,0,0,0,0,0,0,0,0,0,0,0,0,0,0,0,0,0,0,0,0,0,0,0,0,0,0,0,0,0,0,0,0,0,0,0,58,0,0,58,0,0,0,29,0,0,29,0,0,0,0,0,0,0,0,0,0,0,0,0,0,0,0,0,0,0,0,0,0,0,0,0,0,0,0,0,0,0,0,0,0,0,0,0,0,0,0,0,0,0,0,0,0,0,0,0,0,0,0,0,0,0,0,0,0,0,0,0,0,0,0,0,0,0,0,0,0,0,0,0,0,0,0,0,0,0,0,0,0,0,0,0,0,0,0,0,0,0,0,0,0,0,0,0,0,0,0,0,0,0,0,0,0,0,0,0,0,0,0,0,0,0,0,0,0,0,0,0,0,0,0,0,0,0,0,0,0,0,0,0,0,0,0,0,0,0,0,0,0,0,0,0,0,0,0,0,0,0,0,0,0,0,0,0,0,0,0,0,0,0,0,0,0,0,0,0,0,0,0,0,0,0,0,0,0,0,0,0,0,0,0,0,0,0,0,0,0,0,0,0,0,0,0,174,0.0000000265,0.0000001899
minecraft:coal_block,0,0,0,0,0,0,0,0,0,0,0,0,0,0,0,0,0,0,0,0,0,0,0,0,0,0,0,0,0,0,0,0,0,0,0,0,0,0,0,0,0,0,0,0,0,0,0,0,0,0,0,0,0,0,0,0,0,0,0,0,0,0,0,0,0,0,0,0,0,0,0,0,0,0,0,0,0,0,0,0,0,0,0,0,0,0,0,0,0,0,0,0,0,0,0,0,0,0,0,0,0,0,0,0,0,0,0,0,6,4,6,18,12,4,8,14,10,10,4,6,4,8,0,0,0,6,0,4,0,0,0,2,0,0,0,4,0,2,4,8,0,0,0,0,2,0,0,2,0,2,4,0,6,0,0,2,2,0,0,0,0,0,0,0,0,0,0,0,0,0,0,0,2,0,0,0,0,0,0,0,0,0,0,0,0,0,0,0,0,0,0,0,0,0,0,0,0,0,0,0,0,0,0,0,0,0,0,0,0,0,0,0,0,0,0,0,0,0,0,0,0,0,0,0,0,0,0,0,0,0,0,0,0,0,0,0,0,0,0,0,0,0,0,0,0,0,0,0,0,0,0,0,0,0,0,0,0,0,0,0,0,0,0,0,0,0,0,0,0,0,0,0,0,0,0,0,0,0,0,0,0,0,0,0,0,0,0,0,0,0,0,0,0,0,0,0,0,0,0,0,0,0,0,0,0,0,0,0,0,0,0,0,0,0,0,0,0,0,0,0,0,0,0,0,0,0,0,0,0,0,0,0,0,0,0,0,166,0.0000000253,0.0000001811
minecraft:brown_carpet,0,0,0,0,0,0,0,0,0,0,0,0,0,0,0,0,0,0,0,0,0,0,0,0,0,0,0,0,0,0,0,0,0,0,0,0,0,0,0,0,0,0,0,0,0,0,0,0,0,0,0,0,0,0,0,0,0,0,0,0,0,0,0,0,0,0,0,0,0,0,0,0,0,0,0,0,0,0,0,0,0,0,0,0,0,0,0,0,0,0,0,0,0,0,0,0,0,0,0,0,0,0,0,0,0,0,0,0,0,0,0,0,0,0,0,0,0,0,0,0,0,0,0,0,0,0,0,12,50,24,0,0,12,12,0,24,4,12,0,0,0,0,0,0,0,0,0,0,0,0,0,0,0,0,0,0,0,0,0,0,0,0,0,0,0,0,0,0,0,0,0,0,0,0,0,0,0,0,0,0,0,0,0,0,0,0,0,0,0,0,0,12,0,0,0,0,0,0,0,0,0,0,0,0,0,0,0,0,0,0,0,0,0,0,0,0,0,0,0,0,0,0,0,0,0,0,0,0,0,0,0,0,0,0,0,0,0,0,0,0,0,0,0,0,0,0,0,0,0,0,0,0,0,0,0,0,0,0,0,0,0,0,0,0,0,0,0,0,0,0,0,0,0,0,0,0,0,0,0,0,0,0,0,0,0,0,0,0,0,0,0,0,0,0,0,0,0,0,0,0,0,0,0,0,0,0,0,0,0,0,0,0,0,0,0,0,0,0,0,0,0,0,0,0,0,0,0,0,0,0,0,0,0,0,0,0,162,0.0000000247,0.0000001768
minecraft:note_block,0,0,0,0,0,0,0,0,0,0,0,0,0,0,0,0,0,160,0,0,0,0,0,0,0,0,0,0,0,0,0,0,0,0,0,0,0,0,0,0,0,0,0,0,0,0,0,0,0,0,0,0,0,0,0,0,0,0,0,0,0,0,0,0,0,0,0,0,0,0,0,0,0,0,0,0,0,0,0,0,0,0,0,0,0,0,0,0,0,0,0,0,0,0,0,0,0,0,0,0,0,0,0,0,0,0,0,0,0,0,0,0,0,0,0,0,0,0,0,0,0,0,0,0,0,0,0,0,0,0,0,0,0,0,0,0,0,0,0,0,0,0,0,0,0,0,0,0,0,0,0,0,0,0,0,0,0,0,0,0,0,0,0,0,0,0,0,0,0,0,0,0,0,0,0,0,0,0,0,0,0,0,0,0,0,0,0,0,0,0,0,0,0,0,0,0,0,0,0,0,0,0,0,0,0,0,0,0,0,0,0,0,0,0,0,0,0,0,0,0,0,0,0,0,0,0,0,0,0,0,0,0,0,0,0,0,0,0,0,0,0,0,0,0,0,0,0,0,0,0,0,0,0,0,0,0,0,0,0,0,0,0,0,0,0,0,0,0,0,0,0,0,0,0,0,0,0,0,0,0,0,0,0,0,0,0,0,0,0,0,0,0,0,0,0,0,0,0,0,0,0,0,0,0,0,0,0,0,0,0,0,0,0,0,0,0,0,0,0,0,0,0,0,0,0,0,0,0,0,0,0,0,0,0,0,0,160,0.0000000244,0.0000001746
minecraft:polished_diorite,0,0,0,0,0,0,0,0,0,0,0,0,0,0,0,0,0,0,0,0,0,0,0,0,0,0,0,0,0,0,0,0,0,0,0,0,0,0,0,0,0,0,0,0,0,0,0,0,0,0,0,0,0,0,0,0,0,0,0,0,0,0,0,0,0,0,0,0,0,0,0,0,0,0,0,0,0,0,0,0,0,0,0,0,0,0,0,0,0,0,0,0,2,2,4,4,0,1,2,3,1,2,2,2,6,6,2,5,11,8,2,1,0,0,5,10,17,17,12,5,6,5,4,3,0,0,2,3,2,0,0,0,0,0,0,0,0,0,0,0,0,0,0,0,0,0,0,0,0,0,0,0,0,0,0,0,0,0,0,0,0,0,0,0,0,0,0,0,0,0,0,0,0,0,0,0,0,0,0,0,0,0,0,0,0,0,0,0,0,0,0,0,0,0,0,0,0,0,0,0,0,0,0,0,0,0,0,0,0,0,0,0,0,0,0,0,0,0,0,0,0,0,0,0,0,0,0,0,0,0,0,0,0,0,0,0,0,0,0,0,0,0,0,0,0,0,0,0,0,0,0,0,0,0,0,0,0,0,0,0,0,0,0,0,0,0,0,0,0,0,0,0,0,0,0,0,0,0,0,0,0,0,0,0,0,0,0,0,0,0,0,0,0,0,0,0,0,0,0,0,0,0,0,0,0,0,0,0,0,0,0,0,0,0,0,0,0,0,0,0,0,0,0,0,0,0,0,0,0,0,0,0,0,0,0,0,157,0.0000000239,0.0000001713
minecraft:brown_stained_glass_pane,0,0,0,0,0,0,0,0,0,0,0,0,0,0,0,0,0,0,0,0,0,0,0,0,0,0,0,0,0,0,0,0,0,0,0,0,0,0,0,0,0,0,0,0,0,0,0,0,0,0,0,0,0,0,0,0,0,0,0,0,0,0,0,0,0,0,0,0,0,0,0,0,0,0,0,0,0,0,0,0,0,0,0,0,0,0,0,0,0,0,0,0,0,0,0,0,0,0,0,0,0,0,0,0,0,0,0,0,0,0,0,0,0,0,0,0,0,0,0,0,0,0,0,0,0,0,0,0,14,22,11,28,13,15,4,10,0,2,0,0,0,0,5,0,0,0,1,0,0,0,0,0,0,0,0,0,0,0,1,0,0,0,0,0,3,4,0,2,1,0,5,0,0,3,1,0,0,0,0,0,1,1,0,0,0,0,3,0,0,0,0,0,0,2,0,0,0,0,0,0,0,0,0,0,0,0,0,0,0,0,0,0,0,0,0,0,0,0,0,0,0,0,0,0,0,0,0,0,0,0,0,0,0,0,0,0,0,0,0,0,0,0,0,0,0,0,0,0,0,0,0,0,0,0,0,0,0,0,0,0,0,0,0,0,0,0,0,0,0,0,0,0,0,0,0,0,0,0,0,0,0,0,0,0,0,0,0,0,0,0,0,0,0,0,0,0,0,0,0,0,0,0,0,0,0,0,0,0,0,0,0,0,0,0,0,0,0,0,0,0,0,0,0,0,0,0,0,0,0,0,0,0,0,0,0,0,152,0.0000000232,0.0000001658
minecraft:brown_wool,0,0,0,0,0,0,0,0,0,0,0,0,0,0,0,0,0,0,0,0,0,0,0,0,0,0,0,0,0,0,0,0,0,0,0,0,0,0,0,0,0,0,0,0,0,0,0,0,0,0,0,0,0,0,0,0,0,0,0,0,0,0,0,0,0,0,0,0,0,0,0,0,0,0,0,0,0,0,0,0,0,0,0,0,0,0,0,0,0,0,0,0,0,0,0,0,0,0,0,0,0,0,0,0,0,0,0,0,0,0,0,0,0,0,0,0,0,0,0,0,0,0,0,0,0,0,0,36,54,0,0,18,18,0,0,0,0,0,0,0,0,0,0,0,0,0,0,0,0,0,0,0,0,0,0,0,0,0,0,0,0,0,0,0,0,0,0,0,0,0,0,0,0,0,0,0,0,0,0,0,0,0,0,0,0,0,0,0,0,0,18,0,0,0,0,0,0,0,0,0,0,0,0,0,0,0,0,0,0,0,0,0,0,0,0,0,0,0,0,0,0,0,0,0,0,0,0,0,0,0,0,0,0,0,0,0,0,0,0,0,0,0,0,0,0,0,0,0,0,0,0,0,0,0,0,0,0,0,0,0,0,0,0,0,0,0,0,0,0,0,0,0,0,0,0,0,0,0,0,0,0,0,0,0,0,0,0,0,0,0,0,0,0,0,0,0,0,0,0,0,0,0,0,0,0,0,0,0,0,0,0,0,0,0,0,0,0,0,0,0,0,0,0,0,0,0,0,0,0,0,0,0,0,0,0,0,144,0.0000000219,0.0000001571
minecraft:diorite_stairs,0,0,0,0,0,0,0,0,0,0,0,0,0,0,0,0,0,0,0,0,0,0,0,0,0,0,0,0,0,0,0,0,0,0,0,0,0,0,0,0,0,0,0,0,0,0,0,0,0,0,0,0,0,0,0,0,0,0,0,0,0,0,0,0,0,0,0,0,0,0,0,0,0,0,0,0,0,0,0,0,0,0,0,0,0,0,0,0,0,0,0,0,0,0,0,0,0,0,0,0,0,0,0,0,0,0,0,2,0,0,1,2,0,0,0,0,0,0,0,0,0,0,0,0,0,0,0,8,10,6,4,28,9,2,14,6,0,4,1,4,0,3,0,0,2,3,2,0,2,1,2,4,0,2,0,0,1,2,2,0,0,0,0,0,0,0,0,0,0,0,0,0,0,0,0,2,4,0,1,3,2,0,0,0,3,0,0,2,0,0,0,0,0,0,0,0,0,0,0,0,0,0,0,0,0,0,0,0,0,0,0,0,0,0,0,0,0,0,0,0,0,0,0,0,0,0,0,0,0,0,0,0,0,0,0,0,0,0,0,0,0,0,0,0,0,0,0,0,0,0,0,0,0,0,0,0,0,0,0,0,0,0,0,0,0,0,0,0,0,0,0,0,0,0,0,0,0,0,0,0,0,0,0,0,0,0,0,0,0,0,0,0,0,0,0,0,0,0,0,0,0,0,0,0,0,0,0,0,0,0,0,0,0,0,0,0,0,0,0,0,0,0,0,0,0,0,0,0,0,0,0,0,0,0,0,0,144,0.0000000219,0.0000001571
minecraft:mossy_cobblestone_stairs,0,0,0,0,0,0,0,0,0,0,0,0,0,0,0,0,0,0,0,0,0,0,0,0,0,0,0,0,0,0,0,0,0,0,0,0,0,0,0,0,0,0,0,0,0,0,0,0,0,0,0,0,0,0,0,0,0,0,0,0,0,0,0,0,0,0,0,0,0,0,0,0,0,0,0,0,0,0,0,0,0,0,0,0,0,0,0,0,0,0,0,0,0,0,0,0,0,0,0,0,0,0,0,0,0,0,0,0,0,0,0,0,0,0,0,0,0,0,0,0,0,0,1,1,0,0,1,1,2,3,0,2,3,3,0,3,7,5,8,7,5,2,3,10,6,2,7,6,6,3,3,1,1,2,4,2,1,0,0,0,0,4,1,0,2,0,2,0,0,0,2,3,0,0,0,0,1,0,2,0,1,0,1,0,0,1,0,0,0,0,0,0,0,0,0,1,0,0,0,0,0,0,2,0,0,0,0,0,0,0,0,0,0,0,0,1,0,0,1,0,0,0,0,0,0,0,0,0,0,0,0,0,0,0,0,0,0,0,0,0,0,0,0,0,0,0,0,0,0,0,0,0,0,0,0,0,0,0,1,0,0,0,0,0,0,0,0,0,0,0,0,0,0,0,0,0,0,0,0,0,0,0,0,0,0,0,0,0,0,0,0,0,0,0,0,0,0,0,0,0,0,0,0,0,0,0,0,0,0,0,0,0,0,0,0,0,0,0,0,0,0,0,0,0,0,0,0,0,0,0,0,0,0,0,0,0,137,0.0000000209,0.0000001495
minecraft:smoker,0,0,0,0,0,0,0,0,0,0,0,0,0,0,0,0,0,0,0,0,0,0,0,0,0,0,0,0,0,0,0,0,0,0,0,0,0,0,0,0,0,0,0,0,0,0,0,0,0,0,0,0,0,0,0,0,0,0,0,0,0,0,0,0,0,0,0,0,0,0,0,0,0,0,0,0,0,0,0,0,0,0,0,0,0,0,0,0,0,0,0,0,0,0,0,0,0,0,0,0,0,0,0,0,0,0,0,0,0,0,0,0,0,0,0,0,0,0,0,0,0,0,0,0,0,0,0,2,22,7,7,11,5,3,9,5,9,4,4,4,2,2,3,3,1,1,0,0,2,1,0,1,1,3,0,2,0,0,1,1,0,0,0,0,1,0,0,0,2,1,0,1,0,0,0,0,0,0,0,0,0,0,0,0,1,0,0,0,1,0,0,0,0,0,0,1,0,0,0,0,0,0,0,0,0,0,0,0,0,0,0,0,0,0,0,0,0,0,0,0,0,0,0,0,0,0,0,0,0,0,0,0,0,0,0,0,0,0,0,0,0,0,0,0,0,0,0,0,0,0,0,0,0,0,0,0,0,0,0,0,0,0,0,0,0,0,0,0,0,0,0,0,0,0,0,0,0,0,0,0,0,0,0,0,0,0,0,0,0,0,0,0,0,0,0,0,0,0,0,0,0,0,0,0,0,0,0,0,0,0,0,0,0,0,0,0,0,0,0,0,0,0,0,0,0,0,0,0,0,0,0,0,0,0,0,0,124,0.0000000189,0.0000001353
minecraft:target,0,0,0,0,0,0,0,0,0,0,0,0,0,0,0,0,110,0,0,0,0,0,0,0,0,0,0,0,0,0,0,0,0,0,0,0,0,0,0,0,0,0,0,0,0,0,0,0,0,0,0,0,0,0,0,0,0,0,0,0,0,0,0,0,0,0,0,0,0,0,0,0,0,0,0,0,0,0,0,0,0,0,0,0,0,0,0,0,0,0,0,0,0,0,0,0,0,0,0,0,0,0,0,0,0,0,0,0,0,0,0,0,0,0,0,0,0,0,0,0,0,0,0,0,0,0,0,0,0,0,0,0,0,0,0,0,0,0,0,0,0,0,0,0,0,0,0,0,0,0,0,0,0,0,0,0,0,0,0,0,0,0,0,0,0,0,0,0,0,0,0,0,0,0,0,0,0,0,0,0,0,0,0,0,0,0,0,0,0,0,0,0,0,0,0,0,0,0,0,0,0,0,0,0,0,0,0,0,0,0,0,0,0,0,0,0,0,0,0,0,0,0,0,0,0,0,0,0,0,0,0,0,0,0,0,0,0,0,0,0,0,0,0,0,0,0,0,0,0,0,0,0,0,0,0,0,0,0,0,0,0,0,0,0,0,0,0,0,0,0,0,0,0,0,0,0,0,0,0,0,0,0,0,0,0,0,0,0,0,0,0,0,0,0,0,0,0,0,0,0,0,0,0,0,0,0,0,0,0,0,0,0,0,0,0,0,0,0,0,0,0,0,0,0,0,0,0,0,0,0,0,0,0,0,0,0,110,0.0000000168,0.00000012
minecraft:infested_chiseled_stone_bricks,0,0,0,0,0,0,0,0,0,0,0,0,0,0,0,0,0,0,0,0,0,0,0,0,0,0,0,0,0,0,0,0,0,0,0,0,0,0,0,0,0,0,0,0,0,0,0,0,0,0,0,0,0,0,0,0,0,0,0,0,0,0,0,0,0,0,0,0,0,0,0,0,0,0,0,0,0,0,0,0,0,0,0,0,0,0,0,0,0,0,4,0,0,1,4,1,0,4,1,2,2,3,2,1,2,3,1,0,1,3,1,5,5,2,4,5,4,2,3,1,0,1,1,1,1,1,3,1,1,0,2,1,0,0,0,0,0,0,0,0,1,1,0,2,2,1,0,4,1,0,0,2,0,0,0,0,0,0,0,0,0,0,0,1,0,0,0,1,0,0,0,2,0,0,0,2,0,0,0,1,0,0,0,1,0,0,0,0,0,0,0,0,0,0,0,0,0,0,0,0,0,0,0,0,0,0,0,0,0,1,0,0,0,1,0,0,0,0,0,0,0,0,0,0,0,0,0,0,0,0,0,0,0,0,0,0,0,0,0,0,0,0,0,0,0,0,0,0,0,0,0,0,0,0,0,0,0,0,0,0,0,0,0,0,0,0,0,0,0,0,0,0,0,0,0,0,0,0,0,0,0,0,0,0,0,0,0,0,0,0,0,0,0,0,0,0,0,0,0,0,0,0,0,0,0,0,0,0,0,0,0,0,0,0,0,0,0,0,0,0,0,0,0,0,0,0,0,0,0,0,0,0,0,0,0,0,104,0.0000000158,0.0000001135
minecraft:white_glazed_terracotta,0,0,0,0,0,0,0,0,0,0,0,0,0,0,0,0,0,0,0,0,0,0,0,0,0,0,0,0,0,0,0,0,0,0,0,0,0,0,0,0,0,0,0,0,0,0,0,0,0,0,0,0,0,0,0,0,0,0,0,0,0,0,0,0,0,0,0,0,0,0,0,0,0,0,0,0,0,0,0,0,0,0,0,0,0,0,0,0,0,0,0,0,0,0,0,0,0,0,0,0,0,0,0,0,0,0,0,0,0,0,0,0,0,0,0,0,0,0,0,0,0,0,0,0,0,0,8,10,9,10,0,20,0,0,9,9,0,1,1,1,0,0,1,12,0,0,0,0,0,0,0,1,0,0,0,0,1,0,0,0,0,0,0,0,0,0,0,0,0,0,0,0,0,0,0,0,0,0,0,0,0,0,0,0,0,0,0,0,0,0,0,0,0,0,0,0,0,0,0,0,0,0,0,0,0,0,0,0,0,0,0,0,0,0,0,0,0,0,0,0,0,0,0,0,0,0,0,0,0,0,0,0,0,0,0,0,0,0,0,0,0,0,0,0,0,0,0,0,0,0,0,0,0,0,0,0,0,0,0,0,0,0,0,0,0,0,0,0,0,0,0,0,0,0,0,0,0,0,0,0,0,0,0,0,0,0,0,0,0,0,0,0,0,0,0,0,0,0,0,0,0,0,0,0,0,0,0,0,0,0,0,0,0,0,0,0,0,0,0,0,0,0,0,0,0,0,0,0,0,0,0,0,0,0,0,0,93,0.0000000142,0.0000001015
minecraft:fletching_table,0,0,0,0,0,0,0,0,0,0,0,0,0,0,0,0,0,0,0,0,0,0,0,0,0,0,0,0,0,0,0,0,0,0,0,0,0,0,0,0,0,0,0,0,0,0,0,0,0,0,0,0,0,0,0,0,0,0,0,0,0,0,0,0,0,0,0,0,0,0,0,0,0,0,0,0,0,0,0,0,0,0,0,0,0,0,0,0,0,0,0,0,0,0,0,0,0,0,0,0,0,0,0,0,0,0,0,0,0,0,1,0,0,0,0,0,0,0,0,0,0,0,0,0,0,0,0,17,8,5,2,3,4,4,3,4,4,2,1,3,1,0,2,4,3,1,1,0,1,0,1,2,1,1,1,0,2,0,1,1,1,0,0,0,0,1,0,0,0,1,0,0,0,1,0,0,1,1,0,0,1,1,0,0,0,0,0,0,0,0,0,0,0,0,0,0,0,0,0,0,0,0,0,0,0,0,0,1,0,0,0,0,0,0,0,0,0,0,0,0,0,0,0,0,0,0,0,0,0,0,0,0,0,0,0,0,0,0,0,0,0,0,0,0,0,0,0,0,0,0,0,0,0,0,0,0,0,0,0,0,0,0,0,0,0,0,0,0,0,0,0,0,0,0,0,0,0,0,0,0,0,0,0,0,0,0,0,0,0,0,0,0,0,0,0,0,0,0,0,0,0,0,0,0,0,0,0,0,0,0,0,0,0,0,0,0,0,0,0,0,0,0,0,0,0,0,0,0,0,0,0,0,0,0,0,0,93,0.0000000142,0.0000001015
minecraft:acacia_fence_gate,0,0,0,0,0,0,0,0,0,0,0,0,0,0,0,0,0,0,0,0,0,0,0,0,0,0,0,0,0,0,0,0,0,0,0,0,0,0,0,0,0,0,0,0,0,0,0,0,0,0,0,0,0,0,0,0,0,0,0,0,0,0,0,0,0,0,0,0,0,0,0,0,0,0,0,0,0,0,0,0,0,0,0,0,0,0,0,0,0,0,0,0,0,0,0,0,0,0,0,0,0,0,0,0,0,0,0,0,0,0,0,0,0,0,0,0,0,0,0,0,0,0,0,0,1,0,0,8,18,6,8,6,4,1,3,3,4,3,1,1,0,2,5,4,1,0,1,1,0,0,0,1,1,0,0,1,0,0,0,0,0,0,2,0,0,1,1,1,0,0,1,0,0,0,0,0,0,0,0,0,0,0,0,0,0,0,0,0,0,0,0,0,0,0,0,0,0,0,0,0,1,0,0,0,0,0,0,0,0,0,0,0,0,0,0,0,0,0,0,0,0,0,0,0,0,0,0,0,0,0,0,0,0,0,0,0,0,0,0,0,0,0,0,0,0,0,0,0,0,0,0,0,0,0,0,0,0,0,0,0,0,0,0,0,0,0,0,0,0,0,0,0,0,0,0,0,0,0,0,0,0,0,0,0,0,0,0,0,0,0,0,0,0,0,0,0,0,0,0,0,0,0,0,0,0,0,0,0,0,0,0,0,0,0,0,0,0,0,0,0,0,0,0,0,0,0,0,0,0,0,0,0,0,0,0,0,91,0.0000000139,0.0000000993
minecraft:potted_allium,0,0,0,0,0,0,0,0,0,0,0,0,0,0,0,0,0,0,0,0,0,0,0,0,0,0,0,0,0,0,0,0,0,0,0,0,0,0,0,0,0,0,0,0,0,0,0,0,0,0,0,0,0,0,0,0,0,0,0,0,0,0,0,0,0,0,0,0,0,0,0,0,0,0,0,0,0,0,0,0,0,0,0,0,0,0,0,0,0,0,0,0,0,0,0,0,0,0,0,0,0,0,0,0,0,0,0,0,0,0,0,0,0,0,0,0,0,0,0,0,0,0,0,0,0,0,0,0,4,4,0,0,0,2,0,0,24,7,0,0,1,5,0,6,0,8,0,9,5,0,0,0,0,0,0,0,3,0,0,0,0,0,0,0,0,0,0,0,0,0,0,0,0,0,0,0,0,0,0,0,0,0,0,0,0,0,0,0,0,0,0,4,0,0,0,0,0,0,0,5,0,0,0,0,0,0,0,0,0,0,0,0,0,0,0,0,0,0,0,0,0,0,0,0,0,0,0,0,0,0,0,0,0,0,0,0,0,0,0,0,0,0,0,0,0,0,0,0,0,0,0,0,0,0,0,0,0,0,0,0,0,0,0,0,0,0,0,0,0,0,0,0,0,0,0,0,0,0,0,0,0,0,0,0,0,0,0,0,0,0,0,0,0,0,0,0,0,0,0,0,0,0,0,0,0,0,0,0,0,0,0,0,0,0,0,0,0,0,0,0,0,0,0,0,0,0,0,0,0,0,0,0,0,0,0,0,87,0.0000000133,0.0000000949
minecraft:potted_dandelion,0,0,0,0,0,0,0,0,0,0,0,0,0,0,0,0,0,0,0,0,0,0,0,0,0,0,0,0,0,0,0,0,0,0,0,0,0,0,0,0,0,0,0,0,0,0,0,0,0,0,0,0,0,0,0,0,0,0,0,0,0,0,0,0,0,0,0,0,0,0,0,0,0,0,0,0,0,0,0,0,0,0,0,0,0,0,0,0,0,0,0,0,0,0,0,0,0,0,0,0,0,0,0,0,0,0,0,0,0,0,0,0,0,0,0,0,0,0,0,0,0,0,0,0,0,0,0,0,13,5,2,0,1,4,1,2,5,5,2,0,4,1,0,5,2,3,1,5,0,1,0,3,3,0,0,1,1,1,0,2,1,0,1,0,0,1,1,0,0,0,1,0,0,0,1,0,0,1,0,0,0,1,1,0,0,1,0,0,0,0,0,0,0,0,0,0,1,0,0,1,0,0,0,0,0,0,0,0,0,0,0,0,0,0,0,0,0,0,0,0,0,0,0,0,0,0,0,0,0,0,0,0,0,0,0,0,0,0,0,0,0,0,0,0,0,0,0,0,0,0,0,0,0,0,0,0,0,0,0,0,0,0,0,0,0,0,0,0,0,0,0,0,0,0,0,0,0,0,0,0,0,0,0,0,0,0,0,0,0,0,0,0,0,0,0,0,0,0,0,0,0,0,0,0,0,0,0,0,0,0,0,0,0,0,0,0,0,0,0,0,0,0,0,0,0,0,0,0,0,0,0,0,0,0,0,0,85,0.0000000129,0.0000000927
minecraft:attached_pumpkin_stem,0,0,0,0,0,0,0,0,0,0,0,0,0,0,0,0,0,0,0,0,0,0,0,0,0,0,0,0,0,0,0,0,0,0,0,0,0,0,0,0,0,0,0,0,0,0,0,0,0,0,0,0,0,0,0,0,0,0,0,0,0,0,0,0,0,0,0,0,0,0,0,0,0,0,0,0,0,0,0,0,0,0,0,0,0,0,0,0,0,0,0,0,0,0,0,0,0,0,0,0,0,0,0,0,0,0,0,0,0,0,0,0,0,0,0,0,0,0,0,0,0,0,0,0,0,0,0,0,16,16,0,0,0,0,0,16,0,32,0,0,0,0,0,0,0,0,0,0,0,0,0,0,0,0,0,0,0,0,0,0,0,0,0,0,0,0,0,0,0,0,0,0,0,0,0,0,0,0,0,0,0,0,0,0,0,0,0,0,0,0,0,0,0,0,0,0,0,0,0,0,0,0,0,0,0,0,0,0,0,0,0,0,0,0,0,0,0,0,0,0,0,0,0,0,0,0,0,0,0,0,0,0,0,0,0,0,0,0,0,0,0,0,0,0,0,0,0,0,0,0,0,0,0,0,0,0,0,0,0,0,0,0,0,0,0,0,0,0,0,0,0,0,0,0,0,0,0,0,0,0,0,0,0,0,0,0,0,0,0,0,0,0,0,0,0,0,0,0,0,0,0,0,0,0,0,0,0,0,0,0,0,0,0,0,0,0,0,0,0,0,0,0,0,0,0,0,0,0,0,0,0,0,0,0,0,0,80,0.0000000122,0.0000000873
minecraft:iron_trapdoor,0,0,0,0,0,0,0,0,0,0,0,0,0,0,0,0,0,80,0,0,0,0,0,0,0,0,0,0,0,0,0,0,0,0,0,0,0,0,0,0,0,0,0,0,0,0,0,0,0,0,0,0,0,0,0,0,0,0,0,0,0,0,0,0,0,0,0,0,0,0,0,0,0,0,0,0,0,0,0,0,0,0,0,0,0,0,0,0,0,0,0,0,0,0,0,0,0,0,0,0,0,0,0,0,0,0,0,0,0,0,0,0,0,0,0,0,0,0,0,0,0,0,0,0,0,0,0,0,0,0,0,0,0,0,0,0,0,0,0,0,0,0,0,0,0,0,0,0,0,0,0,0,0,0,0,0,0,0,0,0,0,0,0,0,0,0,0,0,0,0,0,0,0,0,0,0,0,0,0,0,0,0,0,0,0,0,0,0,0,0,0,0,0,0,0,0,0,0,0,0,0,0,0,0,0,0,0,0,0,0,0,0,0,0,0,0,0,0,0,0,0,0,0,0,0,0,0,0,0,0,0,0,0,0,0,0,0,0,0,0,0,0,0,0,0,0,0,0,0,0,0,0,0,0,0,0,0,0,0,0,0,0,0,0,0,0,0,0,0,0,0,0,0,0,0,0,0,0,0,0,0,0,0,0,0,0,0,0,0,0,0,0,0,0,0,0,0,0,0,0,0,0,0,0,0,0,0,0,0,0,0,0,0,0,0,0,0,0,0,0,0,0,0,0,0,0,0,0,0,0,0,0,0,0,0,0,80,0.0000000122,0.0000000873
minecraft:attached_melon_stem,0,0,0,0,0,0,0,0,0,0,0,0,0,0,0,0,0,0,0,0,0,0,0,0,0,0,0,0,0,0,0,0,0,0,0,0,0,0,0,0,0,0,0,0,0,0,0,0,0,0,0,0,0,0,0,0,0,0,0,0,0,0,0,0,0,0,0,0,0,0,0,0,0,0,0,0,0,0,0,0,0,0,0,0,0,0,0,0,0,0,0,0,0,0,0,0,0,0,0,0,0,0,0,0,0,0,0,0,0,0,0,0,0,0,0,0,0,0,0,0,0,0,0,0,0,0,0,0,0,0,0,0,16,16,0,0,0,0,0,16,0,32,0,0,0,0,0,0,0,0,0,0,0,0,0,0,0,0,0,0,0,0,0,0,0,0,0,0,0,0,0,0,0,0,0,0,0,0,0,0,0,0,0,0,0,0,0,0,0,0,0,0,0,0,0,0,0,0,0,0,0,0,0,0,0,0,0,0,0,0,0,0,0,0,0,0,0,0,0,0,0,0,0,0,0,0,0,0,0,0,0,0,0,0,0,0,0,0,0,0,0,0,0,0,0,0,0,0,0,0,0,0,0,0,0,0,0,0,0,0,0,0,0,0,0,0,0,0,0,0,0,0,0,0,0,0,0,0,0,0,0,0,0,0,0,0,0,0,0,0,0,0,0,0,0,0,0,0,0,0,0,0,0,0,0,0,0,0,0,0,0,0,0,0,0,0,0,0,0,0,0,0,0,0,0,0,0,0,0,0,0,0,0,0,0,0,80,0.0000000122,0.0000000873
minecraft:cobbled_deepslate_slab,0,0,0,0,0,0,0,0,0,0,0,0,0,0,0,67,0,0,0,0,0,0,0,0,0,0,0,0,0,0,0,0,0,0,0,0,0,0,0,0,0,0,0,0,0,0,0,0,0,0,0,0,0,0,0,0,0,0,0,0,0,0,0,0,0,0,0,0,0,0,0,0,0,0,0,0,0,0,0,0,0,0,0,0,0,0,0,0,0,0,0,0,0,0,0,0,0,0,0,0,0,0,0,0,0,0,0,0,0,0,0,0,0,0,0,0,0,0,0,0,0,0,0,0,0,0,0,0,0,0,0,0,0,0,0,0,0,0,0,0,0,0,0,0,0,0,0,0,0,0,0,0,0,0,0,0,0,0,0,0,0,0,0,0,0,0,0,0,0,0,0,0,0,0,0,0,0,0,0,0,0,0,0,0,0,0,0,0,0,0,0,0,0,0,0,0,0,0,0,0,0,0,0,0,0,0,0,0,0,0,0,0,0,0,0,0,0,0,0,0,0,0,0,0,0,0,0,0,0,0,0,0,0,0,0,0,0,0,0,0,0,0,0,0,0,0,0,0,0,0,0,0,0,0,0,0,0,0,0,0,0,0,0,0,0,0,0,0,0,0,0,0,0,0,0,0,0,0,0,0,0,0,0,0,0,0,0,0,0,0,0,0,0,0,0,0,0,0,0,0,0,0,0,0,0,0,0,0,0,0,0,0,0,0,0,0,0,0,0,0,0,0,0,0,0,0,0,0,0,0,0,0,0,0,0,0,67,0.0000000102,0.0000000731
minecraft:jack_o_lantern,0,0,0,0,0,0,0,0,0,0,0,0,0,0,0,0,0,0,0,0,0,0,0,0,0,0,0,0,0,0,0,0,0,0,0,0,0,0,0,0,0,0,0,0,0,0,0,0,0,0,0,0,0,0,0,0,0,0,0,0,0,0,0,0,0,0,0,0,0,0,0,0,0,0,0,0,0,0,0,0,0,0,0,0,0,0,0,0,0,0,0,0,0,0,0,0,0,0,0,0,0,0,0,0,0,0,0,0,0,0,0,0,0,0,0,0,0,0,0,0,0,0,0,0,0,1,3,2,4,2,2,5,2,8,3,3,4,1,3,2,0,0,3,1,0,0,0,0,0,0,0,0,1,1,0,0,0,1,1,0,1,0,0,0,0,0,1,0,1,1,0,0,0,0,0,0,0,0,0,0,0,0,0,0,0,0,0,0,0,0,0,0,0,0,0,0,0,0,0,0,0,0,0,0,0,0,0,0,0,0,0,0,0,0,0,0,0,0,0,0,0,0,0,0,0,0,0,0,0,0,0,0,0,0,0,0,0,0,0,0,0,0,0,0,0,0,0,0,0,0,0,0,0,0,0,0,0,0,0,0,0,0,0,0,0,0,0,0,0,0,0,0,0,0,0,0,0,0,0,0,0,0,0,0,0,0,0,0,0,0,0,0,0,0,0,0,0,0,0,0,0,0,0,0,0,0,0,0,0,0,0,0,0,0,0,0,0,0,0,0,0,0,0,0,0,0,0,0,0,0,0,0,0,0,0,0,57,0.0000000087,0.0000000622
minecraft:spruce_wall_sign,0,0,0,0,0,0,0,0,0,0,0,0,0,0,0,0,0,0,0,0,0,0,0,0,0,0,0,0,0,0,0,0,0,0,0,0,0,0,0,0,0,0,0,0,0,0,0,0,0,0,0,0,0,0,0,0,0,0,0,0,0,0,0,0,0,0,0,0,0,0,0,0,0,0,0,0,0,0,0,0,0,0,0,0,0,0,0,0,0,0,0,0,0,0,0,0,0,0,0,0,0,0,0,0,0,0,0,0,0,0,0,0,0,0,0,0,0,0,0,0,0,0,0,0,0,0,0,0,16,4,2,2,0,2,6,2,4,4,0,4,0,2,0,0,0,0,0,0,0,0,0,0,0,0,2,0,0,0,0,2,0,0,0,2,0,0,0,0,0,0,0,0,0,0,0,0,0,0,0,0,0,0,0,0,0,0,2,0,0,0,0,0,0,0,0,0,0,0,0,0,0,0,0,0,0,0,0,0,0,0,0,0,0,0,0,0,0,0,0,0,0,0,0,0,0,0,0,0,0,0,0,0,0,0,0,0,0,0,0,0,0,0,0,0,0,0,0,0,0,0,0,0,0,0,0,0,0,0,0,0,0,0,0,0,0,0,0,0,0,0,0,0,0,0,0,0,0,0,0,0,0,0,0,0,0,0,0,0,0,0,0,0,0,0,0,0,0,0,0,0,0,0,0,0,0,0,0,0,0,0,0,0,0,0,0,0,0,0,0,0,0,0,0,0,0,0,0,0,0,0,0,0,0,0,0,0,56,0.0000000085,0.0000000611
minecraft:cyan_glazed_terracotta,0,0,0,0,0,0,0,0,0,0,0,0,0,0,0,0,0,0,0,0,0,0,0,0,0,0,0,0,0,0,0,0,0,0,0,0,0,0,0,0,0,0,0,0,0,0,0,0,0,0,0,0,0,0,0,0,0,0,0,0,0,0,0,0,0,0,0,0,0,0,0,0,0,0,0,0,0,0,0,0,0,0,0,0,0,0,0,0,0,0,0,0,0,0,0,0,0,0,0,0,0,0,0,0,0,0,0,0,0,0,1,1,1,4,1,1,5,3,2,3,5,3,0,1,0,0,3,3,1,1,2,1,1,0,1,0,0,2,2,3,0,1,0,0,0,0,0,0,0,0,0,0,2,0,0,0,0,0,0,1,0,0,0,0,0,1,0,0,0,0,0,0,0,0,0,0,0,0,0,0,0,0,0,0,0,0,0,0,0,0,0,0,0,0,0,0,0,0,0,0,0,0,0,0,0,0,0,0,0,0,0,0,0,0,0,0,0,0,0,0,0,0,0,0,0,0,0,0,0,0,0,0,0,0,0,0,0,0,0,0,0,0,0,0,0,0,0,0,0,0,0,0,0,0,0,0,0,0,0,0,0,0,0,0,0,0,0,0,0,0,0,0,0,0,0,0,0,0,0,0,0,0,0,0,0,0,0,0,0,0,0,0,0,0,0,0,0,0,0,0,0,0,0,0,0,0,0,0,0,0,0,0,0,0,0,0,0,0,0,0,0,0,0,0,0,0,0,0,0,0,0,0,0,0,0,0,56,0.0000000085,0.0000000611
minecraft:potted_red_mushroom,0,0,0,0,0,0,0,0,0,0,0,0,0,0,0,0,0,0,0,0,0,0,0,0,0,0,0,0,0,0,0,0,0,0,0,0,0,0,0,0,0,0,0,0,0,0,0,0,0,0,0,0,0,0,0,0,0,0,0,0,0,0,0,0,0,0,0,0,0,0,0,0,0,0,0,0,0,0,0,0,0,0,0,0,0,0,0,0,0,0,0,0,0,0,0,0,0,0,0,0,0,0,0,0,0,0,0,0,0,0,0,0,0,0,0,0,0,0,0,0,0,0,0,0,0,0,0,0,0,0,27,10,3,0,2,6,2,1,2,0,0,0,0,0,0,1,0,0,0,0,0,0,0,0,0,0,0,0,0,0,0,0,0,0,0,0,0,0,0,0,0,0,0,0,0,0,0,0,0,0,0,0,0,0,0,0,0,0,0,0,0,0,0,0,0,0,0,0,0,0,0,0,0,0,0,0,0,0,0,0,0,0,0,0,0,0,0,0,0,0,0,0,0,0,0,0,0,0,0,0,0,0,0,0,0,0,0,0,0,0,0,0,0,0,0,0,0,0,0,0,0,0,0,0,0,0,0,0,0,0,0,0,0,0,0,0,0,0,0,0,0,0,0,0,0,0,0,0,0,0,0,0,0,0,0,0,0,0,0,0,0,0,0,0,0,0,0,0,0,0,0,0,0,0,0,0,0,0,0,0,0,0,0,0,0,0,0,0,0,0,0,0,0,0,0,0,0,0,0,0,0,0,0,0,0,0,54,0.0000000082,0.0000000589
minecraft:potted_white_tulip,0,0,0,0,0,0,0,0,0,0,0,0,0,0,0,0,0,0,0,0,0,0,0,0,0,0,0,0,0,0,0,0,0,0,0,0,0,0,0,0,0,0,0,0,0,0,0,0,0,0,0,0,0,0,0,0,0,0,0,0,0,0,0,0,0,0,0,0,0,0,0,0,0,0,0,0,0,0,0,0,0,0,0,0,0,0,0,0,0,0,0,0,0,0,0,0,0,0,0,0,0,0,0,0,0,0,0,0,0,0,0,0,0,0,0,0,0,0,0,0,0,0,0,0,0,0,0,0,0,1,0,0,1,3,0,0,10,12,0,0,10,5,0,0,0,10,0,0,0,0,0,0,0,0,0,0,0,0,0,0,0,0,0,0,0,0,0,0,0,0,0,0,0,0,0,0,0,0,0,0,0,0,0,0,0,0,0,0,0,0,0,2,0,0,0,0,0,0,0,0,0,0,0,0,0,0,0,0,0,0,0,0,0,0,0,0,0,0,0,0,0,0,0,0,0,0,0,0,0,0,0,0,0,0,0,0,0,0,0,0,0,0,0,0,0,0,0,0,0,0,0,0,0,0,0,0,0,0,0,0,0,0,0,0,0,0,0,0,0,0,0,0,0,0,0,0,0,0,0,0,0,0,0,0,0,0,0,0,0,0,0,0,0,0,0,0,0,0,0,0,0,0,0,0,0,0,0,0,0,0,0,0,0,0,0,0,0,0,0,0,0,0,0,0,0,0,0,0,0,0,0,0,0,0,0,0,54,0.0000000082,0.0000000589
minecraft:orange_stained_glass_pane,0,0,0,0,0,0,0,0,0,0,0,0,0,0,0,0,0,0,0,0,0,0,0,0,0,0,0,0,0,0,0,0,0,0,0,0,0,0,0,0,0,0,0,0,0,0,0,0,0,0,0,0,0,0,0,0,0,0,0,0,0,0,0,0,0,0,0,0,0,0,0,0,0,0,0,0,0,0,0,0,0,0,0,0,0,0,0,0,0,0,0,0,0,0,0,0,0,0,0,0,0,0,0,0,0,0,0,0,0,0,0,0,0,0,0,0,0,0,0,0,0,0,0,0,0,0,0,0,12,8,0,4,0,0,8,4,0,0,0,0,0,0,8,0,0,0,0,0,0,0,0,0,4,0,0,0,0,0,0,0,0,0,0,0,0,0,0,4,0,0,0,0,0,0,0,0,0,0,0,0,0,0,0,0,0,0,0,0,0,0,0,0,0,0,0,0,0,0,0,0,0,0,0,0,0,0,0,0,0,0,0,0,0,0,0,0,0,0,0,0,0,0,0,0,0,0,0,0,0,0,0,0,0,0,0,0,0,0,0,0,0,0,0,0,0,0,0,0,0,0,0,0,0,0,0,0,0,0,0,0,0,0,0,0,0,0,0,0,0,0,0,0,0,0,0,0,0,0,0,0,0,0,0,0,0,0,0,0,0,0,0,0,0,0,0,0,0,0,0,0,0,0,0,0,0,0,0,0,0,0,0,0,0,0,0,0,0,0,0,0,0,0,0,0,0,0,0,0,0,0,0,0,0,0,0,0,52,0.0000000079,0.0000000567
minecraft:oak_wall_sign,0,0,0,0,0,0,0,0,0,0,0,0,0,0,0,0,0,0,0,0,0,0,0,0,0,0,0,0,0,0,0,0,0,0,0,0,0,0,0,0,0,0,0,0,0,0,0,0,0,0,0,0,0,0,0,0,0,0,0,0,0,0,0,0,0,0,0,0,0,0,0,0,0,0,0,0,0,0,0,0,0,0,0,0,0,0,0,0,0,0,0,0,4,0,0,1,0,1,0,3,1,1,2,0,1,0,0,3,0,0,1,0,1,5,4,2,3,0,0,0,0,1,0,1,1,0,1,0,2,1,0,0,0,0,0,0,0,0,0,0,0,0,1,1,0,2,1,0,0,2,0,0,0,0,0,0,0,0,0,0,0,0,0,0,0,1,0,0,0,0,0,0,0,2,0,0,0,0,0,0,0,1,0,0,0,0,0,0,0,0,0,0,0,0,0,0,0,0,0,0,0,0,0,0,0,0,0,0,0,0,0,1,0,0,0,0,0,0,0,0,0,0,0,0,0,0,0,0,0,0,0,0,0,0,0,0,0,0,0,0,0,0,0,0,0,0,0,0,0,0,0,0,0,0,0,0,0,0,0,0,0,0,0,0,0,0,0,0,0,0,0,0,0,0,0,0,0,0,0,0,0,0,0,0,0,0,0,0,0,0,0,0,0,0,0,0,0,0,0,0,0,0,0,0,0,0,0,0,0,0,0,0,0,0,0,0,0,0,0,0,0,0,0,0,0,0,0,0,0,0,0,0,0,0,0,0,52,0.0000000079,0.0000000567
minecraft:infested_mossy_stone_bricks,0,0,0,0,0,0,0,0,0,0,0,0,0,0,0,0,0,0,0,0,0,0,0,0,0,0,0,0,0,0,0,0,0,0,0,0,0,0,0,0,0,0,0,0,0,0,0,0,0,0,0,0,0,0,0,0,0,0,0,0,0,0,0,0,0,0,0,0,0,0,0,0,0,0,0,0,0,0,0,0,0,0,0,0,0,0,0,0,0,0,0,4,0,0,1,0,1,0,3,1,1,2,0,1,0,0,3,0,0,1,0,1,5,4,2,3,0,0,0,0,1,0,1,1,0,1,0,2,1,0,0,0,0,0,0,0,0,0,0,0,0,1,1,0,2,1,0,0,2,0,0,0,0,0,0,0,0,0,0,0,0,0,0,0,1,0,0,0,0,0,0,0,2,0,0,0,0,0,0,0,1,0,0,0,0,0,0,0,0,0,0,0,0,0,0,0,0,0,0,0,0,0,0,0,0,0,0,0,0,0,1,0,0,0,0,0,0,0,0,0,0,0,0,0,0,0,0,0,0,0,0,0,0,0,0,0,0,0,0,0,0,0,0,0,0,0,0,0,0,0,0,0,0,0,0,0,0,0,0,0,0,0,0,0,0,0,0,0,0,0,0,0,0,0,0,0,0,0,0,0,0,0,0,0,0,0,0,0,0,0,0,0,0,0,0,0,0,0,0,0,0,0,0,0,0,0,0,0,0,0,0,0,0,0,0,0,0,0,0,0,0,0,0,0,0,0,0,0,0,0,0,0,0,0,0,0,52,0.0000000079,0.0000000567
minecraft:pink_carpet,0,0,0,0,0,0,0,0,0,0,0,0,0,0,0,0,0,0,0,0,0,0,0,0,0,0,0,0,0,0,0,0,0,0,0,0,0,0,0,0,0,0,0,0,0,0,0,0,0,0,0,0,0,0,0,0,0,0,0,0,0,0,0,0,0,0,0,0,0,0,0,0,0,0,0,0,0,0,0,0,0,0,0,0,0,0,0,0,0,0,0,0,0,0,0,0,0,0,0,0,0,0,0,0,0,0,0,0,0,0,0,0,0,0,0,0,0,0,0,0,0,0,0,0,0,0,0,0,0,0,0,0,0,0,0,0,21,1,0,0,0,0,0,0,0,8,0,8,0,0,0,0,1,0,2,0,8,0,0,0,0,0,0,0,0,0,0,0,0,0,0,0,0,0,0,0,0,0,0,0,0,0,0,0,0,0,0,0,0,0,0,0,0,0,0,0,0,0,0,1,0,0,0,0,0,0,0,0,0,0,0,0,0,0,0,0,0,0,0,0,0,0,0,0,0,0,0,0,0,0,0,0,0,0,0,0,0,0,0,0,0,0,0,0,0,0,0,0,0,0,0,0,0,0,0,0,0,0,0,0,0,0,0,0,0,0,0,0,0,0,0,0,0,0,0,0,0,0,0,0,0,0,0,0,0,0,0,0,0,0,0,0,0,0,0,0,0,0,0,0,0,0,0,0,0,0,0,0,0,0,0,0,0,0,0,0,0,0,0,0,0,0,0,0,0,0,0,0,0,0,0,0,0,0,0,0,50,0.0000000076,0.0000000546
minecraft:potted_red_tulip,0,0,0,0,0,0,0,0,0,0,0,0,0,0,0,0,0,0,0,0,0,0,0,0,0,0,0,0,0,0,0,0,0,0,0,0,0,0,0,0,0,0,0,0,0,0,0,0,0,0,0,0,0,0,0,0,0,0,0,0,0,0,0,0,0,0,0,0,0,0,0,0,0,0,0,0,0,0,0,0,0,0,0,0,0,0,0,0,0,0,0,0,0,0,0,0,0,0,0,0,0,0,0,0,0,0,0,0,0,0,0,0,0,0,0,0,0,0,0,0,0,0,0,0,0,0,0,0,2,1,0,0,0,2,1,2,4,10,4,0,1,1,1,2,0,1,0,5,0,0,0,2,1,2,0,0,1,0,0,0,0,0,1,0,0,0,0,0,0,0,0,0,0,0,0,0,0,0,0,0,0,0,0,0,0,0,0,0,0,0,0,2,1,0,0,0,0,0,0,1,0,0,0,0,0,0,0,0,0,0,0,0,0,0,0,0,0,0,0,0,0,0,0,0,0,0,0,0,0,0,0,0,0,0,0,0,0,0,0,0,0,0,0,0,0,0,0,0,0,0,0,0,0,0,0,0,0,0,0,0,0,0,0,0,0,0,0,0,0,0,0,0,0,0,0,0,0,0,0,0,0,0,0,0,0,0,0,0,0,0,0,0,0,0,0,0,0,0,0,0,0,0,0,0,0,0,0,0,0,0,0,0,0,0,0,0,0,0,0,0,0,0,0,0,0,0,0,0,0,0,0,0,0,0,0,0,48,0.0000000073,0.0000000524
minecraft:spruce_fence_gate,0,0,0,0,0,0,0,0,0,0,0,0,0,0,0,0,0,0,0,0,0,0,0,0,0,0,0,0,0,0,0,0,0,0,0,0,0,0,0,0,0,0,0,0,0,0,0,0,0,0,0,0,0,0,0,0,0,0,0,0,0,0,0,0,0,0,0,0,0,0,0,0,0,0,0,0,0,0,0,0,0,0,0,0,0,0,0,0,0,0,0,0,0,0,0,0,0,0,0,0,0,0,0,0,0,0,0,0,0,0,0,0,0,0,0,0,0,0,0,0,0,0,0,0,0,0,0,4,7,2,4,2,1,4,2,3,4,2,0,0,0,0,2,1,0,0,1,0,1,0,0,0,0,1,0,1,0,1,0,0,0,0,0,0,0,1,1,0,0,1,0,0,0,0,1,0,0,1,0,0,0,0,0,0,0,0,0,0,0,0,0,0,0,0,0,0,0,0,0,0,0,0,0,0,0,0,0,0,0,0,0,0,0,0,0,0,0,0,0,0,0,0,0,0,0,0,0,0,0,0,0,0,0,0,0,0,0,0,0,0,0,0,0,0,0,0,0,0,0,0,0,0,0,0,0,0,0,0,0,0,0,0,0,0,0,0,0,0,0,0,0,0,0,0,0,0,0,0,0,0,0,0,0,0,0,0,0,0,0,0,0,0,0,0,0,0,0,0,0,0,0,0,0,0,0,0,0,0,0,0,0,0,0,0,0,0,0,0,0,0,0,0,0,0,0,0,0,0,0,0,0,0,0,0,0,0,48,0.0000000073,0.0000000524
minecraft:orange_wool,0,0,0,0,0,0,0,0,0,0,0,0,0,0,0,0,0,0,0,0,0,0,0,0,0,0,0,0,0,0,0,0,0,0,0,0,0,0,0,0,0,0,0,0,0,0,0,0,0,0,0,0,0,0,0,0,0,0,0,0,0,0,0,0,0,0,0,0,0,0,0,0,0,0,0,0,0,0,0,0,0,0,0,0,0,0,0,0,0,0,0,0,0,0,0,0,0,0,0,0,0,0,0,0,0,0,0,0,0,0,0,0,0,0,0,0,0,0,0,0,0,0,0,0,0,0,0,0,0,0,0,0,0,0,0,4,2,2,0,0,3,0,0,0,0,0,4,2,2,0,0,7,2,2,0,4,5,2,0,0,3,0,0,0,0,0,0,0,0,0,0,0,0,0,0,0,0,0,0,0,0,0,0,0,0,0,0,0,0,0,0,0,0,0,0,0,0,0,0,0,0,0,0,0,0,0,0,0,0,0,0,0,0,0,0,0,0,0,0,0,0,0,0,0,0,0,0,0,0,0,0,0,0,0,0,0,0,0,0,0,0,0,0,0,0,0,0,0,0,0,0,0,0,0,0,0,0,0,0,0,0,0,0,0,0,0,0,0,0,0,0,0,0,0,0,0,0,0,0,0,0,0,0,0,0,0,0,0,0,0,0,0,0,0,0,0,0,0,0,0,0,0,0,0,0,0,0,0,0,0,0,0,0,0,0,0,0,0,0,0,0,0,0,0,0,0,0,0,0,0,0,0,0,0,0,0,44,0.0000000067,0.000000048
minecraft:orange_carpet,0,0,0,0,0,0,0,0,0,0,0,0,0,0,0,0,0,0,0,0,0,0,0,0,0,0,0,0,0,0,0,0,0,0,0,0,0,0,0,0,0,0,0,0,0,0,0,0,0,0,0,0,0,0,0,0,0,0,0,0,0,0,0,0,0,0,0,0,0,0,0,0,0,0,0,0,0,0,0,0,0,0,0,0,0,0,0,0,0,0,0,0,0,0,0,0,0,0,0,0,0,0,0,0,0,0,0,0,0,0,0,0,0,0,0,0,0,0,0,0,0,0,0,0,0,0,0,0,0,12,2,0,2,0,0,2,4,0,2,0,2,0,2,0,0,2,0,0,2,0,0,0,0,2,0,2,2,0,0,2,0,0,0,0,0,0,0,0,0,0,0,0,0,0,0,0,0,2,0,0,0,0,0,0,0,0,0,0,0,0,0,0,0,0,0,0,0,0,0,0,0,0,0,0,0,0,0,0,0,0,0,0,0,0,0,0,0,0,0,0,0,0,0,0,0,0,0,0,0,0,0,0,0,0,0,0,0,0,0,0,0,0,0,0,0,0,0,0,0,0,0,0,0,0,0,0,0,0,0,0,0,0,0,0,0,0,0,0,0,0,0,0,0,0,0,0,0,0,0,0,0,0,0,0,0,0,0,0,0,0,0,0,0,0,0,0,0,0,0,0,0,0,0,0,0,0,0,0,0,0,0,0,0,0,0,0,0,0,0,0,0,0,0,0,0,0,0,0,0,0,0,0,0,0,0,0,42,0.0000000064,0.0000000458
minecraft:acacia_sapling,0,0,0,0,0,0,0,0,0,0,0,0,0,0,0,0,0,0,0,0,0,0,0,0,0,0,0,0,0,0,0,0,0,0,0,0,0,0,0,0,0,0,0,0,0,0,0,0,0,0,0,0,0,0,0,0,0,0,0,0,0,0,0,0,0,0,0,0,0,0,0,0,0,0,0,0,0,0,0,0,0,0,0,0,0,0,0,0,0,0,0,0,0,0,0,0,0,0,0,0,0,0,0,0,0,0,0,0,0,0,0,0,0,0,0,0,0,0,0,0,0,0,0,0,0,0,0,0,11,2,0,2,0,0,2,4,0,2,0,2,0,2,0,0,2,0,0,2,0,0,0,0,2,0,2,2,0,0,2,0,0,0,0,0,0,0,0,0,0,0,0,0,0,0,0,0,2,0,0,0,0,0,0,0,0,0,0,0,0,0,0,0,0,0,0,0,0,0,0,0,0,0,0,0,0,0,0,0,0,0,0,0,0,0,0,0,0,0,0,0,0,0,0,0,0,0,0,0,0,0,0,0,0,0,0,0,0,0,0,0,0,0,0,0,0,0,0,0,0,0,0,0,0,0,0,0,0,0,0,0,0,0,0,0,0,0,0,0,0,0,0,0,0,0,0,0,0,0,0,0,0,0,0,0,0,0,0,0,0,0,0,0,0,0,0,0,0,0,0,0,0,0,0,0,0,0,0,0,0,0,0,0,0,0,0,0,0,0,0,0,0,0,0,0,0,0,0,0,0,0,0,0,0,0,0,0,41,0.0000000062,0.0000000447
minecraft:diorite_slab,0,0,0,0,0,0,0,0,0,0,0,0,0,0,0,0,0,0,0,0,0,0,0,0,0,0,0,0,0,0,0,0,0,0,0,0,0,0,0,0,0,0,0,0,0,0,0,0,0,0,0,0,0,0,0,0,0,0,0,0,0,0,0,0,0,0,0,0,0,0,0,0,0,0,0,0,0,0,0,0,0,0,0,0,0,0,0,0,0,0,0,0,0,0,0,0,0,0,0,0,0,0,0,0,0,0,0,0,0,0,0,0,0,0,0,0,0,0,0,0,0,0,0,0,0,0,0,0,0,0,0,2,2,2,4,6,4,1,5,1,0,1,0,0,1,1,1,0,2,1,1,0,1,0,0,0,0,0,0,0,0,0,0,0,0,0,0,0,0,0,0,0,0,0,0,0,0,0,0,0,0,0,0,0,0,0,0,1,1,1,0,1,0,0,0,0,0,0,0,0,0,0,0,0,0,0,0,0,0,0,0,0,0,0,0,0,0,0,0,0,0,0,0,0,0,0,0,0,0,0,0,0,0,0,0,0,0,0,0,0,0,0,0,0,0,0,0,0,0,0,0,0,0,0,0,0,0,0,0,0,0,0,0,0,0,0,0,0,0,0,0,0,0,0,0,0,0,0,0,0,0,0,0,0,0,0,0,0,0,0,0,0,0,0,0,0,0,0,0,0,0,0,0,0,0,0,0,0,0,0,0,0,0,0,0,0,0,0,0,0,0,0,0,0,0,0,0,0,0,0,0,0,0,0,0,0,40,0.0000000061,0.0000000436
minecraft:potted_oxeye_daisy,0,0,0,0,0,0,0,0,0,0,0,0,0,0,0,0,0,0,0,0,0,0,0,0,0,0,0,0,0,0,0,0,0,0,0,0,0,0,0,0,0,0,0,0,0,0,0,0,0,0,0,0,0,0,0,0,0,0,0,0,0,0,0,0,0,0,0,0,0,0,0,0,0,0,0,0,0,0,0,0,0,0,0,0,0,0,0,0,0,0,0,0,0,0,0,0,0,0,0,0,0,0,0,0,0,0,0,0,0,0,0,0,0,0,0,0,0,0,0,0,0,0,0,0,0,0,0,0,2,2,0,0,0,1,0,0,3,3,0,0,1,1,0,2,0,3,0,8,1,0,0,3,3,0,2,0,1,0,0,0,0,0,0,0,0,0,0,0,0,0,0,0,0,0,0,0,0,0,0,0,0,0,0,0,0,0,0,0,0,0,0,2,0,0,0,0,0,0,0,2,0,0,0,0,0,0,0,0,0,0,0,0,0,0,0,0,0,0,0,0,0,0,0,0,0,0,0,0,0,0,0,0,0,0,0,0,0,0,0,0,0,0,0,0,0,0,0,0,0,0,0,0,0,0,0,0,0,0,0,0,0,0,0,0,0,0,0,0,0,0,0,0,0,0,0,0,0,0,0,0,0,0,0,0,0,0,0,0,0,0,0,0,0,0,0,0,0,0,0,0,0,0,0,0,0,0,0,0,0,0,0,0,0,0,0,0,0,0,0,0,0,0,0,0,0,0,0,0,0,0,0,0,0,0,0,0,40,0.0000000061,0.0000000436
minecraft:jungle_fence_gate,0,0,0,0,0,0,0,0,0,0,0,0,0,0,0,0,0,0,0,0,0,0,0,0,0,0,0,0,0,0,0,0,0,0,0,0,0,0,0,0,0,0,0,0,0,0,0,0,0,0,0,0,0,0,0,0,0,0,0,0,0,0,0,0,0,0,0,0,0,0,0,0,0,0,0,0,0,0,0,0,0,0,0,0,0,0,0,0,0,0,0,0,0,0,0,0,0,0,0,0,0,0,0,0,0,0,0,0,0,0,0,0,0,0,0,0,0,0,0,0,0,0,0,0,2,0,0,0,4,0,2,0,2,2,4,6,4,4,2,2,0,0,0,0,0,0,0,0,0,0,2,0,0,0,2,0,0,0,0,0,2,0,0,0,0,0,0,0,0,0,0,0,0,0,0,0,0,0,0,0,0,0,0,0,0,0,0,0,0,0,0,0,0,0,0,0,0,0,0,0,0,0,0,0,0,0,0,0,0,0,0,0,0,0,0,0,0,0,0,0,0,0,0,0,0,0,0,0,0,0,0,0,0,0,0,0,0,0,0,0,0,0,0,0,0,0,0,0,0,0,0,0,0,0,0,0,0,0,0,0,0,0,0,0,0,0,0,0,0,0,0,0,0,0,0,0,0,0,0,0,0,0,0,0,0,0,0,0,0,0,0,0,0,0,0,0,0,0,0,0,0,0,0,0,0,0,0,0,0,0,0,0,0,0,0,0,0,0,0,0,0,0,0,0,0,0,0,0,0,0,0,0,0,0,0,0,40,0.0000000061,0.0000000436
minecraft:lime_terracotta,0,0,0,0,0,0,0,0,0,0,0,0,0,0,0,0,0,0,0,0,0,0,0,0,0,0,0,0,0,0,0,0,0,0,0,0,0,0,0,0,0,0,0,0,0,0,0,0,0,0,0,0,0,0,0,0,0,0,0,0,0,0,0,0,0,0,0,0,0,0,0,0,0,0,0,0,0,0,0,0,0,0,0,0,0,0,0,0,0,0,0,0,0,0,0,0,0,0,0,0,0,0,0,0,0,0,0,0,0,0,0,0,0,0,0,0,0,0,0,0,0,0,0,0,0,0,0,4,4,5,2,0,0,0,2,3,1,2,3,3,1,0,2,1,0,0,0,0,0,0,0,2,1,0,0,0,2,1,0,0,0,0,0,0,0,0,0,0,0,0,0,0,0,0,0,0,0,0,0,0,0,0,0,0,0,0,0,0,0,0,0,0,0,0,0,0,0,0,0,0,0,0,0,0,0,0,0,0,0,0,0,0,0,0,0,0,0,0,0,0,0,0,0,0,0,0,0,0,0,0,0,0,0,0,0,0,0,0,0,0,0,0,0,0,0,0,0,0,0,0,0,0,0,0,0,0,0,0,0,0,0,0,0,0,0,0,0,0,0,0,0,0,0,0,0,0,0,0,0,0,0,0,0,0,0,0,0,0,0,0,0,0,0,0,0,0,0,0,0,0,0,0,0,0,0,0,0,0,0,0,0,0,0,0,0,0,0,0,0,0,0,0,0,0,0,0,0,0,0,0,0,0,0,0,0,0,39,0.0000000059,0.0000000426
minecraft:green_wool,0,0,0,0,0,0,0,0,0,0,0,0,0,0,0,0,0,0,0,0,0,0,0,0,0,0,0,0,0,0,0,0,0,0,0,0,0,0,0,0,0,0,0,0,0,0,0,0,0,0,0,0,0,0,0,0,0,0,0,0,0,0,0,0,0,0,0,0,0,0,0,0,0,0,0,0,0,0,0,0,0,0,0,0,0,0,0,0,0,0,0,0,0,0,0,0,0,0,0,0,0,0,0,0,0,0,0,0,0,0,0,0,0,0,0,0,0,0,0,0,0,0,0,0,0,0,0,0,0,4,8,0,0,2,2,0,2,0,0,0,0,0,0,0,0,0,0,0,6,2,0,0,2,2,0,2,0,2,0,0,0,0,0,0,0,0,0,0,0,0,0,0,0,0,0,0,0,0,0,0,0,0,0,0,0,0,0,0,0,0,0,0,2,0,0,0,0,0,0,0,0,0,0,0,0,0,0,0,0,0,0,2,0,0,0,0,0,0,0,0,0,0,0,0,0,0,0,0,0,0,0,0,0,0,0,0,0,0,0,0,0,0,0,0,0,0,0,0,0,0,0,0,0,0,0,0,0,0,0,0,0,0,0,0,0,0,0,0,0,0,0,0,0,0,0,0,0,0,0,0,0,0,0,0,0,0,0,0,0,0,0,0,0,0,0,0,0,0,0,0,0,0,0,0,0,0,0,0,0,0,0,0,0,0,0,0,0,0,0,0,0,0,0,0,0,0,0,0,0,0,0,0,0,0,0,0,38,0.0000000058,0.0000000415
minecraft:brown_stained_glass,0,0,0,0,0,0,0,0,0,0,0,0,0,0,0,0,0,0,0,0,0,0,0,0,0,0,0,0,0,0,0,0,0,0,0,0,0,0,0,0,0,0,0,0,0,0,0,0,0,0,0,0,0,0,0,0,0,0,0,0,0,0,0,0,0,0,0,0,0,0,0,0,0,0,0,0,0,0,0,0,0,0,0,0,0,0,0,0,0,0,0,0,0,0,0,0,0,0,0,0,0,0,0,0,0,0,0,0,0,0,0,0,0,0,0,0,0,0,0,11,1,1,3,5,0,3,2,1,1,1,0,0,0,1,1,0,1,0,0,0,0,0,0,2,0,1,1,0,1,0,0,0,0,0,0,0,0,0,0,0,0,0,0,0,0,0,1,0,0,0,0,0,0,0,0,0,0,0,0,0,0,0,0,0,0,0,0,0,0,0,0,0,0,0,0,0,0,0,0,0,0,0,0,0,0,0,0,0,0,0,0,0,0,0,0,0,0,0,0,0,0,0,0,0,0,0,0,0,0,0,0,0,0,0,0,0,0,0,0,0,0,0,0,0,0,0,0,0,0,0,0,0,0,0,0,0,0,0,0,0,0,0,0,0,0,0,0,0,0,0,0,0,0,0,0,0,0,0,0,0,0,0,0,0,0,0,0,0,0,0,0,0,0,0,0,0,0,0,0,0,0,0,0,0,0,0,0,0,0,0,0,0,0,0,0,0,0,0,0,0,0,0,0,0,0,0,0,0,0,0,0,0,0,0,0,0,38,0.0000000058,0.0000000415
minecraft:potted_spruce_sapling,0,0,0,0,0,0,0,0,0,0,0,0,0,0,0,0,0,0,0,0,0,0,0,0,0,0,0,0,0,0,0,0,0,0,0,0,0,0,0,0,0,0,0,0,0,0,0,0,0,0,0,0,0,0,0,0,0,0,0,0,0,0,0,0,0,0,0,0,0,0,0,0,0,0,0,0,0,0,0,0,0,0,0,0,0,0,0,0,0,0,0,0,0,0,0,0,0,0,0,0,0,0,0,0,0,0,0,0,0,0,0,0,0,0,0,0,0,0,0,0,0,0,1,0,0,0,0,0,10,3,0,2,0,0,6,1,4,2,0,2,0,0,0,0,0,0,0,0,0,0,0,0,0,0,0,1,0,1,0,0,0,0,0,0,0,0,0,0,1,0,0,0,0,0,0,0,0,0,1,0,0,0,0,0,0,0,0,0,0,0,0,0,0,0,0,0,0,0,0,0,0,0,0,0,0,0,0,0,0,0,0,0,0,0,0,0,0,0,0,0,0,0,0,0,0,0,0,0,0,0,0,0,0,0,0,0,0,0,0,0,0,0,0,0,0,0,0,0,0,0,0,0,0,0,0,0,0,0,0,0,0,0,0,0,0,0,0,0,0,0,0,0,0,0,0,0,0,0,0,0,0,0,0,0,0,0,0,0,0,0,0,0,0,0,0,0,0,0,0,0,0,0,0,0,0,0,0,0,0,0,0,0,0,0,0,0,0,0,0,0,0,0,0,0,0,0,0,0,0,0,0,0,0,0,0,0,35,0.0000000053,0.0000000382
minecraft:mossy_cobblestone_wall,0,0,0,0,0,0,0,0,0,0,0,0,0,0,0,0,0,0,0,0,0,0,0,0,0,0,0,0,0,0,0,0,0,0,0,0,0,0,0,0,0,0,0,0,0,0,0,0,0,0,0,0,0,0,0,0,0,0,0,0,0,0,0,0,0,0,0,0,0,0,0,0,0,0,0,0,0,0,0,0,0,0,0,0,0,0,0,0,0,0,0,0,0,0,0,0,0,0,0,0,0,0,0,0,0,0,0,0,0,0,0,0,0,0,0,0,0,0,0,0,0,0,0,0,0,0,0,0,0,0,0,0,0,0,0,0,0,0,0,0,3,3,1,2,0,1,1,0,7,1,1,3,0,0,0,1,0,0,0,0,1,1,1,1,1,0,0,0,0,0,0,0,0,1,0,0,0,1,0,0,0,0,0,0,1,0,0,0,0,0,0,0,0,0,0,0,0,0,0,0,0,0,0,0,0,0,0,0,0,0,0,0,0,0,0,0,0,0,0,0,0,0,0,0,0,0,0,0,0,0,0,0,0,0,0,0,0,0,0,0,0,0,0,0,0,0,0,0,0,0,0,0,0,0,0,0,0,0,0,0,0,1,0,0,0,0,0,0,0,0,0,0,0,0,0,0,0,0,0,0,0,0,0,0,0,0,0,0,0,0,0,0,0,0,0,0,0,0,0,0,0,0,0,0,0,0,0,0,0,0,0,0,0,0,0,0,0,0,0,0,0,0,0,0,0,0,0,0,0,0,0,0,0,0,0,0,33,0.000000005,0.000000036
minecraft:red_wool,0,0,0,0,0,0,0,0,0,0,0,0,0,0,0,0,0,0,0,0,0,0,0,0,0,0,0,0,0,0,0,0,0,0,0,0,0,0,0,0,0,0,0,0,0,0,0,0,0,0,0,0,0,0,0,0,0,0,0,0,0,0,0,0,0,0,0,0,0,0,0,0,0,0,0,0,0,0,0,0,0,0,0,0,0,0,0,0,0,0,0,0,0,0,0,0,0,0,0,0,0,0,0,0,0,0,0,0,0,0,0,0,0,0,0,0,0,0,0,0,0,0,0,0,0,0,0,0,0,0,0,0,0,0,0,4,8,0,0,8,4,0,0,0,0,0,4,0,0,0,0,0,0,0,0,0,0,0,0,0,0,0,0,0,0,0,0,0,0,0,0,0,0,0,0,0,0,0,0,0,0,0,0,0,0,0,0,0,0,0,0,0,0,0,0,0,0,0,4,0,0,0,0,0,0,0,0,0,0,0,0,0,0,0,0,0,0,0,0,0,0,0,0,0,0,0,0,0,0,0,0,0,0,0,0,0,0,0,0,0,0,0,0,0,0,0,0,0,0,0,0,0,0,0,0,0,0,0,0,0,0,0,0,0,0,0,0,0,0,0,0,0,0,0,0,0,0,0,0,0,0,0,0,0,0,0,0,0,0,0,0,0,0,0,0,0,0,0,0,0,0,0,0,0,0,0,0,0,0,0,0,0,0,0,0,0,0,0,0,0,0,0,0,0,0,0,0,0,0,0,0,0,0,0,0,0,32,0.0000000049,0.0000000349
minecraft:black_carpet,0,0,0,0,0,0,0,0,0,0,0,0,0,0,0,0,0,0,0,0,0,0,0,0,0,0,0,0,0,0,0,0,0,0,0,0,0,0,0,0,0,0,0,0,0,0,0,0,0,0,0,0,0,0,0,0,0,0,0,0,0,0,0,0,0,0,0,0,0,0,0,0,0,0,0,0,0,0,0,0,0,0,0,0,0,0,0,0,0,0,0,0,0,0,0,0,0,0,0,0,0,0,0,0,0,0,0,0,0,0,0,0,0,0,0,0,0,0,0,0,0,0,0,0,0,0,0,0,0,0,0,0,0,0,0,0,4,0,1,1,0,6,0,0,0,2,0,4,0,2,0,0,0,1,0,0,2,0,0,0,0,0,0,0,0,0,0,0,0,0,0,0,0,0,0,0,0,0,0,0,0,0,0,0,0,0,0,0,0,0,0,0,0,0,0,0,0,0,0,4,0,0,0,0,0,0,0,0,0,0,0,0,1,0,0,0,0,0,0,0,0,0,0,0,0,0,0,0,0,0,0,0,0,0,0,0,0,0,0,0,0,0,0,0,0,0,0,0,0,0,0,0,0,0,0,0,0,0,0,0,0,0,0,0,0,0,0,0,0,0,0,0,0,0,0,0,0,0,0,0,0,0,0,0,0,0,0,0,0,0,0,0,0,0,0,0,0,0,0,0,0,0,0,0,0,0,0,0,0,0,0,0,0,0,0,0,0,0,0,0,0,0,0,0,0,0,0,0,0,0,0,0,0,0,0,0,28,0.0000000043,0.0000000306
minecraft:potted_azure_bluet,0,0,0,0,0,0,0,0,0,0,0,0,0,0,0,0,0,0,0,0,0,0,0,0,0,0,0,0,0,0,0,0,0,0,0,0,0,0,0,0,0,0,0,0,0,0,0,0,0,0,0,0,0,0,0,0,0,0,0,0,0,0,0,0,0,0,0,0,0,0,0,0,0,0,0,0,0,0,0,0,0,0,0,0,0,0,0,0,0,0,0,0,0,0,0,0,0,0,0,0,0,0,0,0,0,0,0,0,0,0,0,0,0,0,0,0,0,0,0,0,0,0,0,0,0,0,0,0,2,2,0,0,0,1,0,0,4,3,0,0,1,1,0,0,0,0,0,1,0,0,0,0,1,0,3,0,3,0,0,0,0,0,0,0,0,0,0,0,0,0,0,0,0,0,0,0,0,0,0,0,0,0,0,0,0,0,0,0,0,0,0,2,0,0,0,0,0,0,0,2,0,0,0,0,0,0,0,0,0,0,1,0,0,0,0,0,0,0,0,0,0,0,0,0,0,0,0,0,0,0,0,0,0,0,0,0,0,0,0,0,0,0,0,0,0,0,0,0,0,0,0,0,0,0,0,0,0,0,0,0,0,0,0,0,0,0,0,0,0,0,0,0,0,0,0,0,0,0,0,0,0,0,0,0,0,0,0,0,0,0,0,0,0,0,0,0,0,0,0,0,0,0,0,0,0,0,0,0,0,0,0,0,0,0,0,0,0,0,0,0,0,0,0,0,0,0,0,0,0,0,0,0,0,0,0,0,27,0.0000000041,0.0000000295
minecraft:potted_poppy,0,0,0,0,0,0,0,0,0,0,0,0,0,0,0,0,0,0,0,0,0,0,0,0,0,0,0,0,0,0,0,0,0,0,0,0,0,0,0,0,0,0,0,0,0,0,0,0,0,0,0,0,0,0,0,0,0,0,0,0,0,0,0,0,0,0,0,0,0,0,0,0,0,0,0,0,0,0,0,0,0,0,0,0,0,0,0,0,0,0,0,0,0,0,0,0,0,0,0,0,0,0,0,0,0,0,0,0,0,0,0,0,0,0,0,0,0,0,0,0,0,0,0,0,0,0,0,0,3,1,0,0,0,0,0,1,3,4,0,0,1,1,0,1,0,1,0,4,0,0,0,2,1,0,0,0,1,0,0,0,0,0,0,0,0,0,0,1,0,0,0,0,0,0,0,0,0,0,0,0,0,0,0,0,0,0,0,0,0,0,0,0,0,0,0,0,0,0,0,1,0,0,0,0,0,0,0,0,0,0,0,0,0,0,0,0,0,0,0,0,0,0,0,0,0,0,0,0,0,0,0,0,0,0,0,0,0,0,0,0,0,0,0,0,0,0,0,0,0,0,0,0,0,0,0,0,0,0,0,0,0,0,0,0,0,0,0,0,0,0,0,0,0,0,0,0,0,0,0,0,0,0,0,0,0,0,0,0,0,0,0,0,0,0,0,0,0,0,0,0,0,0,0,0,0,0,0,0,0,0,0,0,0,0,0,0,0,0,0,0,0,0,0,0,0,0,0,0,0,0,0,0,0,0,0,0,26,0.000000004,0.0000000284
minecraft:spruce_pressure_plate,0,0,0,0,0,0,0,0,0,0,0,0,0,0,0,0,0,0,0,0,0,0,0,0,0,0,0,0,0,0,0,0,0,0,0,0,0,0,0,0,0,0,0,0,0,0,0,0,0,0,0,0,0,0,0,0,0,0,0,0,0,0,0,0,0,0,0,0,0,0,0,0,0,0,0,0,0,0,0,0,0,0,0,0,0,0,0,0,0,0,0,0,0,0,0,0,0,0,0,0,0,0,0,0,0,0,0,0,0,0,0,0,0,0,0,0,0,0,0,0,0,0,0,0,0,0,0,0,0,2,0,4,2,1,2,0,0,1,0,2,0,1,0,1,2,0,0,0,0,0,0,2,2,0,0,0,0,0,1,0,0,0,0,0,0,0,0,0,0,0,0,0,0,0,0,0,0,0,0,1,0,0,0,0,0,0,0,0,1,0,0,0,0,0,0,0,0,0,0,0,0,0,0,0,0,0,0,0,0,0,0,0,0,0,0,0,0,0,0,0,0,0,0,0,0,0,0,0,0,0,0,0,0,0,0,0,0,0,0,0,0,0,0,0,0,0,0,0,0,0,0,0,0,0,0,0,0,0,0,0,0,0,0,0,0,0,0,0,0,0,0,0,0,0,0,0,0,0,0,0,0,0,0,0,0,0,0,0,0,0,0,0,0,0,0,0,0,0,0,0,0,0,0,0,0,0,0,0,0,0,0,0,0,0,0,0,0,0,0,0,0,0,0,0,0,0,0,0,0,0,0,0,0,0,0,0,25,0.0000000038,0.0000000273
minecraft:magenta_carpet,0,0,0,0,0,0,0,0,0,0,0,0,0,0,0,0,0,0,0,0,0,0,0,0,0,0,0,0,0,0,0,0,0,0,0,0,0,0,0,0,0,0,0,0,0,0,0,0,0,0,0,0,0,0,0,0,0,0,0,0,0,0,0,0,0,0,0,0,0,0,0,0,0,0,0,0,0,0,0,0,0,0,0,0,0,0,0,0,0,0,0,0,0,0,0,0,0,0,0,0,0,0,0,0,0,0,0,0,0,0,0,0,0,0,0,0,0,0,0,0,0,0,0,0,0,0,0,0,0,0,0,0,0,0,0,0,12,4,0,0,0,0,0,0,0,4,0,0,0,0,0,0,0,0,0,0,0,0,0,0,0,0,0,0,0,0,0,0,0,0,0,0,0,0,0,0,0,0,0,0,0,0,0,0,0,0,0,0,0,0,0,0,0,0,0,0,0,0,0,0,0,0,0,0,0,0,0,0,0,0,0,0,0,0,0,0,0,0,0,0,0,0,0,0,0,0,0,0,0,0,0,0,0,0,0,0,0,0,0,0,0,0,0,0,0,0,0,0,0,0,0,0,0,0,0,0,0,0,0,0,0,0,0,0,0,0,0,0,0,0,0,0,0,0,0,0,0,0,0,0,0,0,0,0,0,0,0,0,0,0,0,0,0,0,0,0,0,0,0,0,0,0,0,0,0,0,0,0,0,0,0,0,0,0,0,0,0,0,0,0,0,0,0,0,0,0,0,0,0,0,0,0,0,0,0,0,20,0.000000003,0.0000000218
minecraft:potted_birch_sapling,0,0,0,0,0,0,0,0,0,0,0,0,0,0,0,0,0,0,0,0,0,0,0,0,0,0,0,0,0,0,0,0,0,0,0,0,0,0,0,0,0,0,0,0,0,0,0,0,0,0,0,0,0,0,0,0,0,0,0,0,0,0,0,0,0,0,0,0,0,0,0,0,0,0,0,0,0,0,0,0,0,0,0,0,0,0,0,0,0,0,0,0,0,0,0,0,0,0,0,0,0,0,0,0,0,0,0,0,0,0,0,0,0,0,0,0,0,0,0,0,0,0,0,0,0,0,0,0,0,0,0,0,0,0,0,0,9,3,0,0,0,0,0,0,0,3,0,2,1,0,0,1,0,0,1,0,0,0,0,0,0,0,0,0,0,0,0,0,0,0,0,0,0,0,0,0,0,0,0,0,0,0,0,0,0,0,0,0,0,0,0,0,0,0,0,0,0,0,0,0,0,0,0,0,0,0,0,0,0,0,0,0,0,0,0,0,0,0,0,0,0,0,0,0,0,0,0,0,0,0,0,0,0,0,0,0,0,0,0,0,0,0,0,0,0,0,0,0,0,0,0,0,0,0,0,0,0,0,0,0,0,0,0,0,0,0,0,0,0,0,0,0,0,0,0,0,0,0,0,0,0,0,0,0,0,0,0,0,0,0,0,0,0,0,0,0,0,0,0,0,0,0,0,0,0,0,0,0,0,0,0,0,0,0,0,0,0,0,0,0,0,0,0,0,0,0,0,0,0,0,0,0,0,0,0,0,20,0.000000003,0.0000000218
minecraft:lime_wool,0,0,0,0,0,0,0,0,0,0,0,0,0,0,0,0,0,0,0,0,0,0,0,0,0,0,0,0,0,0,0,0,0,0,0,0,0,0,0,0,0,0,0,0,0,0,0,0,0,0,0,0,0,0,0,0,0,0,0,0,0,0,0,0,0,0,0,0,0,0,0,0,0,0,0,0,0,0,0,0,0,0,0,0,0,0,0,0,0,0,0,0,0,0,0,0,0,0,0,0,0,0,0,0,0,0,0,0,0,0,0,0,0,0,0,0,0,0,0,0,0,0,0,0,0,0,0,0,0,0,0,0,0,0,0,0,0,0,0,8,0,0,2,0,0,0,0,2,0,2,0,0,0,0,0,0,0,0,0,0,0,0,0,0,0,0,0,0,0,0,0,0,0,0,0,0,0,0,0,0,0,0,0,0,0,0,0,0,0,0,0,0,0,0,0,0,0,0,0,0,0,2,0,0,0,0,0,0,0,0,0,0,2,0,0,0,0,0,0,0,0,0,0,0,0,0,0,0,0,0,0,0,0,0,0,0,0,0,0,0,0,0,0,0,0,0,0,0,0,0,0,0,0,0,0,0,0,0,0,0,0,0,0,0,0,0,0,0,0,0,0,0,0,0,0,0,0,0,0,0,0,0,0,0,0,0,0,0,0,0,0,0,0,0,0,0,0,0,0,0,0,0,0,0,0,0,0,0,0,0,0,0,0,0,0,0,0,0,0,0,0,0,0,0,0,0,0,0,0,0,0,0,0,0,0,0,18,0.0000000027,0.0000000196
minecraft:dark_oak_fence_gate,0,0,0,0,0,0,0,0,0,0,0,0,0,0,0,0,0,0,0,0,0,0,0,0,0,0,0,0,0,0,0,0,0,0,0,0,0,0,0,0,0,0,0,0,0,0,0,0,0,0,0,0,0,0,0,0,0,0,0,0,0,0,0,0,0,0,0,0,0,0,0,0,0,0,0,0,0,0,0,0,0,0,0,0,0,0,0,0,0,0,0,0,0,0,0,0,0,0,0,0,0,0,0,0,0,0,0,0,0,0,0,0,0,0,0,0,0,0,0,0,0,0,0,0,0,0,0,0,0,0,0,0,0,0,0,0,2,2,0,0,0,1,1,2,2,0,0,2,2,0,0,1,2,1,0,0,0,0,0,0,0,0,0,0,0,0,0,0,0,0,0,0,0,0,0,0,0,0,0,0,0,0,0,0,0,0,0,0,0,0,0,0,0,0,0,0,0,0,0,0,0,0,0,0,0,0,0,0,0,0,0,0,0,0,0,0,0,0,0,0,0,0,0,0,0,0,0,0,0,0,0,0,0,0,0,0,0,0,0,0,0,0,0,0,0,0,0,0,0,0,0,0,0,0,0,0,0,0,0,0,0,0,0,0,0,0,0,0,0,0,0,0,0,0,0,0,0,0,0,0,0,0,0,0,0,0,0,0,0,0,0,0,0,0,0,0,0,0,0,0,0,0,0,0,0,0,0,0,0,0,0,0,0,0,0,0,0,0,0,0,0,0,0,0,0,0,0,0,0,0,0,0,0,0,0,0,18,0.0000000027,0.0000000196
minecraft:mossy_cobblestone_slab,0,0,0,0,0,0,0,0,0,0,0,0,0,0,0,0,0,0,0,0,0,0,0,0,0,0,0,0,0,0,0,0,0,0,0,0,0,0,0,0,0,0,0,0,0,0,0,0,0,0,0,0,0,0,0,0,0,0,0,0,0,0,0,0,0,0,0,0,0,0,0,0,0,0,0,0,0,0,0,0,0,0,0,0,0,0,0,0,0,0,0,0,0,0,0,0,0,0,0,0,0,0,0,0,0,0,0,0,0,0,0,0,0,0,0,0,0,0,0,0,0,0,0,0,0,0,0,0,0,2,0,0,0,1,0,1,2,1,0,1,1,2,0,0,0,1,0,1,1,0,0,0,0,0,0,2,0,0,0,0,0,0,0,0,0,0,0,1,0,0,0,0,0,0,0,0,0,0,0,0,0,0,0,0,0,0,0,0,0,0,0,0,0,0,0,0,0,0,0,0,0,0,0,0,0,0,0,0,0,0,0,0,0,0,0,0,0,0,0,0,0,0,0,0,0,0,0,0,0,0,0,0,0,0,0,0,0,0,0,0,0,0,0,0,0,0,0,0,0,0,0,0,0,0,0,0,0,0,0,0,0,0,0,0,0,0,0,0,0,0,0,0,0,0,0,0,0,0,0,0,0,0,0,0,0,0,0,0,0,0,0,0,0,0,0,0,0,0,0,0,0,0,0,0,0,0,0,0,0,0,0,0,0,0,0,0,0,0,0,0,0,0,0,0,0,0,0,0,0,0,0,0,0,0,0,0,17,0.0000000026,0.0000000185
minecraft:potted_blue_orchid,0,0,0,0,0,0,0,0,0,0,0,0,0,0,0,0,0,0,0,0,0,0,0,0,0,0,0,0,0,0,0,0,0,0,0,0,0,0,0,0,0,0,0,0,0,0,0,0,0,0,0,0,0,0,0,0,0,0,0,0,0,0,0,0,0,0,0,0,0,0,0,0,0,0,0,0,0,0,0,0,0,0,0,0,0,0,0,0,0,0,0,0,0,0,0,0,0,0,0,0,0,0,0,0,0,0,0,0,0,0,0,0,0,0,0,0,0,0,0,0,0,0,0,0,0,0,0,0,2,2,0,0,2,1,0,0,0,1,0,0,2,0,0,0,0,0,0,0,0,0,0,0,0,0,0,0,0,0,0,0,0,0,0,0,0,0,0,0,0,0,0,0,0,0,0,0,0,0,0,0,0,0,0,0,0,0,0,0,0,0,0,2,0,0,4,0,0,0,0,0,0,0,0,0,0,0,0,0,0,0,0,0,0,0,0,0,0,0,0,0,0,0,0,0,0,0,0,0,0,0,0,0,0,0,0,0,0,0,0,0,0,0,0,0,0,0,0,0,0,0,0,0,0,0,0,0,0,0,0,0,0,0,0,0,0,0,0,0,0,0,0,0,0,0,0,0,0,0,0,0,0,0,0,0,0,0,0,0,0,0,0,0,0,0,0,0,0,0,0,0,0,0,0,0,0,0,0,0,0,0,0,0,0,0,0,0,0,0,0,0,0,0,0,0,0,0,0,0,0,0,0,0,0,0,0,0,16,0.0000000024,0.0000000175
minecraft:black_wall_banner,0,0,0,0,0,0,0,0,0,0,0,0,0,0,0,0,0,0,0,0,0,0,0,0,0,0,0,0,0,0,0,0,0,0,0,0,0,0,0,0,0,0,0,0,0,0,0,0,0,0,0,0,0,0,0,0,0,0,0,0,0,0,0,0,0,0,0,0,0,0,0,0,0,0,0,0,0,0,0,0,0,0,0,0,0,0,0,0,0,0,0,0,0,0,0,0,0,0,0,0,0,0,0,0,0,0,0,0,0,0,0,0,0,0,0,0,0,0,0,0,0,0,0,0,0,0,0,0,0,0,0,0,0,0,0,0,0,0,0,0,0,0,2,2,0,0,0,0,0,0,0,0,0,4,0,0,0,2,0,0,0,0,0,0,0,0,0,0,0,0,0,0,0,0,0,0,0,0,0,0,0,0,0,0,0,0,0,0,0,0,0,0,0,0,0,0,0,0,0,0,0,0,0,0,0,0,0,0,0,0,0,0,0,0,0,0,2,0,0,0,0,0,0,0,0,0,0,0,0,0,0,0,0,0,0,0,0,0,0,0,0,0,0,0,0,0,0,0,0,0,0,0,0,0,0,0,0,0,0,0,0,0,0,0,0,0,0,0,0,0,0,0,0,0,0,0,0,0,0,0,0,0,0,0,0,0,0,0,0,0,0,0,0,0,0,0,0,0,0,0,0,0,0,0,0,0,0,0,0,0,0,0,0,0,0,0,0,0,0,0,0,0,0,0,0,0,0,0,0,0,0,0,0,0,0,0,12,0.0000000018,0.0000000131
minecraft:light_gray_wall_banner,0,0,0,0,0,0,0,0,0,0,0,0,0,0,0,0,0,0,0,0,0,0,0,0,0,0,0,0,0,0,0,0,0,0,0,0,0,0,0,0,0,0,0,0,0,0,0,0,0,0,0,0,0,0,0,0,0,0,0,0,0,0,0,0,0,0,0,0,0,0,0,0,0,0,0,0,0,0,0,0,0,0,0,0,0,0,0,0,0,0,0,0,0,0,0,0,0,0,0,0,0,0,0,0,0,0,0,0,0,0,0,0,0,0,0,0,0,0,0,0,0,0,0,0,0,0,0,0,0,0,0,0,0,0,0,0,0,0,0,0,0,0,0,0,0,0,0,0,0,0,0,0,4,2,0,0,2,1,0,2,1,0,0,0,0,0,0,0,0,0,0,0,0,0,0,0,0,0,0,0,0,0,0,0,0,0,0,0,0,0,0,0,0,0,0,0,0,0,0,0,0,0,0,0,0,0,0,0,0,0,0,0,0,0,0,0,0,0,0,0,0,0,0,0,0,0,0,0,0,0,0,0,0,0,0,0,0,0,0,0,0,0,0,0,0,0,0,0,0,0,0,0,0,0,0,0,0,0,0,0,0,0,0,0,0,0,0,0,0,0,0,0,0,0,0,0,0,0,0,0,0,0,0,0,0,0,0,0,0,0,0,0,0,0,0,0,0,0,0,0,0,0,0,0,0,0,0,0,0,0,0,0,0,0,0,0,0,0,0,0,0,0,0,0,0,0,0,0,0,0,0,0,0,0,0,0,12,0.0000000018,0.0000000131
minecraft:damaged_anvil,0,0,0,0,0,0,0,0,0,0,0,0,0,0,0,0,0,0,0,0,0,0,0,0,0,0,0,0,0,0,0,0,0,0,0,0,0,0,0,0,0,0,0,0,0,0,0,0,0,0,0,0,0,0,0,0,0,0,0,0,0,0,0,0,0,0,0,0,0,0,0,0,0,0,0,0,0,0,0,0,0,0,0,0,0,0,0,0,0,0,0,0,0,0,0,0,0,0,0,0,0,0,0,0,0,0,0,0,0,0,0,0,0,0,2,0,0,0,0,1,0,0,1,0,0,0,0,0,2,0,0,0,0,1,0,0,0,1,0,0,0,0,0,0,0,1,2,0,0,0,0,0,0,0,0,0,1,0,0,0,0,0,0,0,0,0,0,0,0,0,0,0,0,0,0,0,0,0,0,0,0,0,0,0,0,0,0,0,0,0,0,0,0,0,0,0,0,0,0,0,0,0,0,0,0,0,0,0,0,0,0,0,0,0,0,0,0,0,0,0,0,0,0,0,0,0,0,0,0,0,0,0,0,0,0,0,0,0,0,0,0,0,0,0,0,0,0,0,0,0,0,0,0,0,0,0,0,0,0,0,0,0,0,0,0,0,0,0,0,0,0,0,0,0,0,0,0,0,0,0,0,0,0,0,0,0,0,0,0,0,0,0,0,0,0,0,0,0,0,0,0,0,0,0,0,0,0,0,0,0,0,0,0,0,0,0,0,0,0,0,0,0,0,0,0,0,0,0,0,0,0,0,0,0,0,0,12,0.0000000018,0.0000000131
minecraft:granite_wall,0,0,0,0,0,0,0,0,0,0,0,0,0,0,0,0,0,0,0,0,0,0,0,0,0,0,0,0,0,0,0,0,0,0,0,0,0,0,0,0,0,0,0,0,0,0,0,0,0,0,0,0,0,0,0,0,0,0,0,0,0,0,0,0,0,0,0,0,0,0,0,0,0,0,0,0,0,0,0,0,0,0,0,0,0,0,0,0,0,0,0,0,0,0,0,0,0,0,0,0,0,0,0,0,0,0,0,0,0,0,0,0,0,0,0,0,0,0,0,0,0,0,0,0,0,0,0,0,0,0,0,2,3,1,0,0,0,0,0,1,1,0,0,1,1,0,0,0,0,0,0,0,0,0,0,0,0,0,0,0,0,0,0,0,0,0,0,0,0,0,0,0,0,0,0,0,0,0,0,0,0,0,0,0,0,0,0,0,0,0,0,0,0,0,0,0,0,0,0,0,0,0,0,0,0,0,0,0,0,0,0,0,0,0,0,0,0,0,0,0,0,0,0,0,0,0,0,0,0,0,0,0,0,0,0,0,0,0,0,0,0,0,0,0,0,0,0,0,0,0,0,0,0,0,0,0,0,0,0,0,0,0,0,0,0,0,0,0,0,0,0,0,0,0,0,0,0,0,0,0,0,0,0,0,0,0,0,0,0,0,0,0,0,0,0,0,0,0,0,0,0,0,0,0,0,0,0,0,0,0,0,0,0,0,0,0,0,0,0,0,0,0,0,0,0,0,0,0,0,0,0,0,0,0,0,0,10,0.0000000015,0.0000000109
minecraft:granite_stairs,0,0,0,0,0,0,0,0,0,0,0,0,0,0,0,0,0,0,0,0,0,0,0,0,0,0,0,0,0,0,0,0,0,0,0,0,0,0,0,0,0,0,0,0,0,0,0,0,0,0,0,0,0,0,0,0,0,0,0,0,0,0,0,0,0,0,0,0,0,0,0,0,0,0,0,0,0,0,0,0,0,0,0,0,0,0,0,0,0,0,0,0,0,0,0,0,0,0,0,0,0,0,0,0,0,0,0,0,0,0,0,0,0,0,0,0,0,0,0,0,0,0,0,0,0,0,0,0,0,4,2,0,0,0,0,0,0,2,0,0,0,2,0,0,0,0,0,0,0,0,0,0,0,0,0,0,0,0,0,0,0,0,0,0,0,0,0,0,0,0,0,0,0,0,0,0,0,0,0,0,0,0,0,0,0,0,0,0,0,0,0,0,0,0,0,0,0,0,0,0,0,0,0,0,0,0,0,0,0,0,0,0,0,0,0,0,0,0,0,0,0,0,0,0,0,0,0,0,0,0,0,0,0,0,0,0,0,0,0,0,0,0,0,0,0,0,0,0,0,0,0,0,0,0,0,0,0,0,0,0,0,0,0,0,0,0,0,0,0,0,0,0,0,0,0,0,0,0,0,0,0,0,0,0,0,0,0,0,0,0,0,0,0,0,0,0,0,0,0,0,0,0,0,0,0,0,0,0,0,0,0,0,0,0,0,0,0,0,0,0,0,0,0,0,0,0,0,0,0,0,0,0,0,0,0,0,10,0.0000000015,0.0000000109
minecraft:lapis_block,0,0,0,0,0,0,0,0,0,0,0,0,0,0,0,0,0,0,0,0,0,0,0,0,0,0,0,0,0,0,0,0,0,0,0,0,0,0,0,0,0,0,0,0,0,0,0,0,0,0,0,0,0,0,0,0,0,0,0,0,0,0,0,0,0,0,0,0,0,0,0,0,0,0,0,0,0,0,0,0,0,0,0,0,0,0,0,0,0,0,0,0,0,0,0,0,0,0,0,0,0,0,0,0,0,0,0,0,0,0,0,0,0,0,0,0,0,0,0,0,0,0,0,0,0,0,0,0,0,0,0,2,3,0,0,1,1,0,0,0,0,0,0,0,0,0,0,0,0,0,0,0,0,0,0,0,0,0,0,0,0,0,0,0,0,0,0,0,0,0,0,0,0,0,0,0,0,0,0,0,0,0,0,0,0,0,0,0,0,0,0,0,0,0,1,0,0,0,0,0,0,0,0,0,0,0,0,0,0,0,0,0,0,0,0,0,0,0,0,0,0,0,0,0,0,0,0,0,0,0,0,0,0,0,0,0,0,0,0,0,0,0,0,0,0,0,0,0,0,0,0,0,0,0,0,0,0,0,0,0,0,0,0,0,0,0,0,0,0,0,0,0,0,0,0,0,0,0,0,0,0,0,0,0,0,0,0,0,0,0,0,0,0,0,0,0,0,0,0,0,0,0,0,0,0,0,0,0,0,0,0,0,0,0,0,0,0,0,0,0,0,0,0,0,0,0,0,0,0,0,0,0,0,0,0,0,8,0.0000000012,0.0000000087
minecraft:dead_fire_coral_block,0,0,0,0,0,0,0,0,0,0,0,0,0,0,0,0,0,0,0,0,0,0,0,0,0,0,0,0,0,0,0,0,0,0,0,0,0,0,0,0,0,0,0,0,0,0,0,0,0,0,0,0,0,0,0,0,0,0,0,0,0,0,0,0,0,0,0,0,0,0,0,0,0,0,0,0,0,0,0,0,0,0,0,0,0,0,0,0,1,1,0,2,0,0,0,0,0,0,1,0,0,0,0,0,0,0,0,0,0,0,1,0,0,1,0,0,0,0,0,0,0,0,0,0,0,0,0,0,0,0,0,0,0,0,0,0,0,0,0,0,0,0,0,0,0,0,0,0,0,0,0,0,0,0,0,0,0,0,0,0,0,0,0,0,0,0,0,0,0,0,0,0,0,0,0,0,0,0,0,0,0,0,0,0,0,0,0,0,0,0,0,0,0,0,0,0,0,0,0,0,0,0,0,0,0,0,0,0,0,0,0,0,0,0,0,0,0,0,0,0,0,0,0,0,0,0,0,0,0,0,0,0,0,0,0,0,0,0,0,0,0,0,0,0,0,0,0,0,0,0,0,0,0,0,0,0,0,0,0,0,0,0,0,0,0,0,0,0,0,0,0,0,0,0,0,0,0,0,0,0,0,0,0,0,0,0,0,0,0,0,0,0,0,0,0,0,0,0,0,0,0,0,0,0,0,0,0,0,0,0,0,0,0,0,0,0,0,0,0,0,0,0,0,0,0,0,0,0,0,0,0,0,0,0,0,0,7,0.0000000011,0.0000000076
minecraft:dead_tube_coral_block,0,0,0,0,0,0,0,0,0,0,0,0,0,0,0,0,0,0,0,0,0,0,0,0,0,0,0,0,0,0,0,0,0,0,0,0,0,0,0,0,0,0,0,0,0,0,0,0,0,0,0,0,0,0,0,0,0,0,0,0,0,0,0,0,0,0,0,0,0,0,0,0,0,0,0,0,0,0,0,0,0,0,0,0,0,0,0,0,1,0,0,0,0,0,0,1,0,1,0,0,1,0,0,0,0,0,0,0,0,0,0,0,0,0,0,0,0,0,1,0,0,0,0,0,0,0,0,0,0,0,0,0,0,0,0,0,0,0,0,0,0,0,0,0,0,0,0,0,0,0,0,0,0,0,0,0,0,0,0,0,0,0,0,0,0,0,0,0,0,0,0,0,0,0,0,0,0,0,0,0,0,0,0,0,0,0,0,0,0,0,0,0,0,0,0,0,0,0,0,0,0,0,0,0,0,0,0,0,0,0,0,0,0,0,0,0,0,0,0,0,0,0,0,0,0,0,0,0,0,0,0,0,0,0,0,0,0,0,0,0,0,0,0,0,0,0,0,0,0,0,0,0,0,0,0,0,0,0,0,0,0,0,0,0,0,0,0,0,0,0,0,0,0,0,0,0,0,0,0,0,0,0,0,0,0,0,0,0,0,0,0,0,0,0,0,0,0,0,0,0,0,0,0,0,0,0,0,0,0,0,0,0,0,0,0,0,0,0,0,0,0,0,0,0,0,0,0,0,0,0,0,0,0,0,0,0,5,0.0000000008,0.0000000055
minecraft:dead_bubble_coral_block,0,0,0,0,0,0,0,0,0,0,0,0,0,0,0,0,0,0,0,0,0,0,0,0,0,0,0,0,0,0,0,0,0,0,0,0,0,0,0,0,0,0,0,0,0,0,0,0,0,0,0,0,0,0,0,0,0,0,0,0,0,0,0,0,0,0,0,0,0,0,0,0,0,0,0,0,0,0,0,0,0,0,0,0,0,0,0,0,0,1,0,0,0,0,0,0,0,1,0,0,0,0,0,0,0,0,0,1,0,0,0,0,0,1,1,0,0,0,0,0,0,0,0,0,0,0,0,0,0,0,0,0,0,0,0,0,0,0,0,0,0,0,0,0,0,0,0,0,0,0,0,0,0,0,0,0,0,0,0,0,0,0,0,0,0,0,0,0,0,0,0,0,0,0,0,0,0,0,0,0,0,0,0,0,0,0,0,0,0,0,0,0,0,0,0,0,0,0,0,0,0,0,0,0,0,0,0,0,0,0,0,0,0,0,0,0,0,0,0,0,0,0,0,0,0,0,0,0,0,0,0,0,0,0,0,0,0,0,0,0,0,0,0,0,0,0,0,0,0,0,0,0,0,0,0,0,0,0,0,0,0,0,0,0,0,0,0,0,0,0,0,0,0,0,0,0,0,0,0,0,0,0,0,0,0,0,0,0,0,0,0,0,0,0,0,0,0,0,0,0,0,0,0,0,0,0,0,0,0,0,0,0,0,0,0,0,0,0,0,0,0,0,0,0,0,0,0,0,0,0,0,0,0,0,0,0,5,0.0000000008,0.0000000055
minecraft:dead_horn_coral_block,0,0,0,0,0,0,0,0,0,0,0,0,0,0,0,0,0,0,0,0,0,0,0,0,0,0,0,0,0,0,0,0,0,0,0,0,0,0,0,0,0,0,0,0,0,0,0,0,0,0,0,0,0,0,0,0,0,0,1,0,0,0,0,0,0,0,0,0,0,0,0,0,0,0,0,0,0,0,0,0,0,0,0,0,0,0,1,0,0,0,0,0,0,0,0,0,0,0,0,0,0,0,1,0,0,0,0,0,0,0,0,0,0,1,0,0,0,0,0,0,0,0,0,0,0,0,0,0,0,0,0,0,0,0,0,0,0,0,0,0,0,0,0,0,0,0,0,0,0,0,0,0,0,0,0,0,0,0,0,0,0,0,0,0,0,0,0,0,0,0,0,0,0,0,0,0,0,0,0,0,0,0,0,0,0,0,0,0,0,0,0,0,0,0,0,0,0,0,0,0,0,0,0,0,0,0,0,0,0,0,0,0,0,0,0,0,0,0,0,0,0,0,0,0,0,0,0,0,0,0,0,0,0,0,0,0,0,0,0,0,0,0,0,0,0,0,0,0,0,0,0,0,0,0,0,0,0,0,0,0,0,0,0,0,0,0,0,0,0,0,0,0,0,0,0,0,0,0,0,0,0,0,0,0,0,0,0,0,0,0,0,0,0,0,0,0,0,0,0,0,0,0,0,0,0,0,0,0,0,0,0,0,0,0,0,0,0,0,0,0,0,0,0,0,0,0,0,0,0,0,0,0,0,0,0,0,4,0.0000000006,0.0000000044
minecraft:dead_brain_coral_block,0,0,0,0,0,0,0,0,0,0,0,0,0,0,0,0,0,0,0,0,0,0,0,0,0,0,0,0,0,0,0,0,0,0,0,0,0,0,0,0,0,0,0,0,0,0,0,0,0,0,0,0,0,0,0,0,0,0,0,0,0,0,0,0,0,0,0,0,0,0,0,0,0,0,0,0,0,0,0,0,0,0,0,0,0,0,0,0,1,0,0,1,0,0,1,0,0,0,0,0,0,0,0,0,0,0,0,0,0,0,0,0,0,0,0,1,0,0,0,0,0,0,0,0,0,0,0,0,0,0,0,0,0,0,0,0,0,0,0,0,0,0,0,0,0,0,0,0,0,0,0,0,0,0,0,0,0,0,0,0,0,0,0,0,0,0,0,0,0,0,0,0,0,0,0,0,0,0,0,0,0,0,0,0,0,0,0,0,0,0,0,0,0,0,0,0,0,0,0,0,0,0,0,0,0,0,0,0,0,0,0,0,0,0,0,0,0,0,0,0,0,0,0,0,0,0,0,0,0,0,0,0,0,0,0,0,0,0,0,0,0,0,0,0,0,0,0,0,0,0,0,0,0,0,0,0,0,0,0,0,0,0,0,0,0,0,0,0,0,0,0,0,0,0,0,0,0,0,0,0,0,0,0,0,0,0,0,0,0,0,0,0,0,0,0,0,0,0,0,0,0,0,0,0,0,0,0,0,0,0,0,0,0,0,0,0,0,0,0,0,0,0,0,0,0,0,0,0,0,0,0,0,0,0,0,0,4,0.0000000006,0.0000000044
minecraft:gray_wall_banner,0,0,0,0,0,0,0,0,0,0,0,0,0,0,0,0,0,0,0,0,0,0,0,0,0,0,0,0,0,0,0,0,0,0,0,0,0,0,0,0,0,0,0,0,0,0,0,0,0,0,0,0,0,0,0,0,0,0,0,0,0,0,0,0,0,0,0,0,0,0,0,0,0,0,0,0,0,0,0,0,0,0,0,0,0,0,0,0,0,0,0,0,0,0,0,0,0,0,0,0,0,0,0,0,0,0,0,0,0,0,0,0,0,0,0,0,0,0,0,0,0,0,0,0,0,0,0,0,0,0,1,0,0,0,1,0,0,0,0,1,0,0,0,0,0,0,0,0,0,0,0,0,0,0,0,0,0,0,0,0,0,0,0,0,0,0,0,0,0,0,0,0,0,0,0,0,0,0,0,0,0,0,0,0,0,0,0,0,0,0,0,0,0,0,0,0,0,0,0,0,0,0,0,0,0,0,0,0,0,0,0,0,0,0,0,0,0,0,0,0,0,0,0,0,0,0,0,0,0,0,0,0,0,0,0,0,0,0,0,0,0,0,0,0,0,0,0,0,0,0,0,0,0,0,0,0,0,0,0,0,0,0,0,0,0,0,0,0,0,0,0,0,0,0,0,0,0,0,0,0,0,0,0,0,0,0,0,0,0,0,0,0,0,0,0,0,0,0,0,0,0,0,0,0,0,0,0,0,0,0,0,0,0,0,0,0,0,0,0,0,0,0,0,0,0,0,0,0,0,0,0,0,0,0,0,0,3,0.0000000005,0.0000000033
minecraft:diamond_block,0,0,0,0,0,0,0,0,0,0,0,0,0,0,0,0,0,0,0,0,0,0,0,0,0,0,0,0,0,0,0,0,0,0,0,0,0,0,0,0,0,0,0,0,0,0,0,0,0,0,0,0,0,0,0,0,0,0,0,0,0,0,0,0,0,0,0,0,0,0,0,0,0,0,0,0,0,0,0,0,0,0,0,0,0,0,0,0,0,0,0,0,0,0,0,0,0,0,0,0,0,0,0,0,0,0,0,0,0,0,0,0,0,0,0,0,0,0,0,0,0,0,0,0,0,0,0,0,0,0,0,0,0,0,0,0,0,0,0,0,0,1,0,0,0,0,0,0,0,0,0,0,0,0,0,0,0,0,1,0,0,0,0,0,0,0,0,0,0,0,0,0,0,0,0,0,0,0,0,0,0,0,0,0,0,0,0,0,0,0,0,0,0,0,0,0,0,0,0,0,0,0,0,0,0,0,0,0,0,0,0,0,0,0,0,0,0,0,0,0,0,0,0,0,0,0,0,0,0,0,0,0,0,0,0,0,0,0,0,0,0,0,0,0,0,0,0,0,0,0,0,0,0,0,0,0,0,0,0,0,0,0,0,0,0,0,0,0,0,0,0,0,0,0,0,0,0,0,0,0,0,0,0,0,0,0,0,0,0,0,0,0,0,0,0,0,0,0,0,0,0,0,0,0,0,0,0,0,0,0,0,0,0,0,0,0,0,0,0,0,0,0,0,0,0,0,0,0,0,0,0,0,0,0,0,0,2,0.0000000003,0.0000000022
minecraft:exposed_copper,0,0,0,0,0,0,0,0,0,0,0,0,0,0,0,0,0,0,0,0,0,0,0,0,0,0,0,0,0,0,0,0,0,0,0,0,0,0,0,0,0,0,0,1,0,0,0,0,0,0,0,0,0,0,0,0,0,0,0,0,0,0,1,0,0,0,0,0,0,0,0,0,0,0,0,0,0,0,0,0,0,0,0,0,0,0,0,0,0,0,0,0,0,0,0,0,0,0,0,0,0,0,0,0,0,0,0,0,0,0,0,0,0,0,0,0,0,0,0,0,0,0,0,0,0,0,0,0,0,0,0,0,0,0,0,0,0,0,0,0,0,0,0,0,0,0,0,0,0,0,0,0,0,0,0,0,0,0,0,0,0,0,0,0,0,0,0,0,0,0,0,0,0,0,0,0,0,0,0,0,0,0,0,0,0,0,0,0,0,0,0,0,0,0,0,0,0,0,0,0,0,0,0,0,0,0,0,0,0,0,0,0,0,0,0,0,0,0,0,0,0,0,0,0,0,0,0,0,0,0,0,0,0,0,0,0,0,0,0,0,0,0,0,0,0,0,0,0,0,0,0,0,0,0,0,0,0,0,0,0,0,0,0,0,0,0,0,0,0,0,0,0,0,0,0,0,0,0,0,0,0,0,0,0,0,0,0,0,0,0,0,0,0,0,0,0,0,0,0,0,0,0,0,0,0,0,0,0,0,0,0,0,0,0,0,0,0,0,0,0,0,0,0,0,0,0,0,0,0,0,0,0,0,0,0,0,2,0.0000000003,0.0000000022
